"","Kingdom","Phylum","Class","Order","Family","Genus","Species"
"34018731a44c2b7b307d25c7693d02d6","d__Eukaryota","Platyhelminthes","Rhabditophora","Lecithoepitheliata","Lecithoepitheliata","Lecithoepitheliata","Geocentrophora_sp."
"a83475e69a1b7407e66b906877dae83e","d__Eukaryota","Platyhelminthes","Rhabditophora","Lecithoepitheliata","Lecithoepitheliata","Lecithoepitheliata","Geocentrophora_sp."
"501ac33089d62ff3787e7aa1db7213ea","d__Eukaryota","Phragmoplastophyta","Embryophyta","Magnoliophyta","Magnoliophyta","Magnoliophyta",NA
"3878b37b0d612ecd7542a4e6612df0e0","d__Eukaryota","Diatomea",NA,NA,NA,NA,NA
"3ef78055927802d0f2e2f07a9a57850c","d__Eukaryota","Ascomycota","Dothideomycetes","Capnodiales",NA,NA,NA
"c0a4934010fd1aa59d6babb40dd7f630","d__Bacteria","Verrucomicrobiota","Verrucomicrobiae","Pedosphaerales","Pedosphaeraceae","Pedosphaera","Pedosphaera_parvula"
"aecc5918fd8dc2b6ec5115c02e519e22","d__Eukaryota","Diatomea",NA,NA,NA,NA,NA
"e1b1ede819104b16f8ed41b4bb7f43f7","d__Eukaryota","Diatomea",NA,NA,NA,NA,NA
"b37b8bc6c4a02bda91142937cdfc6b90","d__Bacteria","Verrucomicrobiota","Verrucomicrobiae","Pedosphaerales","Pedosphaeraceae","Pedosphaera","Pedosphaera_parvula"
"1a25e823a5619e74a82f6c502fee92db","d__Eukaryota","Apicomplexa","Conoidasida","Gregarinasina","Eugregarinorida","Ascogregarina",NA
"f6f1052c83f13300bd49d5385d3f5287","d__Eukaryota",NA,NA,NA,NA,NA,NA
"9e607d3e8dcf0e08451166fed423ccfe","d__Bacteria","Verrucomicrobiota","Verrucomicrobiae","Opitutales","Opitutaceae",NA,NA
"73c1c0199ce1c8272d3d63cf9d689ed6","d__Bacteria","Proteobacteria","Alphaproteobacteria",NA,NA,NA,NA
"3a786296ccd1963cc7671ca9506be318","d__Eukaryota","Platyhelminthes","Rhabditophora",NA,NA,NA,NA
"a9301f416d77311f67271d101af65fdc","d__Bacteria","Proteobacteria","Alphaproteobacteria","Sphingomonadales","Sphingomonadaceae",NA,NA
"949a5a04270714e92a4bbded79dc2cc9","d__Eukaryota","Gastrotricha","Gastrotricha","Chaetonotida","Chaetonotida","Chaetonotida","uncultured_eukaryote"
"edfb424ca01aa2cbf657a35849379ba2","d__Bacteria","Proteobacteria","Alphaproteobacteria","Sphingomonadales","Sphingomonadaceae",NA,NA
"9c1ebd73953e090f2bb17e567b078913","d__Bacteria","Proteobacteria","Alphaproteobacteria","Sphingomonadales","Sphingomonadaceae",NA,NA
"93523ec30e7cc551a0abad9077af9921","d__Eukaryota","Apicomplexa","Conoidasida","Gregarinasina","Eugregarinorida","Ascogregarina",NA
"cec14987f76c1c7ee7c1ce23a10822bb","d__Eukaryota","Diatomea",NA,NA,NA,NA,NA
"e74745a0b989ac76b64dca4eaca17e1e","d__Bacteria","Proteobacteria","Alphaproteobacteria","Sphingomonadales","Sphingomonadaceae",NA,NA
"28ad14dca051359ffd03014e719e9cd8","d__Bacteria","Proteobacteria","Gammaproteobacteria",NA,NA,NA,NA
"fd3a8425d9bb2c32943dbcb47d8a23bb","d__Eukaryota","Diatomea",NA,NA,NA,NA,NA
"b459a7138b2fa346b463fa4b166ba6a4","d__Eukaryota","Chlorophyta","Ulvophyceae","Ulvophyceae","Ulvophyceae","Ulvophyceae",NA
"57a1a42a831609e9ab81ab897c224433","d__Eukaryota","Diatomea","Bacillariophyceae","Bacillariophyceae","Bacillariophyceae","Gomphonema",NA
"ef09bf89410ff8bea3fbfa758a6d5cca","d__Bacteria","Planctomycetota","Planctomycetes","Planctomycetales","Schlesneriaceae","Schlesneria","uncultured_bacterium"
"6b59b243ee31a9e998b3e5374a231f79","d__Bacteria","Verrucomicrobiota","Verrucomicrobiae","Chthoniobacterales",NA,NA,NA
"5a3bb45001a0e4d68de4c03e6c874d7c","d__Bacteria","Proteobacteria","Alphaproteobacteria","Sphingomonadales","Sphingomonadaceae",NA,NA
"31de9da85fc9bc3caf2628c94e57f54b","d__Eukaryota","Apicomplexa","Conoidasida","Gregarinasina","Eugregarinorida","Ascogregarina",NA
"810d388b3f3670b38bf88b2e9de23b0e","d__Bacteria","Proteobacteria","Alphaproteobacteria","Sphingomonadales","Sphingomonadaceae",NA,NA
"c765846fff12a2fe7b4fd776dd821b6f","d__Bacteria","Proteobacteria","Gammaproteobacteria",NA,NA,NA,NA
"356a3df91fcf5477a26010c15156695a","d__Eukaryota","Ascomycota","Dothideomycetes","Capnodiales",NA,NA,NA
"4e09782b0c0f8186c7405c1f23d071d6","d__Bacteria","Planctomycetota","Planctomycetes","Planctomycetales","Schlesneriaceae","Schlesneria","uncultured_bacterium"
"6aed2390de9fbea2cbd10f706eca8352","d__Eukaryota","Diatomea",NA,NA,NA,NA,NA
"eb7ab50a9350589ef7135a7902c3b56d","d__Eukaryota","Cercozoa","Thecofilosea","Cryomonadida","Rhizaspididae","Rhogostoma","invertebrate_environmental"
"c6b619196ce46e188162e7383c34bb54","d__Eukaryota","Vertebrata","Mammalia","Mammalia","Mammalia","Mammalia",NA
"cb6129f86fb8626fe960499435dbd788","d__Eukaryota","Ochrophyta","Chrysophyceae","Chrysophyceae","Chrysophyceae","Chrysophyceae",NA
"5374efda03dff0f56b9ef06de0d46404","d__Bacteria","Planctomycetota","Planctomycetes","Planctomycetales","Schlesneriaceae","Schlesneria","uncultured_bacterium"
"c05299eac0561e48f69e7032f733603c","d__Bacteria","Verrucomicrobiota","Verrucomicrobiae","Pedosphaerales","Pedosphaeraceae","DEV114","uncultured_Crater"
"a98b168e57f51c076b85bcc8faf9edd0","d__Bacteria","Proteobacteria","Alphaproteobacteria","Sphingomonadales","Sphingomonadaceae",NA,NA
"c261d8858c7c1a2dd670277ba5842b9a","d__Bacteria","Proteobacteria","Alphaproteobacteria","Rhizobiales",NA,NA,NA
"651f03b5a8d26912329705b2351f98d5","d__Eukaryota","Diatomea",NA,NA,NA,NA,NA
"0947a987761b8d565260b2e079266192","d__Bacteria","Proteobacteria","Alphaproteobacteria","Sphingomonadales","Sphingomonadaceae",NA,NA
"f85331f30ceaa0af343e1c5d77c584da","d__Eukaryota","Ascomycota","Dothideomycetes","Capnodiales",NA,NA,NA
"1c82304bcc3e21ebab9e4a3d57560f13","d__Eukaryota","Diatomea",NA,NA,NA,NA,NA
"a1071998f16bf362054c6bb72d1671f5","d__Bacteria","Verrucomicrobiota","Verrucomicrobiae","Opitutales","Opitutaceae",NA,NA
"03c029cd240d66e5ba2166259b481381","d__Eukaryota",NA,NA,NA,NA,NA,NA
"fcd5a37af34ca126bd5115bb7d9b70be","d__Bacteria","Proteobacteria","Alphaproteobacteria","Sphingomonadales","Sphingomonadaceae",NA,NA
"4f57280dcca3ce578c82140dd7aa3375","d__Bacteria","Verrucomicrobiota","Verrucomicrobiae","Verrucomicrobiales","Verrucomicrobiaceae","Prosthecobacter","Prosthecobacter_vanneervenii"
"fe9ec649fca1830689324540665f137f","d__Eukaryota","Arthropoda","Insecta","Plecoptera","Plecoptera","Plecoptera","Bolotoperla_rossi"
"fe9c2ebb07c5b0dfb3cb2599351008cb","d__Bacteria","Planctomycetota","Planctomycetes","Isosphaerales","Isosphaeraceae","uncultured","uncultured_bacterium"
"5a49bf5d0729d064bf182199c33f73a4","d__Bacteria","Proteobacteria","Alphaproteobacteria","Sphingomonadales","Sphingomonadaceae",NA,NA
"20c8c8b93faf646f4146eeba74d73269","d__Eukaryota","Chlorophyta","Chlorophyceae","Sphaeropleales","Sphaeropleales","Mychonastes","uncultured_Chlorophyta"
"65ef353257ef1a4f1dcda2898bcc2760","d__Eukaryota","Diatomea","Bacillariophyceae","Bacillariophyceae","Bacillariophyceae","Gomphonema",NA
"6f1a5db3ddac2d052328451ad96334e4","d__Eukaryota","Apicomplexa","Conoidasida","Gregarinasina","Eugregarinorida","Ascogregarina",NA
"2c98a52240e6ea580afa7983777174dc","d__Eukaryota","Diatomea","Bacillariophyceae","Bacillariophyceae","Bacillariophyceae","Sellaphora",NA
"f307d1da0ffcab2164c468cef55815ab","d__Eukaryota",NA,NA,NA,NA,NA,NA
"8bd51dc6a3839b6de05a62323847e4a8","d__Eukaryota","Ascomycota","Leotiomycetes",NA,NA,NA,NA
"ced0ad763119145a3af9146db62eea17","d__Bacteria","Verrucomicrobiota","Verrucomicrobiae","Opitutales","Opitutaceae",NA,NA
"f0aabab39e4ab499c8908cfc0f5c0581","d__Bacteria","Proteobacteria","Alphaproteobacteria",NA,NA,NA,NA
"65d28c4e7af349f26ff6efc7285537da","d__Eukaryota","Ascomycota","Dothideomycetes","Capnodiales",NA,NA,NA
"a4172ae561aeb9f4c6672424004a6518","d__Bacteria","Planctomycetota","Planctomycetes","Isosphaerales","Isosphaeraceae","uncultured","uncultured_bacterium"
"8568f69945fdc0aacabd5d54862fe593","d__Bacteria","Desulfobacterota","Desulfuromonadia","Geobacterales","Geobacteraceae","Geotalea",NA
"0682473dc7d1949da648b6d0f4dd3c82","d__Bacteria","Proteobacteria","Gammaproteobacteria","Burkholderiales",NA,NA,NA
"459ec061d7472aff985e4bbaf26d4b1f","d__Bacteria","Proteobacteria","Gammaproteobacteria",NA,NA,NA,NA
"05ce97dec00d649cff1326c8b1b6446c","d__Eukaryota","Diatomea","Bacillariophyceae","Bacillariophyceae","Bacillariophyceae","Gomphonema",NA
"46ca8702f3128d2382b08ed8866826be","d__Eukaryota",NA,NA,NA,NA,NA,NA
"f65ed4629d96d1fb498494b5c107ca8d","d__Eukaryota","Diatomea","Bacillariophyceae","Bacillariophyceae","Bacillariophyceae","Encyonema","uncultured_Encyonema"
"7144e52e18ab0c31e9b849c789d80111","d__Bacteria","Planctomycetota","Planctomycetes","Isosphaerales","Isosphaeraceae","uncultured","uncultured_bacterium"
"8c6fb6d3694a66d29f1a77e2b1ab44a1","d__Bacteria","Proteobacteria","Alphaproteobacteria","Sphingomonadales","Sphingomonadaceae",NA,NA
"f4a99d51913edeeba959082b8acd1e04","d__Eukaryota","Chlorophyta","Chlorophyceae","Chlorophyceae","Chlorophyceae","Chlorophyceae",NA
"6f8568f05411f1c2ecb31d499df43b99","d__Bacteria","Proteobacteria","Gammaproteobacteria","Burkholderiales",NA,NA,NA
"ee941562bd1221a5a3e03cd72d4edd76","d__Bacteria","Verrucomicrobiota","Verrucomicrobiae","Verrucomicrobiales","Rubritaleaceae","Luteolibacter","uncultured_Crater"
"667bc3c909fac358b72a3eb51a0b3708","d__Eukaryota","Annelida","Clitellata","Haplotaxida","Haplotaxida","Haplotaxida","Stylaria_sp."
"de747969d9271c40cbe5773268fda76b","d__Bacteria","Proteobacteria","Alphaproteobacteria","Sphingomonadales","Sphingomonadaceae",NA,NA
"380dbe691264185219c80347cf5d5745","d__Bacteria","Proteobacteria","Alphaproteobacteria","Sphingomonadales","Sphingomonadaceae",NA,NA
"a3da99c83c706b8b9592019fdceb729d","d__Eukaryota","Diatomea","Bacillariophyceae","Bacillariophyceae","Bacillariophyceae","Encyonema","uncultured_Encyonema"
"83974f11dc27d21cb362ed4621ede8e2","d__Bacteria","Verrucomicrobiota","Verrucomicrobiae","Opitutales","Opitutaceae",NA,NA
"fa3109a45c2ef061b9283da4ce7ad4c9","d__Bacteria","Desulfobacterota","Desulfuromonadia","Desulfuromonadia","Desulfuromonadaceae",NA,NA
"0df1ab7d86a339160ca2b4cf06ae38bb","d__Eukaryota","Diatomea","Bacillariophyceae","Bacillariophyceae","Bacillariophyceae","Encyonema","uncultured_Encyonema"
"756e0c2a539214bb3c12cc3400bf45f5","d__Bacteria","Proteobacteria","Alphaproteobacteria","Sphingomonadales","Sphingomonadaceae",NA,NA
"e2ab8a6b08f8b99bca765763ee9b0d40","d__Bacteria","Proteobacteria","Alphaproteobacteria","Sphingomonadales","Sphingomonadaceae",NA,NA
"4c86fd72656ecf960a238e872b91be0f","d__Eukaryota","Ascomycota","Leotiomycetes",NA,NA,NA,NA
"05f7e35ddb7be504ef63fb216701b723","d__Bacteria","Planctomycetota","OM190","OM190","OM190","OM190","uncultured_Crater"
"b22f23f5de0806d9d25bd9392cebb4d9","d__Bacteria","Proteobacteria","Alphaproteobacteria","Rhizobiales",NA,NA,NA
"00060c549b249500e9b9f857a7e2eaaa","d__Bacteria","Planctomycetota","Planctomycetes","Planctomycetales","Rubinisphaeraceae","uncultured","uncultured_sludge"
"ba98d6847821b938ad707e74fc5f9336","d__Bacteria","Proteobacteria","Alphaproteobacteria","Sphingomonadales","Sphingomonadaceae",NA,NA
"8a54dcb199e1d21e7208983af5b47caf","d__Bacteria","Proteobacteria","Alphaproteobacteria","Sphingomonadales","Sphingomonadaceae",NA,NA
"4d550fc8b424015625850a5e8ab1a58a","d__Bacteria","Verrucomicrobiota",NA,NA,NA,NA,NA
"110822bbf0709fd20bd2b39c0ff01492","d__Eukaryota","Nematozoa","Chromadorea","Monhysterida","Monhysterida","Monhysterida","Tridentulus_sp."
"d398a3cdb5bd77aa1ad2064133151963","d__Bacteria","Proteobacteria","Alphaproteobacteria","Rhizobiales","Rhizobiales_Incertae_Sedis","uncultured","uncultured_Alphaproteobacteria"
"41f1249f95505fe0ba47a0b9f22bbfa5","d__Eukaryota","Platyhelminthes","Rhabditophora",NA,NA,NA,NA
"f7bdde3f07f7ee15c1fde09bfac94a0e","d__Eukaryota","Apicomplexa","Conoidasida","Gregarinasina","Eugregarinorida","Ascogregarina",NA
"c83f07becec41dc1f7adc383b7ea617e","d__Eukaryota","Apicomplexa","Conoidasida","Gregarinasina","Eugregarinorida","Ascogregarina",NA
"e578e7b22331edfc1681c5b946b8b8c4","d__Eukaryota","Ochrophyta","Chrysophyceae","Chrysophyceae","Chrysophyceae","Chrysophyceae","Hydrurus_foetidus"
"1c8143679550ec7ddfa23586d2c96cc8","d__Bacteria","Proteobacteria","Alphaproteobacteria","Sphingomonadales","Sphingomonadaceae",NA,NA
"240a513c2dce9e4c3f8b7b9ce96d364a","d__Eukaryota","Apicomplexa","Conoidasida","Gregarinasina","Eugregarinorida","Ascogregarina",NA
"cdb80b2559e0cdb77c2a244971a09bb3","d__Bacteria","Proteobacteria","Gammaproteobacteria",NA,NA,NA,NA
"12d00af5dab9b23ea2c3cb36ae33d62d","d__Eukaryota","Ascomycota","Dothideomycetes","Capnodiales",NA,NA,NA
"352acb66476114838096b3bd31541924","d__Eukaryota","Diatomea","Bacillariophyceae","Bacillariophyceae","Bacillariophyceae","Gomphonema",NA
"54a66ddd1b9e2858bec35192456e0426","d__Bacteria","Verrucomicrobiota","Verrucomicrobiae","Opitutales","Opitutaceae",NA,NA
"3fcf29abf6d4cf0c64709f4d43b7311c","d__Bacteria","Proteobacteria","Alphaproteobacteria","Sphingomonadales","Sphingomonadaceae",NA,NA
"1d06cc9ce27a823d74bb37790f3f7fb3","d__Eukaryota","Chytridiomycota","Chytridiomycetes","Chytridiales","Incertae_Sedis","Incertae_Sedis","uncultured_Chytridiomycota"
"dc12d0ffb5e401ef30462a9528072bb2","d__Bacteria","Planctomycetota","Planctomycetes","Pirellulales","Pirellulaceae","Pirellula","Pirellula_sp."
"85456f92476b43cec8fbfb2c095cb168","d__Bacteria","Verrucomicrobiota","Verrucomicrobiae","Opitutales","Opitutaceae",NA,NA
"7fdfca3e0d68efa8b491fb249855e2d3","d__Eukaryota","Chlorophyta","Chlorophyceae","Sphaeropleales","Sphaeropleales","Mychonastes","uncultured_Chlorophyta"
"af6abaa826f375f330fbe66ac9f32e1b","d__Eukaryota","Centrohelida","Centrohelida","Centrohelida",NA,NA,NA
"b07980b7685d66267bf8bbbe843cdddb","d__Bacteria","Proteobacteria","Alphaproteobacteria","Sphingomonadales","Sphingomonadaceae","Sphingobium",NA
"df59034d1b2e63c0806925d55ee44dcc","d__Eukaryota","Ascomycota","Dothideomycetes","Capnodiales",NA,NA,NA
"720d32d1cda7ff3c58adb38e8dd92e3a","d__Eukaryota","Ciliophora","Intramacronucleata","Conthreep","Oligohymenophorea","Peritrichia","Ophrydium_versatile"
"0c565ec88289c7c3778e17f1c0d5da45","d__Eukaryota","Diatomea","Bacillariophyceae","Bacillariophyceae","Bacillariophyceae","Gomphonema",NA
"551b64f089c2b5aa8909f513b7ed4ac9","d__Eukaryota","Diatomea","Bacillariophyceae","Bacillariophyceae","Bacillariophyceae",NA,NA
"84f3bf9204f57d950978d766699831a0","d__Bacteria","Proteobacteria","Alphaproteobacteria",NA,NA,NA,NA
"4c5b92d1abcd18df3f8137846eb67087","d__Eukaryota","Cercozoa","Thecofilosea","Cryomonadida","Rhizaspididae","Rhogostoma","uncultured_freshwater"
"61f42efebffeb812196624948ea47b4e","d__Bacteria","Proteobacteria","Alphaproteobacteria","Rhizobiales","Devosiaceae",NA,NA
"fed7190db2184d5513659f6e65aa8db8","d__Eukaryota","Diatomea","Bacillariophyceae","Bacillariophyceae","Bacillariophyceae","Sellaphora",NA
"a1704e4d1e31f5c97829248fda05f383","d__Bacteria","Proteobacteria","Gammaproteobacteria","Burkholderiales",NA,NA,NA
"c1d59bb1b6008287d9f094e8f8f791b9","d__Bacteria","Proteobacteria","Alphaproteobacteria","Rhodobacterales","Rhodobacteraceae",NA,NA
"ba160fc6d36c9262d157389511c6b40d","d__Bacteria","Proteobacteria","Alphaproteobacteria","Sphingomonadales","Sphingomonadaceae",NA,NA
"60159a94ce05c9fb889c1e2020fe4a94","d__Bacteria","Verrucomicrobiota","Verrucomicrobiae","Opitutales","Opitutaceae",NA,NA
"bec0b04ceb6952f5f2fa16f9c382ed22","d__Bacteria","Verrucomicrobiota","Verrucomicrobiae","Verrucomicrobiales","Verrucomicrobiaceae","Prosthecobacter","Prosthecobacter_vanneervenii"
"56916f13eed3dbb84b1974b996e229f0","d__Bacteria","Proteobacteria","Alphaproteobacteria","Sphingomonadales","Sphingomonadaceae",NA,NA
"d4792baea74f163a8c19ece4a0840380","d__Bacteria","Proteobacteria","Alphaproteobacteria","Sphingomonadales","Sphingomonadaceae",NA,NA
"a640501c6c5f7e0ac70ea746313e919d","d__Eukaryota","Ascomycota","Dothideomycetes","Capnodiales",NA,NA,NA
"052d63ba7fe7356206731200ffd51f07","d__Bacteria","Proteobacteria","Alphaproteobacteria","Sphingomonadales","Sphingomonadaceae",NA,NA
"6a75b92c13e628694c11435063785dde","d__Bacteria","Proteobacteria","Alphaproteobacteria","Rhizobiales",NA,NA,NA
"2a58cfe7f06d858e20d714df8eff9047","d__Bacteria","Verrucomicrobiota",NA,NA,NA,NA,NA
"52c47fb1fcfdc2702bc7edc71deb40a4","d__Bacteria","Proteobacteria","Alphaproteobacteria",NA,NA,NA,NA
"8725bc63af1f64da050dac15b38f8c13","d__Bacteria","Proteobacteria","Alphaproteobacteria","Sphingomonadales","Sphingomonadaceae",NA,NA
"904f7011bcbe3198f3b9702a4567689a","d__Bacteria","Proteobacteria","Alphaproteobacteria","Rhizobiales","Rhizobiales_Incertae_Sedis","uncultured","uncultured_Alphaproteobacteria"
"4163b624f715f991c19cb29238be0fba","d__Bacteria","Myxococcota","Polyangia","Polyangiales",NA,NA,NA
"6e0a7977d50551e5faa642c48a1cd821","d__Bacteria","Proteobacteria","Alphaproteobacteria","Sphingomonadales","Sphingomonadaceae",NA,NA
"1a10b137e4cf1437fb80a50bf951c82f","d__Eukaryota","Diatomea","Bacillariophyceae","Bacillariophyceae","Bacillariophyceae","Sellaphora",NA
"ccc720a3e12bb96378801466c449705a","d__Eukaryota","Chlorophyta","Chlorophyceae","Sphaeropleales","Sphaeropleales","Mychonastes",NA
"229786b1bbd01f61b5014283cc550e39","d__Bacteria","Verrucomicrobiota","Verrucomicrobiae","Opitutales","Opitutaceae",NA,NA
"44191422388d87cad597b6aafc748528","d__Eukaryota","Diatomea","Bacillariophyceae","Bacillariophyceae","Bacillariophyceae","Sellaphora",NA
"643f02f56465a4931f8d41600764bb22","d__Bacteria","Proteobacteria","Alphaproteobacteria","Rhodobacterales","Rhodobacteraceae",NA,NA
"3a44e4b05a7f60c0a0f6a751f8326e20","d__Eukaryota","Gastrotricha","Gastrotricha","Chaetonotida","Chaetonotida","Chaetonotida","uncultured_eukaryote"
"ed7d68e41fd36cb96dd8ea5e2095456c","d__Bacteria","Proteobacteria","Alphaproteobacteria","Sphingomonadales","Sphingomonadaceae",NA,NA
"8cb50a0243f0f60285b9154c76ebfa41","d__Bacteria","Planctomycetota","Planctomycetes","Isosphaerales","Isosphaeraceae","uncultured","uncultured_bacterium"
"e07b36d1756357d3b91f392607807169","d__Eukaryota","Arthropoda",NA,NA,NA,NA,NA
"c803aecf333b07319f00472e21551e2b","d__Eukaryota","Ascomycota","Leotiomycetes","Helotiales","Helotiaceae","Helotiaceae","Helotiales_sp."
"ca740287010205d70a67eb634133ec64","d__Bacteria","Bdellovibrionota","Oligoflexia","0319-6G20","0319-6G20","0319-6G20","Bdellovibrionales_bacterium"
"97127c3b9571461d5069bb6e5150a165","d__Bacteria","Proteobacteria","Alphaproteobacteria","Rhizobiales","Rhizobiales_Incertae_Sedis","uncultured","uncultured_Alphaproteobacteria"
"40a9fa11c97f6a7c1e6c99657a368bf8","d__Eukaryota","Incertae_Sedis","Incertae_Sedis","Incertae_Sedis","Incertae_Sedis","Telonema","uncultured_marine"
"b0bf5302cdb815c07c540228cde88576","d__Bacteria","Planctomycetota","Planctomycetes","Isosphaerales","Isosphaeraceae","uncultured","uncultured_bacterium"
"900bb499915ea01e1a70aa712031d251","d__Eukaryota","Diatomea","Bacillariophyceae","Bacillariophyceae","Bacillariophyceae","Gomphonema",NA
"f4cc9b6384b6e852e2f0d40c07049bbb","d__Bacteria","Proteobacteria","Alphaproteobacteria","Rhizobiales",NA,NA,NA
"421a564f03f1040a4a8b72043ef48caf","d__Bacteria","Proteobacteria","Alphaproteobacteria","Sphingomonadales","Sphingomonadaceae",NA,NA
"1e342b39b85e1ff4594acad43f953dfe","d__Bacteria","Planctomycetota","Planctomycetes","Isosphaerales","Isosphaeraceae","uncultured","uncultured_bacterium"
"0e15aa11b27d5c8b5cd8abcf2788be16","d__Bacteria","Proteobacteria","Alphaproteobacteria","Caulobacterales","Caulobacteraceae","Phenylobacterium",NA
"59c87c4f92e4b72cec45b9528bd859dd","d__Eukaryota","Basidiomycota","Agaricomycetes","Agaricales",NA,NA,NA
"262b7beacb90bc35f02ae3c9284330a3","d__Bacteria","Myxococcota","Polyangia","Haliangiales","Haliangiaceae","Haliangium","uncultured_sludge"
"046d9d07ae58a5d87f53dee0a80b3223","d__Bacteria",NA,NA,NA,NA,NA,NA
"e5dc441cff2cfb36c5cb9302eac1f9da","d__Eukaryota","Diatomea",NA,NA,NA,NA,NA
"91475d69165a1007c8f0743bcad9a27d","d__Bacteria","Planctomycetota","Planctomycetes","Planctomycetales","Schlesneriaceae","Schlesneria","uncultured_bacterium"
"dc595bb58c5ebb8ed1f831c315d592dd","d__Eukaryota","Diatomea","Bacillariophyceae","Bacillariophyceae","Bacillariophyceae","Sellaphora",NA
"2bf1e9925a64d6574ab0749d3f14438c","d__Bacteria","Proteobacteria","Alphaproteobacteria","Rhizobiales",NA,NA,NA
"4adb738137c53cb635edf6527d6aef1e","d__Bacteria","Planctomycetota","Planctomycetes","Pirellulales","Pirellulaceae","Pirellula","Pirellula_sp."
"3e28891b70e7bf5f498f1fa7a0241cb2","d__Eukaryota",NA,NA,NA,NA,NA,NA
"09e9edd783f033fec3884994c8231be2","d__Eukaryota","Ciliophora","Intramacronucleata","Conthreep","Oligohymenophorea","Peritrichia","Ophrydium_versatile"
"6448eb10f4a4722493a0f48901392751","d__Eukaryota","Chlorophyta","Chlorophyceae","Chlorophyceae","Chlorophyceae","Chlorophyceae",NA
"96b3cc3f4222c53fe07773f0cdd5185d","d__Bacteria",NA,NA,NA,NA,NA,NA
"68d92950a8c1b410268916052ba30350","d__Bacteria","Proteobacteria","Alphaproteobacteria","Rhizobiales","Rhizobiaceae","Allorhizobium-Neorhizobium-Pararhizobium-Rhizobium",NA
"3696ec8ffae70bb1c0cd720558163a03","d__Eukaryota","Diatomea","Bacillariophyceae","Bacillariophyceae","Bacillariophyceae","Sellaphora",NA
"3e326eafb4468728820946e7271d5189","d__Bacteria","Planctomycetota","Planctomycetes","Isosphaerales","Isosphaeraceae","uncultured","uncultured_bacterium"
"2fdba344924d145ef0940b1bb2c49cbd","d__Bacteria","Proteobacteria","Gammaproteobacteria",NA,NA,NA,NA
"dd4d90a08b1674958449c9251535bb87","d__Bacteria","Verrucomicrobiota","Verrucomicrobiae","Verrucomicrobiales","Verrucomicrobiaceae",NA,NA
"5098a63213b693b1ae21518d55f10e2e","d__Eukaryota","Cercozoa","Glissomonadida","Glissomonadida","Glissomonadida","uncultured","metagenome"
"456db65a287e64f859bef9fb96619402","d__Bacteria","Proteobacteria","Alphaproteobacteria","Rhizobiales","Rhizobiales_Incertae_Sedis","uncultured","uncultured_Alphaproteobacteria"
"c58e9ed71f7e2830297b1e5036c31fab","d__Eukaryota","Gastrotricha","Gastrotricha","Chaetonotida","Chaetonotida","Chaetonotida","Halichaetonotus_schromi"
"5ed151984f8c61a41b739e682a2fab87","d__Eukaryota","Ochrophyta","Chrysophyceae","Chrysophyceae","Chrysophyceae","Chrysophyceae","Hydrurus_foetidus"
"27890135790bdcef900a2f531568a179","d__Bacteria","Proteobacteria","Alphaproteobacteria","Sphingomonadales","Sphingomonadaceae",NA,NA
"9b5cfb363a32d911499aa1fdfdad9c04","d__Bacteria","Desulfobacterota","Desulfuromonadia","Geobacterales","Geobacteraceae","Geotalea",NA
"bcea5587df4b14c88227cc20392cd8e3","d__Eukaryota","Ochrophyta","Chrysophyceae","Chrysophyceae","Chrysophyceae","Chrysophyceae",NA
"02892a338733f49157f82b7a5c1d04d8","d__Eukaryota","Ciliophora","Postciliodesmatophora","Heterotrichea","Heterotrichea","Stentor","Stentor_roeselii"
"82e1b6128192329213d47d21fec90334","d__Eukaryota","Ochrophyta","Chrysophyceae","Chrysophyceae","Chrysophyceae","Chrysophyceae",NA
"b7ee19bb90dd226cbd04501c709b778c","d__Bacteria","Myxococcota","Polyangia","Haliangiales","Haliangiaceae","Haliangium","uncultured_sludge"
"1b662232120aa5e86eb21a4c77db0076","d__Eukaryota","Diatomea","Bacillariophyceae","Bacillariophyceae","Bacillariophyceae","Gomphonema",NA
"86b71db3cbfd2a61a30ec61af54c9053","d__Eukaryota",NA,NA,NA,NA,NA,NA
"6db5eeb800b6214c506a9c0032d7cddc","d__Eukaryota","Diatomea","Bacillariophyceae","Bacillariophyceae","Bacillariophyceae","Sellaphora",NA
"874040df3e148ab0d786c17ba3a61643","d__Bacteria","Proteobacteria","Alphaproteobacteria","Rhodobacterales","Rhodobacteraceae",NA,NA
"2e504b54fa091b51ed422eeae555588c","d__Eukaryota","Diatomea","Bacillariophyceae","Bacillariophyceae","Bacillariophyceae","Encyonema","uncultured_Encyonema"
"fcf9d83b993b3b344c0bd0818f7b376a","d__Bacteria","Proteobacteria","Alphaproteobacteria","Sphingomonadales","Sphingomonadaceae",NA,NA
"0d4068a5a0941b83e0a0a9f5e7f2409e","d__Bacteria","Planctomycetota","Planctomycetes","Isosphaerales","Isosphaeraceae","uncultured","uncultured_bacterium"
"c617f0c48033f63674bf0127c3038d92","d__Eukaryota","Diatomea","Bacillariophyceae","Bacillariophyceae","Bacillariophyceae","Sellaphora",NA
"d2242e9c141882df9145fd0741f59cf0","d__Eukaryota","Ciliophora","Intramacronucleata","Litostomatea",NA,NA,NA
"1598633bc9c610579363f90ab48d03df","d__Eukaryota","Ascomycota","Saccharomycetes","Saccharomycetales","Debaryomycetaceae",NA,NA
"f247f95d4cba3850e771faaaebb5097a","d__Bacteria","Proteobacteria","Alphaproteobacteria","Rhodobacterales","Rhodobacteraceae",NA,NA
"deda746b530b4439943f0f227865f190","d__Bacteria","Proteobacteria","Alphaproteobacteria","Rhizobiales",NA,NA,NA
"4c60889ff89c367027a4e925cc9dd2a1","d__Bacteria","Proteobacteria","Alphaproteobacteria",NA,NA,NA,NA
"9f3914b0a211910505afa3cbe2fb5319","d__Eukaryota","Diatomea","Bacillariophyceae","Bacillariophyceae","Bacillariophyceae","Sellaphora",NA
"54b9f30506b67fe01b1118c0c03c8afa","d__Eukaryota","Gastrotricha","Gastrotricha","Chaetonotida","Chaetonotida","Chaetonotida","uncultured_eukaryote"
"69d7af8adb56a14e604bf32667092755","d__Eukaryota","Chlorophyta","Ulvophyceae","Ulvophyceae","Ulvophyceae","Ulvophyceae","Hazenia_basiliensis"
"c5e4aaa5553ff868839a4df68e200151","d__Eukaryota","Diatomea","Bacillariophyceae","Bacillariophyceae","Bacillariophyceae","Gomphonema",NA
"fef8d2fc3a943cea2e6f3c8656268918","d__Eukaryota",NA,NA,NA,NA,NA,NA
"7274a7ee1031f7da88755a1a5b2f4e5b","d__Bacteria","Proteobacteria","Alphaproteobacteria","Rhodospirillales","Magnetospirillaceae",NA,NA
"5666618342919149cf0972a6ed611e4a","d__Eukaryota",NA,NA,NA,NA,NA,NA
"ca1ed7317030c72ab61979380079ae5b","d__Bacteria","Proteobacteria","Alphaproteobacteria","Sphingomonadales","Sphingomonadaceae",NA,NA
"847f99a9c4f409e2f39d73cab69dc2ec","d__Bacteria","Proteobacteria","Alphaproteobacteria","Rhodobacterales","Rhodobacteraceae","Tabrizicola","Rhodobacteraceae_bacterium"
"c256d8b9bffc46c99cba83bc47392739","d__Bacteria","Proteobacteria","Gammaproteobacteria","Burkholderiales",NA,NA,NA
"1736bd618e00af726b78f50c66b384a3","d__Eukaryota","Phragmoplastophyta","Embryophyta",NA,NA,NA,NA
"f6248d899683e4fdeef35d5eef03252e","d__Bacteria","Verrucomicrobiota","Verrucomicrobiae","Verrucomicrobiales","Rubritaleaceae","Luteolibacter","uncultured_Crater"
"69426ec46134617cb2c7e48c792b83c0","d__Eukaryota",NA,NA,NA,NA,NA,NA
"9a05e074e05f84953748205f6d42aec0","d__Bacteria","Proteobacteria","Alphaproteobacteria","Rhodobacterales","Rhodobacteraceae","Tabrizicola","Rhodobacteraceae_bacterium"
"7c9fe6b51800b727c7ea179af7e320d6","d__Eukaryota","Diatomea","Bacillariophyceae","Bacillariophyceae","Bacillariophyceae","Gomphonema",NA
"b39fe26c5ad0a2ce9ca75812b611cc7b","d__Eukaryota","Ciliophora","Intramacronucleata","Litostomatea","Haptoria",NA,NA
"641d2230e481c3c91b0818ccd6a4c622","d__Eukaryota","Phragmoplastophyta","Embryophyta","Magnoliophyta","Magnoliophyta","Magnoliophyta",NA
"a889e6e5168140ddd6f02eaa2400f4bf","d__Eukaryota","Euglenozoa","Kinetoplastea",NA,NA,NA,NA
"be478af9006aeec31aafe512aa421805","d__Eukaryota","Chlorophyta","Chlorophyceae","Chlorophyceae","Chlorophyceae","Chlorophyceae",NA
"92cd8092dab7bae83a2286998939dc0d","d__Bacteria","Proteobacteria","Alphaproteobacteria","Rhodobacterales","Rhodobacteraceae","Rhodobacter","uncultured_Alphaproteobacteria"
"a03922fda32f19195b6fea6f7b203678","d__Bacteria","Myxococcota","Polyangia","Haliangiales","Haliangiaceae","Haliangium","uncultured_sludge"
"27b957110ddaa01cf323411e2cc3105b","d__Bacteria","Proteobacteria","Alphaproteobacteria","Reyranellales","Reyranellaceae","Reyranella","Reyranella_sp."
"3157d2b6d1ccd8c71f0791bb1b9d9c85","d__Eukaryota","Ascomycota","Leotiomycetes","Helotiales","Helotiaceae","Helotiaceae","Helotiales_sp."
"e1bcd03873d0794e96eec7af8cf86ca3","d__Bacteria","Proteobacteria","Alphaproteobacteria","Sphingomonadales","Sphingomonadaceae",NA,NA
"586e55364c4994086d913f12050828f1","d__Eukaryota","Ascomycota","Dothideomycetes","Pleosporales","Incertae_Sedis","Pleiochaeta",NA
"0b27e9d44490b4ffbddbc91cddb9759c","d__Bacteria","Proteobacteria","Alphaproteobacteria","Rhodobacterales","Rhodobacteraceae",NA,NA
"4e21a521600cf8963b56a7cfacc1e111","d__Bacteria","Proteobacteria","Alphaproteobacteria","Sphingomonadales","Sphingomonadaceae",NA,NA
"25020a91adc1695e6352281e0acaac84","d__Eukaryota",NA,NA,NA,NA,NA,NA
"297f360be53657d6781f5a2fb1f69e98","d__Eukaryota","Phragmoplastophyta","Embryophyta","Magnoliophyta","Magnoliophyta","Magnoliophyta",NA
"ff660bfdcbc068433f72f513c2fc9152","d__Bacteria","Verrucomicrobiota","Verrucomicrobiae","Pedosphaerales","Pedosphaeraceae",NA,NA
"8765923c04ddc6df9439306685508c25","d__Bacteria","Proteobacteria","Alphaproteobacteria","Sphingomonadales","Sphingomonadaceae",NA,NA
"7e12e66b48bd3d418d6f9a0ebcc44cec","d__Bacteria","Proteobacteria","Alphaproteobacteria","Sphingomonadales","Sphingomonadaceae",NA,NA
"7eaa5877e419034a09dd0740c1b406c6","d__Eukaryota","Diatomea",NA,NA,NA,NA,NA
"4efce74fff828f229989233589a82bf6","Unassigned",NA,NA,NA,NA,NA,NA
"b51b2e23066c144a0ecd8ecc5952d766","d__Bacteria","Planctomycetota","Planctomycetes","Isosphaerales","Isosphaeraceae","uncultured","uncultured_bacterium"
"6fc0da237cd9f605233454cf4370db5d","d__Bacteria","Verrucomicrobiota","Verrucomicrobiae","Verrucomicrobiales","Verrucomicrobiaceae","Prosthecobacter","Prosthecobacter_vanneervenii"
"3fd8e9a1a92e2ea55809cff1916525b9","d__Eukaryota","Diatomea","Bacillariophyceae","Bacillariophyceae","Bacillariophyceae",NA,NA
"3d78c7afc07a158632a8c216fab23e62","d__Bacteria","Proteobacteria","Gammaproteobacteria","Burkholderiales",NA,NA,NA
"1ad2f08cb099942382c1561c3a43ea56","d__Eukaryota","Ciliophora","Intramacronucleata","Litostomatea","Haptoria","Haptoria","Dileptus_sp."
"14dd84126ce5ea6d053661a0c87c8fc9","d__Bacteria","Proteobacteria","Alphaproteobacteria","Rhizobiales",NA,NA,NA
"e88fa8d9696e376a1a285fd17db058e5","d__Eukaryota",NA,NA,NA,NA,NA,NA
"a29f59f6329b6f1c84415d48916090c6","d__Eukaryota","Ciliophora","Intramacronucleata","Spirotrichea","Choreotrichia",NA,NA
"60681d41c0f59477f763dba5647500a4","d__Eukaryota","Ciliophora","Intramacronucleata","Litostomatea","Haptoria",NA,NA
"d40c0303ac8904678d54a574619f15a7","d__Eukaryota","Ascomycota","Dothideomycetes","Capnodiales",NA,NA,NA
"1d09ce3b733faeef452219d5c1c7a0e1","d__Bacteria","Myxococcota","Polyangia","Polyangiales","Polyangiaceae","Polyangium","uncultured_bacterium"
"56cb4cbc65893bda08c10b6d869f0b95","d__Eukaryota","Ascomycota",NA,NA,NA,NA,NA
"138e7290ea7c30c223d4d96299079b40","d__Eukaryota","Vertebrata","Mammalia","Mammalia","Mammalia","Mammalia",NA
"bde441684be7a99345fedb0d3fbc6716","d__Bacteria","Bdellovibrionota","Bdellovibrionia","Bdellovibrionales","Bdellovibrionaceae","Bdellovibrio","Bdellovibrio_exovorus"
"167cb5e5bef9078c551c8c9b439e493e","d__Bacteria","Gemmatimonadota","Gemmatimonadetes","Gemmatimonadales","Gemmatimonadaceae","Gemmatimonas","Gemmatimonas_aurantiaca"
"9f4ee1f9998ba873c4eb2aceef05557d","d__Eukaryota","Diatomea","Bacillariophyceae","Bacillariophyceae","Bacillariophyceae","Encyonema","uncultured_Encyonema"
"99f2e75639d42969339fd6adfa6a234e","d__Eukaryota","Gastrotricha","Gastrotricha","Chaetonotida","Chaetonotida","Chaetonotida","uncultured_eukaryote"
"b3aaa5c4e66d314c39997e428c6b7c0b","d__Eukaryota","Diatomea","Bacillariophyceae","Bacillariophyceae","Bacillariophyceae","Sellaphora",NA
"f9466f902f5d76e6efd19efc32be15e4","d__Eukaryota","Ascomycota","Eurotiomycetes","Eurotiales","Aspergillaceae","Aspergillus",NA
"4fec921ff2e8027bcaab2d2e72d490e4","d__Eukaryota","Diatomea","Bacillariophyceae","Bacillariophyceae","Bacillariophyceae","Sellaphora",NA
"a2b5684407f8911eee73865f9c354a31","d__Bacteria","Verrucomicrobiota","Verrucomicrobiae","Verrucomicrobiales","Verrucomicrobiaceae","Prosthecobacter","Prosthecobacter_vanneervenii"
"77977b6aabbc2a9c3171f77cef44ba6b","d__Bacteria","Proteobacteria","Alphaproteobacteria","Sphingomonadales","Sphingomonadaceae",NA,NA
"c519aa8dca96ed80bb2e32c1196f7c85","d__Eukaryota","Vertebrata","Mammalia","Mammalia","Mammalia","Mammalia",NA
"25fce07600911a0c71a64025f1425f9b","d__Eukaryota","Ciliophora","Postciliodesmatophora","Heterotrichea","Heterotrichea","Stentor","Stentor_roeselii"
"697ce3036b06dce3dd32e34566da2b63","d__Eukaryota","Diatomea","Bacillariophyceae","Bacillariophyceae","Bacillariophyceae","Gomphonema",NA
"52a15c0e5e5dd9ac906668f30e015ff3","d__Eukaryota","Ciliophora","Intramacronucleata","Conthreep","Phyllopharyngea","Tokophrya","Tokophrya_huangmeiensis"
"d1a7062b96b95b5396b70756c36055ee","d__Bacteria","Proteobacteria","Alphaproteobacteria","Rhizobiales","Devosiaceae",NA,NA
"38e876440a3448255b69a4a10cc72af3","d__Bacteria","Proteobacteria","Gammaproteobacteria","Burkholderiales",NA,NA,NA
"c4b31199fed9f9def0baa7b15a39a302","d__Eukaryota","Diatomea","Bacillariophyceae","Bacillariophyceae","Bacillariophyceae",NA,NA
"5ee81d2dc43e2e83e6a64a1ba0927c90","d__Eukaryota","Ciliophora","Intramacronucleata","Conthreep","Oligohymenophorea",NA,NA
"33447478c5b6e0f8a541ca9f43c81200","d__Eukaryota","Centrohelida","Centrohelida","Centrohelida","Acanthocystidae","Pterocystis",NA
"cfa27a9d55b05309576254610eb8a827","d__Bacteria","Planctomycetota","Planctomycetes","Isosphaerales","Isosphaeraceae","uncultured","uncultured_bacterium"
"d7fc201d990b799a6199484ed1d8cc71","d__Eukaryota",NA,NA,NA,NA,NA,NA
"2a83ef6261e1cf58df0e63f0003b75e9","d__Bacteria","Proteobacteria","Alphaproteobacteria","Sphingomonadales","Sphingomonadaceae",NA,NA
"d75ce078cdcb8632a3a14e8c35737b61","d__Bacteria","Verrucomicrobiota","Verrucomicrobiae","Opitutales",NA,NA,NA
"160a4104e335e01c78de94444870c04c","d__Eukaryota","Cercozoa","Glissomonadida","Glissomonadida","Glissomonadida","uncultured","metagenome"
"ef015ff04531f517abd67f8a32af797f","d__Eukaryota","Ochrophyta","Chrysophyceae","Chrysophyceae","Chrysophyceae","Chrysophyceae","uncultured_Hydrurus"
"038e97e8cf7de181469b329e4f1caa04","d__Bacteria",NA,NA,NA,NA,NA,NA
"0c4a2bfd519fa4bdb2d3e28cb815e73a","d__Eukaryota","Ascomycota","Leotiomycetes",NA,NA,NA,NA
"023e402eb4f5eb7787071dd804ec739c","d__Bacteria","Nitrospirota","Nitrospiria","Nitrospirales","Nitrospiraceae","Nitrospira","Nitrospira_japonica"
"98cf1ed92d4eb90508a6e214ae08bf18","d__Eukaryota","Platyhelminthes","Rhabditophora","Tricladida","Continenticola","Continenticola","Polycelis_nigra"
"9d7cf89260d4d7ccff23e0e8aa51d6d3","d__Bacteria",NA,NA,NA,NA,NA,NA
"ea1edc26dae16ac030b951b8ea06e7d9","d__Eukaryota","Ascomycota","Leotiomycetes","Helotiales",NA,NA,NA
"1f313cd36c601b99d82b462669d9d117","d__Eukaryota","Gastrotricha","Gastrotricha","Chaetonotida","Chaetonotida","Chaetonotida","uncultured_eukaryote"
"7d8a9d76cff3a9434e04b575ecc532d3","d__Bacteria","Proteobacteria","Alphaproteobacteria","Rhizobiales",NA,NA,NA
"3cc29c67672b86880d18ceee5d65e606","d__Eukaryota","Centrohelida","Centrohelida","Centrohelida",NA,NA,NA
"dc724f18fff564f6c9b589e02678cbbe","d__Eukaryota","Ciliophora","Intramacronucleata","Litostomatea",NA,NA,NA
"79061e87c0835eb274a13d32cbd0f491","d__Eukaryota","Platyhelminthes","Rhabditophora","Tricladida","Continenticola","Continenticola","Schmidtea_polychroa"
"a8ecf0c6acad6ad7d10742a32eb75c03","d__Bacteria","Proteobacteria","Alphaproteobacteria","Rhodobacterales","Rhodobacteraceae","Rhodobacter","uncultured_Alphaproteobacteria"
"782f32d29be351a583280a8e52d729e8","d__Eukaryota","Vertebrata","Mammalia","Mammalia","Mammalia","Mammalia",NA
"9ef5630838c748402ee612273c8bca2a","d__Eukaryota","Rotifera","Bdelloidea","Adinetida","Adinetida","Adinetida",NA
"dd8fbaec05074f64a798915b0d8f01c9","d__Bacteria","Proteobacteria","Alphaproteobacteria","Sphingomonadales","Sphingomonadaceae",NA,NA
"86bf32ea4a58e0fd95df65ad7eacaf3f","d__Bacteria","Proteobacteria","Alphaproteobacteria",NA,NA,NA,NA
"a56b2c49a34b5129fcbee9827a096631","d__Bacteria","Proteobacteria","Alphaproteobacteria","Sphingomonadales","Sphingomonadaceae",NA,NA
"e303e5417aa3fb292440e15eb502e5a1","d__Eukaryota","Ciliophora","Intramacronucleata","Litostomatea",NA,NA,NA
"7b9718677f08fc9d54b74bab36882ffb","d__Eukaryota","Ciliophora","Intramacronucleata","Litostomatea",NA,NA,NA
"60c10ae0a55edfa16835fdfa48581f82","d__Bacteria","Proteobacteria","Gammaproteobacteria","Burkholderiales","B1-7BS","B1-7BS","uncultured_bacterium"
"8745407da036bb2eabdb22df3246118c","d__Eukaryota","Apicomplexa","Conoidasida",NA,NA,NA,NA
"04806b8330546883430f7da66955b585","d__Eukaryota","Ciliophora","Intramacronucleata","Conthreep","Oligohymenophorea","Scuticociliatia","uncultured_ciliate"
"b2c1c355971bc270b73439ef6f76a033","d__Bacteria","Planctomycetota","Planctomycetes","Isosphaerales","Isosphaeraceae","uncultured","uncultured_bacterium"
"c926bebb0d808cbd9de05253143aa1f5","d__Eukaryota","Ascomycota","Dothideomycetes","Pleosporales",NA,NA,NA
"dfdc44f5d6cafd3ae6e714d32f0053e4","d__Eukaryota","Cryptomycota","LKM11","LKM11","LKM11","LKM11","invertebrate_environmental"
"3e5f855b4d64698398d5bfbf532321d1","d__Eukaryota","Arthropoda","Insecta","Ephemeroptera","Ephemeroptera","Ephemeroptera",NA
"d2da08abf25f21ad483e8c45bc48bfa5","d__Bacteria","Proteobacteria","Alphaproteobacteria","Sphingomonadales","Sphingomonadaceae",NA,NA
"8b2c6e3445583ad40e5da8e1b4969cce","d__Eukaryota","Diatomea","Bacillariophyceae","Bacillariophyceae","Bacillariophyceae","Gomphonema",NA
"52d2f3ed01ce13e9c458050f6d1cd8ac","d__Bacteria","Proteobacteria","Alphaproteobacteria","Rhodobacterales","Rhodobacteraceae",NA,NA
"da9c0a8037f9a211d44856bc527d048e","Unassigned",NA,NA,NA,NA,NA,NA
"e0633d41e3c1d3a49c2077b04aa21479","d__Eukaryota",NA,NA,NA,NA,NA,NA
"62071bc1cec725e787dd9fb50a3abcc6","d__Eukaryota","Ciliophora","Intramacronucleata","Conthreep","Phyllopharyngea","Tokophrya",NA
"10ebbcc136c37ae86e40d1735a0053a9","d__Bacteria","Bdellovibrionota","Bdellovibrionia","Bdellovibrionales","Bdellovibrionaceae","Bdellovibrio","Bdellovibrio_exovorus"
"390d3eb2da8055ed88895b4769d0e3f7","d__Eukaryota","Chlorophyta","Chlorophyceae","Sphaeropleales","Sphaeropleales","Mychonastes","uncultured_Chlorophyta"
"a151e8224754c2b8339d235ec8cd8c97","d__Eukaryota","Euglenozoa","Kinetoplastea",NA,NA,NA,NA
"3af218890fbddd9c764a548e053845b6","d__Bacteria","Proteobacteria","Alphaproteobacteria","Rhodobacterales","Rhodobacteraceae","Tabrizicola","Rhodobacteraceae_bacterium"
"464605de82109e8d4ef3ac699625297a","d__Eukaryota","Diatomea","Bacillariophyceae","Bacillariophyceae","Bacillariophyceae","Sellaphora",NA
"45833f5068f55d390d20ca5082ee78cd","d__Eukaryota","Chlorophyta","Chlorophyceae","Sphaeropleales","Sphaeropleales","Mychonastes","uncultured_Chlorophyta"
"8db1efb9892dccf72d731653e022a726","d__Eukaryota","Nematozoa","Chromadorea","Monhysterida","Monhysterida","Monhysterida","Tridentulus_sp."
"621fedf211c16495d5453db173126018","d__Eukaryota","Ciliophora","Postciliodesmatophora","Heterotrichea","Heterotrichea","Stentor","Stentor_roeselii"
"a563f581cc74bb6ca6781a044098d5d6","d__Bacteria","Planctomycetota","Planctomycetes","Pirellulales","Pirellulaceae","Pirellula","Pirellula_sp."
"f974f08d36592cf0016136f89a7b3282","d__Bacteria","Verrucomicrobiota","Verrucomicrobiae","Opitutales","Opitutaceae",NA,NA
"427b4364b06f1e4ace5cfb0ca5cd17b6","d__Eukaryota",NA,NA,NA,NA,NA,NA
"99e2daa0d4c7863124969c9991000837","d__Bacteria","Nitrospirota","Nitrospiria","Nitrospirales","Nitrospiraceae","Nitrospira","Nitrospira_japonica"
"d808be29304862bf408083d6a6ca674b","d__Eukaryota","Diatomea","Bacillariophyceae","Bacillariophyceae","Bacillariophyceae","Sellaphora",NA
"e46f40100314687e86311a7532eb47d4","d__Bacteria","Planctomycetota","Planctomycetes","Pirellulales","Pirellulaceae","Pirellula","Pirellula_sp."
"23a3bf94fdb29405e3fd719538645375","d__Eukaryota","Rotifera","Bdelloidea","Adinetida","Adinetida","Adinetida",NA
"f34afa708ef9ddf5c6dbcee0bb0838c4","d__Bacteria","Proteobacteria","Alphaproteobacteria","Rhodobacterales","Rhodobacteraceae",NA,NA
"52543f80b74102c0db96cffa999ade98","d__Eukaryota","Cercozoa","Glissomonadida","Glissomonadida","Glissomonadida","uncultured","metagenome"
"060bbc73646112e4391e539581bb6778","d__Eukaryota","Ascomycota","Leotiomycetes",NA,NA,NA,NA
"ac130a87e48f91c02ff63628abafab70","d__Eukaryota","Diatomea","Bacillariophyceae","Bacillariophyceae","Bacillariophyceae",NA,NA
"f39601a03b448cbe30505346d28eb974","d__Eukaryota","Ascomycota","Dothideomycetes","Capnodiales",NA,NA,NA
"89fe9313350442c96cc6f881676d6dff","d__Bacteria","Proteobacteria","Alphaproteobacteria","Sphingomonadales","Sphingomonadaceae",NA,NA
"dd3465d13b557293c538be306baa0a7e","d__Eukaryota","Chytridiomycota","Chytridiomycetes","Rhizophydiales","Rhizophydiales","Rhizophydiales","uncultured_Chytridiomycota"
"6f99f1932dc32a309644d8ceadebac4c","d__Eukaryota","Diatomea",NA,NA,NA,NA,NA
"25779046695f3d45918d7a9f3ddb16dc","Unassigned",NA,NA,NA,NA,NA,NA
"cf43c25a3c9707c8d01e0335247ff2ae","d__Bacteria","Desulfobacterota","Desulfuromonadia","Geobacterales","Geobacteraceae",NA,NA
"7be9f6ec041b569266b729876520cf68","d__Bacteria","Planctomycetota","Planctomycetes","Pirellulales","Pirellulaceae","Pirellula","Pirellula_sp."
"e436209d2d2e41b312a552b6d7d0d7a5","d__Eukaryota","Diatomea","Bacillariophyceae","Bacillariophyceae","Bacillariophyceae",NA,NA
"ed6c6a552e71f1d897b8de418d6af108","d__Bacteria","Proteobacteria","Gammaproteobacteria","Acidiferrobacterales","Acidiferrobacteraceae","Sulfurifustis",NA
"b5b994bf814fb4503ea084c2a0f84bc6","d__Eukaryota","Euglenozoa","Kinetoplastea","Neobodonida","Neobodonida","Neobodonida","Rhynchobodo_sp."
"8cfdf79b73c365e23a37891f235cb11d","Unassigned",NA,NA,NA,NA,NA,NA
"2c8e60d6a315b471dc6c8b626577b15c","d__Eukaryota","Ciliophora","Intramacronucleata","Conthreep","Prostomatea","Prorodon","Prorodon_teres"
"dcc783eff36db141d831769ba1c98ae9","d__Bacteria","Verrucomicrobiota","Verrucomicrobiae","Pedosphaerales","Pedosphaeraceae",NA,NA
"ac5b4309c17ef912f81df3c8aaa12ec3","d__Eukaryota","Rotifera","Bdelloidea","Adinetida","Adinetida","Adinetida",NA
"05dd56df985941829c015ef3bd8dc362","d__Eukaryota","Ciliophora","Intramacronucleata","Spirotrichea","Hypotrichia","Hypotrichia","Pseudonotohymena_antarctica"
"377f9dfdf52ef6f0dca8829b2ed1eca5","d__Bacteria","Planctomycetota","Planctomycetes","Planctomycetales","Schlesneriaceae","Schlesneria","uncultured_bacterium"
"b5e7baf37bd2b12dc3814bc561ea7990","d__Eukaryota","Euglenozoa","Kinetoplastea","Neobodonida","Neobodonida","Rhynchomonas","Thalassiosira_rotula"
"1678edf7a40929966cf805192abeddfc","d__Bacteria","Proteobacteria","Alphaproteobacteria","Sphingomonadales","Sphingomonadaceae",NA,NA
"ba52527e4da2eeb1426f7210e3a016f7","d__Eukaryota","Euglenozoa","Kinetoplastea","Neobodonida","Neobodonida","Neobodonida","Rhynchobodo_sp."
"f3ba882a19759000a10f369cf899403a","d__Eukaryota","Vertebrata",NA,NA,NA,NA,NA
"d4d8f7ff359148ae150912868f59c66a","Unassigned",NA,NA,NA,NA,NA,NA
"e90e01b901b919b32e9bed5225b14519","d__Bacteria","Planctomycetota","Planctomycetes","Pirellulales","Pirellulaceae","Pirellula","Pirellula_sp."
"13801b1a4698bae29fcc5f4fc2e1daef","d__Bacteria","Proteobacteria","Alphaproteobacteria","Sphingomonadales","Sphingomonadaceae",NA,NA
"815a00ae03fb3205bf8b6bffef0263d3","d__Eukaryota","Ochrophyta","Chrysophyceae","Chromulinales","Chromulinales","Poteriospumella",NA
"f8c80ef32e5ee76774b25cbd7bba4a01","d__Eukaryota","Chlorophyta","Chlorophyceae","Sphaeropleales","Sphaeropleales","Mychonastes","uncultured_Chlorophyta"
"e0e31b48537788ff5e9e0985e42c4f7e","d__Bacteria","Verrucomicrobiota","Verrucomicrobiae","Opitutales","Opitutaceae","IMCC26134","Verrucomicrobia_bacterium"
"e84cdf2de1f23cd2f2ff97f01672bfb4","d__Eukaryota","Ciliophora","Intramacronucleata","Litostomatea",NA,NA,NA
"6f6535f55876dd6e9b7b1863e5570566","d__Eukaryota","Phragmoplastophyta","Embryophyta","Magnoliophyta","Magnoliophyta","Magnoliophyta",NA
"f5bf0e7b1ebb90dc250b3244f7380dac","d__Eukaryota","Ciliophora","Postciliodesmatophora","Heterotrichea","Heterotrichea","Stentor","Stentor_roeselii"
"69f5241902a97ac4fa9d8f8bcbff1f27","d__Eukaryota","Gastrotricha","Gastrotricha","Chaetonotida","Chaetonotida","Chaetonotida","Halichaetonotus_schromi"
"8ed3966b9d48c91abbc2b58fadc0d231","d__Eukaryota","Diatomea","Bacillariophyceae","Bacillariophyceae","Bacillariophyceae","Gomphonema",NA
"48b13086f432f01c4a487f1165395fd5","d__Eukaryota","Basidiomycota","Tremellomycetes","Tremellales","Bulleribasidiaceae",NA,NA
"60af9ffd1339e831a1c1f8cebd42383a","d__Bacteria","Proteobacteria","Alphaproteobacteria","Sphingomonadales","Sphingomonadaceae",NA,NA
"748d9c8d49724bb864badced177a1c7c","d__Bacteria","Proteobacteria","Alphaproteobacteria","Rhodobacterales","Rhodobacteraceae","Pseudorhodobacter","Pseudorhodobacter_psychrotolerans"
"c10d38ad5c75866bfead97c456e9a05f","d__Eukaryota","Chlorophyta","Chlorophyceae","Sphaeropleales","Sphaeropleales","Mychonastes","uncultured_Chlorophyta"
"9fe5bf0fd16947472bcdf4a191f60207","d__Eukaryota","Diatomea","Bacillariophyceae","Bacillariophyceae","Bacillariophyceae","Gomphonema",NA
"71deccfd9fe284bd9a5f2a0ea44e9ceb","d__Bacteria","Proteobacteria","Gammaproteobacteria",NA,NA,NA,NA
"8163105be678cf9341bc377c231a1192","d__Eukaryota","Ciliophora","Intramacronucleata","Litostomatea",NA,NA,NA
"beaaf2c249c0253ab5641aed4f6b335d","d__Eukaryota","Ciliophora","Intramacronucleata","Spirotrichea","Hypotrichia",NA,NA
"a37ae300805533aa65048cf7cd791d4a","d__Eukaryota","Ciliophora","Postciliodesmatophora","Heterotrichea","Heterotrichea","Stentor","Stentor_roeselii"
"15662d961e30b14f3c602e135cb11e0f","d__Bacteria","Bdellovibrionota","Bdellovibrionia","Bacteriovoracales","Bacteriovoracaceae","Bacteriovorax","Bacteriovorax_stolpii"
"db963588a99dfa3aedada81bca9f80ca","d__Eukaryota","Cercozoa","Thecofilosea","Cryomonadida","Rhizaspididae","Rhogostoma","uncultured_freshwater"
"820ef9cb6becd115d2f5c362bee52827","d__Eukaryota","Ciliophora","Intramacronucleata","Litostomatea","Haptoria",NA,NA
"0af7bfc270649d86df10f9aabd11a56f","d__Eukaryota",NA,NA,NA,NA,NA,NA
"bd25a0d36e557c26bba8f98148774e48","d__Bacteria","Verrucomicrobiota","Verrucomicrobiae","Verrucomicrobiales","Verrucomicrobiaceae",NA,NA
"ab1cbfa8a726da049fa17b9b03956393","d__Eukaryota","Nematozoa","Chromadorea","Monhysterida","Monhysterida","Monhysterida","Tridentulus_sp."
"013fffb48858e60dd1fcfd8d817b5026","d__Eukaryota",NA,NA,NA,NA,NA,NA
"42431c87c291a7955c10570791950391","d__Bacteria","Proteobacteria","Alphaproteobacteria",NA,NA,NA,NA
"e4fa5f572e554023418794813d845a4f","d__Eukaryota","Apicomplexa","Conoidasida","Gregarinasina","Eugregarinorida","Ascogregarina",NA
"171f8c0a4ba9a8f2a0c2eab11b4c89f4","d__Bacteria","Proteobacteria","Alphaproteobacteria","Rhodobacterales","Rhodobacteraceae","Tabrizicola","Rhodobacteraceae_bacterium"
"a0fe382008bb3c6034efb1bc897f55c3","d__Eukaryota","Ochrophyta","Chrysophyceae","Chrysophyceae","Chrysophyceae","Chrysophyceae",NA
"d4cb48f8b6b524c7cb2248f89b15292c","d__Bacteria","Proteobacteria","Alphaproteobacteria","Sphingomonadales","Sphingomonadaceae",NA,NA
"736a58897b2decef4e16e9d04c9ebbce","d__Eukaryota","Ascomycota",NA,NA,NA,NA,NA
"c79eb5fb14340eb3207c40489b5530dd","d__Bacteria","Proteobacteria","Gammaproteobacteria",NA,NA,NA,NA
"f1f4a9050183c4c7cbb0db84ebb13c1f","d__Eukaryota","Arthropoda","Insecta","Trichoptera","Trichoptera","Trichoptera","Potamyia_flava"
"bdd0bdd1ed287c001193bef21c6aa065","d__Eukaryota","Chlorophyta","Trebouxiophyceae","Trebouxiophyceae","Trebouxiophyceae","Trebouxiophyceae",NA
"7b39233e44b47c562ed8029eee5725ed","d__Bacteria","Verrucomicrobiota",NA,NA,NA,NA,NA
"97f1948ec3c66fed0c29b9abe2d30dbb","d__Eukaryota","Ascomycota","Dothideomycetes","Capnodiales","Cladosporiaceae","Cladosporium",NA
"241cc19f3448687d28a360ec24e2da9b","d__Eukaryota","Ochrophyta","Chrysophyceae","Chrysophyceae","Chrysophyceae","Chrysophyceae",NA
"fa4af9b6ba79f334c6c3ea949c81de29","d__Eukaryota","Diatomea","Bacillariophyceae","Bacillariophyceae","Bacillariophyceae","Sellaphora",NA
"09a9d2a7fed007109299cdb7d9b7e684","d__Bacteria","Desulfobacterota","Desulfuromonadia","Geobacterales","Geobacteraceae",NA,NA
"c14e4d020aa1ca22ca7b63f4876e7d4b","d__Bacteria","Proteobacteria","Gammaproteobacteria",NA,NA,NA,NA
"ac1ef75cabaee0c796757d508ec6a22b","d__Eukaryota",NA,NA,NA,NA,NA,NA
"0ca39e3de498c6648a66f5b5f2534ad1","d__Eukaryota","Centrohelida","Centrohelida","Centrohelida",NA,NA,NA
"c2b90e0e66531d366e62d3949ae98bd3","d__Eukaryota","Euglenozoa","Kinetoplastea",NA,NA,NA,NA
"95fe64bd0a06c8d04f23aa030627a71d","d__Eukaryota","Vertebrata","Mammalia","Mammalia","Mammalia","Mammalia",NA
"403c094a1370e332b4d25489265fcf9f","d__Eukaryota","Diatomea",NA,NA,NA,NA,NA
"8b693113f27bb9cbec047f36635f1c98","d__Eukaryota","Phragmoplastophyta","Embryophyta","Magnoliophyta","Magnoliophyta","Magnoliophyta",NA
"d6d6e83ea468549eafeb07e0f0a1f2cb","d__Eukaryota",NA,NA,NA,NA,NA,NA
"4637e759317c11b6a2a3439ba1ae1b83","d__Eukaryota","Basidiomycota","Microbotryomycetes","Sporidiobolales","Sporidiobolaceae","Rhodotorula",NA
"2c8a6a5f102378a9b64e3b35630e7771","d__Eukaryota","Ciliophora","Intramacronucleata","Conthreep","Oligohymenophorea","Homalogastra","metagenome"
"c9dcfcd8ab2c97a5e2f1da7b0ee0cf49","d__Eukaryota",NA,NA,NA,NA,NA,NA
"db5d01e3ac4f4a91d2b0313721477113","d__Bacteria","Proteobacteria","Alphaproteobacteria","Sphingomonadales","Sphingomonadaceae",NA,NA
"d173d4dc22570d64946d7b718c72920f","d__Bacteria","Planctomycetota","Planctomycetes",NA,NA,NA,NA
"923a18092525cf2925c7b85f344b5a05","d__Eukaryota",NA,NA,NA,NA,NA,NA
"26b2dbec2318a719b0942fe03dd88141","d__Eukaryota","Arthropoda","Insecta","Diptera","Diptera","Diptera","Belgica_antarctica"
"acd699c075eeec759e0f35d517773a3f","d__Bacteria","Proteobacteria","Alphaproteobacteria","Rhizobiales","Rhizobiales_Incertae_Sedis","uncultured","uncultured_Alphaproteobacteria"
"4de76dc274b287b8105fa94d0138b026","d__Eukaryota","Phragmoplastophyta","Embryophyta","Magnoliophyta","Magnoliophyta","Magnoliophyta",NA
"fd62c3561038c5db3e977bf1fcaf778d","d__Bacteria","Proteobacteria","Alphaproteobacteria",NA,NA,NA,NA
"a9682ee9afcff1536e7ebbab41486141","d__Bacteria","Proteobacteria","Alphaproteobacteria","Rhodobacterales","Rhodobacteraceae",NA,NA
"5011fb2b8a498681ae5132dfff9f21a8","d__Eukaryota","Cryptomycota","LKM11","LKM11","LKM11","LKM11","invertebrate_environmental"
"cdabc22573f8a3ee36748f1777ce3b28","d__Eukaryota","Rotifera","Monogononta","Ploimida","Ploimida","Ploimida",NA
"a5a4c40459b25fecd9c24fe5b286a926","d__Bacteria","Proteobacteria","Alphaproteobacteria","Sphingomonadales","Sphingomonadaceae",NA,NA
"ac0e3126aebc0dcec99d36c982504223","d__Eukaryota","Ascomycota","Dothideomycetes","Pleosporales",NA,NA,NA
"a59fb64aa506df0c14296321ccc0895d","d__Bacteria","Verrucomicrobiota","Verrucomicrobiae","Pedosphaerales","Pedosphaeraceae",NA,NA
"d05b97358228ab26fb83f3d15461f01e","d__Eukaryota","Chlorophyta","Chlorophyceae","Sphaeropleales","Sphaeropleales","Mychonastes",NA
"596ab71ac571727dd686f5a99c1d803a","d__Bacteria","Proteobacteria","Gammaproteobacteria","Burkholderiales",NA,NA,NA
"be543b2b23eb975af25d45afce2f6e82","d__Eukaryota","Ciliophora","Postciliodesmatophora","Heterotrichea","Heterotrichea","Stentor","uncultured_ciliate"
"746cfa2a0fd647147f4b6533f21e7257","d__Eukaryota",NA,NA,NA,NA,NA,NA
"ef95d29776149b2285f821cde397b9d2","d__Eukaryota",NA,NA,NA,NA,NA,NA
"05a12ed95f1b8d22ab17f26c20b5db04","d__Eukaryota","Ciliophora","Intramacronucleata","Conthreep","Oligohymenophorea",NA,NA
"b1d7b1d7b3a742461bcedbf3047c05fe","d__Bacteria","Proteobacteria","Gammaproteobacteria","Pseudomonadales","Moraxellaceae","Moraxella","Moraxella_atlantae"
"538a6a26337864cd1aa955a5ceff9ef7","d__Bacteria","Proteobacteria","Alphaproteobacteria","Sphingomonadales","Sphingomonadaceae",NA,NA
"ee1021777fc608911cef5927fffb5c76","d__Eukaryota","Ochrophyta","Chrysophyceae",NA,NA,NA,NA
"2fe46e006c824dc7b2693105136443dd","Unassigned",NA,NA,NA,NA,NA,NA
"e7deebb12960da3ee0a70908cddaee22","d__Eukaryota","Ciliophora","Intramacronucleata","Conthreep","Oligohymenophorea",NA,NA
"a4c75944aa69ec57c596aae1afd89e63","d__Bacteria","Planctomycetota","Planctomycetes","Planctomycetales","Gimesiaceae","Gimesia",NA
"a1c041bf3bb000a1ee9818ac60435bc9","d__Eukaryota",NA,NA,NA,NA,NA,NA
"843e7c06fd774e3d8eec71dddc97a784","d__Eukaryota","Chlorophyta","Chlorophyceae","Chlorophyceae","Chlorophyceae","Chlorophyceae",NA
"0de86f3af9fe2407dd5e2f5dcc822822","d__Eukaryota",NA,NA,NA,NA,NA,NA
"3d177a619730a3896f87e081d1b6604b","d__Eukaryota","Arthropoda","Insecta",NA,NA,NA,NA
"739bb73f11c6a9c73765ceb06da94586","d__Bacteria","Proteobacteria","Gammaproteobacteria","Burkholderiales","Rhodocyclaceae",NA,NA
"bbea0dc1d5acea1cb0d9fd2ba91b2330","d__Eukaryota","Ciliophora","Intramacronucleata","Litostomatea","Haptoria",NA,NA
"ccf1d162c93518d75cbe099f0d2a24fb","d__Eukaryota","Ciliophora","Intramacronucleata","Litostomatea",NA,NA,NA
"ad9f44ae1a1e4ee98681854b40bd92aa","d__Bacteria","Proteobacteria","Alphaproteobacteria","Sphingomonadales","Sphingomonadaceae",NA,NA
"c73fe6695f40378b866fec6e9c47b8f0","d__Bacteria","Proteobacteria","Alphaproteobacteria","Sphingomonadales","Sphingomonadaceae",NA,NA
"cc6bf5c7711db1b71fe41aae098f3772","d__Eukaryota","Chlorophyta","Chlorophyceae","Sphaeropleales","Sphaeropleales","Mychonastes","uncultured_Chlorophyta"
"699243892adf9e1174a526f7e1fe7b0b","d__Eukaryota","Ciliophora","Intramacronucleata","Litostomatea",NA,NA,NA
"58003d2ea165236a8f2a81a167501fdc","d__Eukaryota",NA,NA,NA,NA,NA,NA
"61776b146ad2f248a6eaa82d94d97967","d__Eukaryota","Ciliophora","Intramacronucleata","Conthreep","Oligohymenophorea",NA,NA
"14c46fa71cb04c2845574ef08847b441","d__Bacteria","Proteobacteria","Alphaproteobacteria","Sphingomonadales","Sphingomonadaceae",NA,NA
"59925330a1cf5ef102bf6eeeb18f4536","d__Eukaryota","Ciliophora","Postciliodesmatophora","Heterotrichea","Heterotrichea","Stentor","Stentor_roeselii"
"2a300c70c3f2283dd70bae6c54affe78","d__Eukaryota","Euglenozoa","Kinetoplastea","Trypanosomatida","Trypanosomatida",NA,NA
"ce05f77e126e204a99d1762019d83aea","d__Eukaryota","Diatomea","Bacillariophyceae","Bacillariophyceae","Bacillariophyceae","Sellaphora",NA
"8b25432cb372b80b67840935cb1bf1f6","d__Bacteria","Proteobacteria","Gammaproteobacteria","Burkholderiales",NA,NA,NA
"c20f4fae7361b8a1bf61838e10febbf9","d__Bacteria","Proteobacteria","Alphaproteobacteria","Sphingomonadales","Sphingomonadaceae",NA,NA
"ae043520dccdda77903c8a2c71a754ec","d__Eukaryota",NA,NA,NA,NA,NA,NA
"f6c8f1bd6d7f4bea4e5c25955c7a666b","d__Eukaryota","Ciliophora","Intramacronucleata","Litostomatea",NA,NA,NA
"be10c26b49c57837027050eb5e95eb03","d__Eukaryota","Centrohelida","Centrohelida","Centrohelida",NA,NA,NA
"0ee673e4ed5d527c7bf322cd2945e0a2","d__Bacteria","Proteobacteria","Gammaproteobacteria",NA,NA,NA,NA
"1381315025e5eee836abd1ae7c97a82f","d__Eukaryota","Cercozoa","Thecofilosea","Cryomonadida","Rhizaspididae","Rhogostoma","uncultured_freshwater"
"56866b497db338a45a2af226751fc80f","d__Eukaryota","Ciliophora","Intramacronucleata","Litostomatea",NA,NA,NA
"ee3665e29f4beabd52381366a4af6094","d__Eukaryota",NA,NA,NA,NA,NA,NA
"e005b1d4b739fb33249cdd2f249a5918","d__Eukaryota","Chlorophyta","Chlorophyceae","Chlorophyceae","Chlorophyceae","Chlorophyceae","Aphanochaete_sp."
"ccd4ca92955e0d555d38e3a6db8ede6a","d__Eukaryota","Chlorophyta","Trebouxiophyceae","Trebouxiophyceae","Trebouxiophyceae","Trebouxiophyceae","Chloroidium_saccharophilum"
"8c5561a25008a822cdc6eb995ae4ce07","d__Eukaryota","Ciliophora","Intramacronucleata","Spirotrichea","Hypotrichia","Hypotrichia","Urostyla_sp."
"54cf611ff5711b8bc6a73db12eb58ba9","d__Eukaryota","Ciliophora","Intramacronucleata","Litostomatea",NA,NA,NA
"993b4a49a724f6d10588842682e4619a","d__Eukaryota","Gastrotricha","Gastrotricha","Chaetonotida","Chaetonotida","Chaetonotida","uncultured_eukaryote"
"b8f5a6008ebf2e4b57a32afcff5a606f","d__Eukaryota","Chlorophyta","Ulvophyceae","Ulvophyceae","Ulvophyceae","Ulvophyceae","Hazenia_basiliensis"
"947f8cc3b07ef3a4944e84c2edd5527a","d__Bacteria","Verrucomicrobiota","Verrucomicrobiae","Opitutales","Opitutaceae",NA,NA
"4eee3dcce9177978e599255b1fec41c2","d__Eukaryota","Rotifera","Bdelloidea","Adinetida","Adinetida","Adinetida","Hyalella_azteca"
"29f1b166080dca582e258bf0cd8d778d","d__Eukaryota","Arthropoda","Maxillopoda","Harpacticoida","Harpacticoida","Harpacticoida",NA
"2fa8cb0152817f025daabe69703c6399","d__Bacteria",NA,NA,NA,NA,NA,NA
"99b955bccf5a982d528524d2c9cce6ea","d__Eukaryota",NA,NA,NA,NA,NA,NA
"1be4fb03e0fba60a28c00621a0ecc70c","d__Bacteria","Proteobacteria","Alphaproteobacteria","Sphingomonadales","Sphingomonadaceae",NA,NA
"b712ee7accaf4ecfef266c63a4e33095","d__Eukaryota","Euglenozoa","Kinetoplastea",NA,NA,NA,NA
"19f7a08fa76ef117ce86001db0cd771c","d__Eukaryota","Ascomycota","Eurotiomycetes","Eurotiales","Trichocomaceae",NA,NA
"fef40180a693803bee070342938de592","d__Eukaryota","Ciliophora","Intramacronucleata","Litostomatea","Haptoria","Hemiophrys",NA
"bc71b55dd80099a2e098efa4c30c3146","d__Eukaryota","Ciliophora","Intramacronucleata","Conthreep","Phyllopharyngea",NA,NA
"66395825ead368708c9dd2a5d64fcf83","d__Eukaryota","Ochrophyta","Chrysophyceae","Chromulinales","Chromulinales","Chrysochaete","Chrysochaete_britannica"
"756f389f87725e4f06fc02e89950a467","d__Eukaryota","Chytridiomycota","Chytridiomycetes",NA,NA,NA,NA
"9449bc5a98e875a14f6a970fe7832c57","d__Bacteria","Proteobacteria","Alphaproteobacteria","Rhizobiales","Rhizobiales_Incertae_Sedis","uncultured","uncultured_Alphaproteobacteria"
"66dcf931aeb42ae317394ce9b8c7ddb3","d__Bacteria","Verrucomicrobiota","Verrucomicrobiae","Opitutales","Opitutaceae",NA,NA
"c5dd518ce9ca664619edd4b15e9f5481","d__Eukaryota","Diatomea","Bacillariophyceae","Bacillariophyceae","Bacillariophyceae",NA,NA
"9d3b9b75115929f24189a32bcf30fa24","d__Eukaryota","Ochrophyta","Chrysophyceae","Chrysophyceae","Chrysophyceae","Chrysophyceae","Hydrurus_foetidus"
"4bd394f6d926c36d994e27086a4292da","d__Eukaryota","Cercozoa","Imbricatea","Imbricatea","Euglyphida",NA,NA
"fcc8945bba62c8d2a7ed8839b7cec5de","d__Bacteria","Proteobacteria","Alphaproteobacteria","Sphingomonadales","Sphingomonadaceae",NA,NA
"3d2fa257a59832e7890b719c45c0be77","d__Eukaryota",NA,NA,NA,NA,NA,NA
"14db56afc118104ca86d1ee9d552659b","d__Eukaryota","Vertebrata","Mammalia","Mammalia","Mammalia","Mammalia",NA
"36530ecaf9fa07292a690e3756aab5f4","d__Eukaryota",NA,NA,NA,NA,NA,NA
"8b6ff7b4369abc558a3da88cca97f3ba","d__Eukaryota","Diatomea","Bacillariophyceae","Bacillariophyceae","Bacillariophyceae","Gomphonema",NA
"2853d3ec55dedd51ee3144e38d4f366b","d__Eukaryota","Arthropoda","Insecta","Ephemeroptera","Ephemeroptera","Ephemeroptera",NA
"5e2fa4a23f6130b105625a1f4818072b","d__Eukaryota",NA,NA,NA,NA,NA,NA
"e6efe17f24d4ca1567ff572dea7a6787","d__Eukaryota","Basidiomycota","Agaricomycetes","Agaricales",NA,NA,NA
"97eea6093b46a390401539394f4db2c1","d__Eukaryota","Diatomea",NA,NA,NA,NA,NA
"546e03a2810f665d70805d505c7ef465","d__Bacteria","Planctomycetota","Planctomycetes","Planctomycetales","Schlesneriaceae","Schlesneria","uncultured_bacterium"
"0ba8697baf5877a956ef5df786277e1c","d__Eukaryota","Ciliophora","Intramacronucleata","Litostomatea",NA,NA,NA
"3c464420c4045ec6de282d98cd48b819","d__Bacteria","Proteobacteria","Alphaproteobacteria",NA,NA,NA,NA
"559f5f540dbd1311857358f58652448c","d__Eukaryota","Ascomycota",NA,NA,NA,NA,NA
"82c9627d9538f29a0a93c62d151dac73","d__Eukaryota","Ciliophora","Postciliodesmatophora","Heterotrichea","Heterotrichea","Stentor","Stentor_roeselii"
"1e1d227b7675371a5cb45bbe7442b47e","d__Bacteria","Verrucomicrobiota","Verrucomicrobiae","Pedosphaerales","Pedosphaeraceae",NA,NA
"720377bf08410810a99f8c8ad420eda5","d__Eukaryota","Chlorophyta","Chlorophyceae","Sphaeropleales","Sphaeropleales","Mychonastes","uncultured_Chlorophyta"
"5cf1614dad5fea0c2bd01526845f739c","d__Eukaryota","Ascomycota","Dothideomycetes","Capnodiales",NA,NA,NA
"1d4b0e96696b4ff3e2ae09ae8ac59d8a","d__Eukaryota","Euglenozoa","Kinetoplastea",NA,NA,NA,NA
"19ecaebe4ba147c640dbd53b27723fc3","d__Bacteria","Verrucomicrobiota","Verrucomicrobiae","Verrucomicrobiales","Verrucomicrobiaceae",NA,NA
"5095327d6e0bd90dd97f730aec1cba78","d__Eukaryota","Diatomea","Bacillariophyceae","Bacillariophyceae","Bacillariophyceae","Gomphonema",NA
"a7e24d46d4520ad734b1b04d47341fd8","Unassigned",NA,NA,NA,NA,NA,NA
"83340e52e2467c90ea5bfc5361615c02","d__Eukaryota","Chytridiomycota","Chytridiomycetes",NA,NA,NA,NA
"7f02a8899b5f60e011e74809f6637d05","d__Eukaryota","Dinoflagellata","Dinophyceae",NA,NA,NA,NA
"be9868649e32dd78352b442b9ebc6e8f","d__Eukaryota","Cercozoa","Glissomonadida","Glissomonadida","Glissomonadida","uncultured","metagenome"
"ae314c7359d9354931344387699b30e0","d__Bacteria","Verrucomicrobiota","Verrucomicrobiae",NA,NA,NA,NA
"b66f9dd886d0938dd76b56a5ff1638b0","d__Eukaryota","Arthropoda","Insecta","Trichoptera","Trichoptera","Trichoptera",NA
"e685e5e70198d206a20ab163c990d1b4","d__Eukaryota","Ciliophora","Intramacronucleata","Conthreep","Oligohymenophorea",NA,NA
"955814ff356824bbe5ce31d3cf5a230e","d__Bacteria","Proteobacteria","Alphaproteobacteria","Rhodobacterales","Rhodobacteraceae","Tabrizicola","Rhodobacteraceae_bacterium"
"769c3201ac3bc6ac1aea19fcc176f079","d__Eukaryota","Ciliophora","Intramacronucleata","Spirotrichea","Hypotrichia",NA,NA
"62c7190ba9b927173b54c40355de315b","d__Eukaryota","Ascomycota","Dothideomycetes","Capnodiales",NA,NA,NA
"2aa1c5346c1f3ca84cc2d9e09bb5c412","d__Eukaryota","Nematozoa","Chromadorea","Monhysterida","Monhysterida","Monhysterida","Tridentulus_sp."
"aa250ad35b60194ab84aec8a2d9f107c","d__Bacteria","Proteobacteria","Alphaproteobacteria","Sphingomonadales","Sphingomonadaceae",NA,NA
"edd7436df40e43e80184c7fdfbb018c9","d__Eukaryota","Cercozoa","Glissomonadida","Glissomonadida","Glissomonadida",NA,NA
"1dd1fa2a66cbe6dd4a4394e7a10375d3","d__Bacteria","Proteobacteria","Alphaproteobacteria","Sphingomonadales","Sphingomonadaceae","Sphingomonas",NA
"942fdac9e45ae3fd15d12025388f52bc","d__Eukaryota",NA,NA,NA,NA,NA,NA
"39b29c32b953f7a295f9fc7c87f49305","d__Bacteria","Proteobacteria","Gammaproteobacteria","Burkholderiales",NA,NA,NA
"9df054358faf78af9832be4d5acfa3cf","d__Eukaryota","Cercozoa","Cercomonadidae","Cercomonadidae","Cercomonadidae","Paracercomonas","metagenome"
"612c41cac172d5ff062e149a407408aa","d__Bacteria","Proteobacteria","Alphaproteobacteria","Sphingomonadales","Sphingomonadaceae",NA,NA
"45c0dccfa326177665fbdfea2cc62d50","d__Eukaryota",NA,NA,NA,NA,NA,NA
"846bc9b7bd7f5c3fea9b6258ec51de74","d__Eukaryota","Ciliophora","Intramacronucleata","Spirotrichea","Choreotrichia","Tintinnidium",NA
"2fe2cd804ad2c01c7a6cb7e5f6e602e5","d__Eukaryota",NA,NA,NA,NA,NA,NA
"139c2fe8faca9e83d108b2c3b9abe4cb","d__Bacteria","Proteobacteria","Alphaproteobacteria","Rhodobacterales","Rhodobacteraceae","Tabrizicola","Rhodobacteraceae_bacterium"
"21f8b57e92d3e1c67dd5b314f1193189","d__Eukaryota","Ciliophora","Intramacronucleata","Litostomatea","Haptoria",NA,NA
"3eadda6fe116fd9ed0ac1f8b4338f619","d__Eukaryota",NA,NA,NA,NA,NA,NA
"73a48b9f265c008ab03536a1a5094416","d__Eukaryota","Phragmoplastophyta","Embryophyta","Magnoliophyta","Magnoliophyta","Magnoliophyta",NA
"90ba0fe7dbb66a61d704b164e1993ab2","d__Eukaryota",NA,NA,NA,NA,NA,NA
"65fd9f811ecf8ec3c2452fa8280adf51","d__Bacteria","Gemmatimonadota","Gemmatimonadetes","Gemmatimonadales","Gemmatimonadaceae","Gemmatimonas","Gemmatimonas_aurantiaca"
"9f8792d2ebad1b06280364fb40afaa6b","d__Eukaryota",NA,NA,NA,NA,NA,NA
"d113b411b68860413ff8d3dfa7fec1ad","d__Eukaryota","Ciliophora","Intramacronucleata","Litostomatea",NA,NA,NA
"ecc49d9645ff3e888dce6177503e142f","d__Eukaryota","Ochrophyta","Dictyochophyceae","Pedinellales","Pedinellales","Pteridomonas","Pteridomonas_danica"
"bba81ac804de311053274defba1285d1","d__Eukaryota",NA,NA,NA,NA,NA,NA
"274afd7d8fc8f3e52dc74e06b3119c75","d__Eukaryota","Ciliophora","Intramacronucleata","Litostomatea",NA,NA,NA
"1331d8ad4cdca31fde7442d7c2ff8d3d","d__Eukaryota","Chytridiomycota","Chytridiomycetes",NA,NA,NA,NA
"3a97e09c99fd73d66aca603f3e4c2b02","d__Eukaryota","Ciliophora","Intramacronucleata","Litostomatea","Haptoria",NA,NA
"9c3a8fb7ea0c4114a0fd27f7fbd34ac0","d__Bacteria",NA,NA,NA,NA,NA,NA
"e7bb7f1fedd567ecb6543739d83f826e","d__Eukaryota","Annelida","Clitellata","Haplotaxida","Haplotaxida","Haplotaxida",NA
"a548221d0eb7a9fdc0d4e7b927debbf4","d__Eukaryota","Ciliophora","Intramacronucleata","Litostomatea","Haptoria",NA,NA
"b1a72ff12c1eac5974e7cebc8c0201ec","d__Bacteria","Nitrospirota","Nitrospiria","Nitrospirales","Nitrospiraceae","Nitrospira","Nitrospira_japonica"
"933d46f0171faf49f936a2eca3f48536","d__Eukaryota","Gastrotricha","Gastrotricha","Chaetonotida","Chaetonotida","Chaetonotida","Halichaetonotus_schromi"
"2ae3405920eb255eb0d7d940e33573a6","d__Eukaryota","Platyhelminthes","Rhabditophora",NA,NA,NA,NA
"c9343e5dee2c6e827338ca3ba583509e","d__Eukaryota","Chytridiomycota","Chytridiomycetes",NA,NA,NA,NA
"1fef76391a0ac6898ece202aff448cb0","d__Eukaryota","Arthropoda","Insecta","Hemiptera","Hemiptera","Hemiptera","Aphis_citricidus"
"ad903ac22543e17ed3a16a9a27296ef9","d__Eukaryota","Ciliophora","Intramacronucleata","Conthreep","Phyllopharyngea","Tokophrya","uncultured_ciliate"
"d7715d8b635283564295f007da524a4e","d__Eukaryota",NA,NA,NA,NA,NA,NA
"d91abd9077e3af109d675ba74e30cb56","d__Bacteria","Planctomycetota","Planctomycetes","Planctomycetales","Gimesiaceae",NA,NA
"2329cbfbba28a3532661e7282f16765a","d__Eukaryota","Ciliophora","Intramacronucleata","Conthreep","Oligohymenophorea",NA,NA
"c1e74b57cc6ff247e5e91c1e9bf52f8a","d__Eukaryota","Diatomea","Bacillariophyceae","Bacillariophyceae","Bacillariophyceae","Encyonema","uncultured_Encyonema"
"a8ad9f49a193b1127293b60577de2d75","d__Eukaryota","Apicomplexa","Conoidasida","Gregarinasina","Eugregarinorida","Ascogregarina",NA
"d190eda94f54c0a884df573d9f6b599e","d__Eukaryota",NA,NA,NA,NA,NA,NA
"12e00f2ae904d335b7fba8ad5c9dcbc8","d__Eukaryota","Ciliophora","Intramacronucleata","Conthreep","Colpodea","Pseudoplatyophrya","Pseudoplatyophrya_nana"
"dfc77882da9f6eff118cd818b8836fce","d__Eukaryota","Ciliophora","Intramacronucleata","Conthreep","Oligohymenophorea","Peritrichia","Ophrydium_versatile"
"2b702b340cdaa6c74ea61897fe501332","d__Eukaryota","Diatomea",NA,NA,NA,NA,NA
"e544f4b9b3c4b6cdad0de306e37ea201","d__Eukaryota","Ciliophora","Intramacronucleata","Conthreep","Phyllopharyngea","Tokophrya",NA
"83fe38f49d2928e9d60091c4b6bd9c6c","d__Eukaryota","Ascomycota","Dothideomycetes","Capnodiales","Cladosporiaceae","Cladosporium",NA
"c38d2e9f4e3d383552034ac08bc74501","d__Eukaryota","Ochrophyta","Chrysophyceae","Chrysophyceae","Chrysophyceae","Chrysophyceae",NA
"0ab54889a458a0d4649c62965b3b3178","d__Bacteria","Proteobacteria","Gammaproteobacteria",NA,NA,NA,NA
"e28a556666ca5b909f2e5201f07a8b5c","d__Eukaryota","Diatomea","Bacillariophyceae","Bacillariophyceae","Bacillariophyceae",NA,NA
"4747f9f11cfc6d599484116e87d467ed","d__Eukaryota","Gastrotricha","Gastrotricha","Chaetonotida","Chaetonotida","Chaetonotida","uncultured_eukaryote"
"8428bad82685e12c336374b316780e06","d__Eukaryota",NA,NA,NA,NA,NA,NA
"f6fa68108afd5e73f7ac308efb3d5dd1","d__Eukaryota",NA,NA,NA,NA,NA,NA
"ada08f10bd2dd19bc05d306deb90cfdf","d__Bacteria","Verrucomicrobiota","Verrucomicrobiae","Opitutales","Opitutaceae",NA,NA
"67d3923d48855325b49f22b87578392b","d__Eukaryota","Ascomycota","Dothideomycetes","Capnodiales","Cladosporiaceae","Cladosporium",NA
"3b375802de79de21a2357890dc092fce","d__Eukaryota","Phragmoplastophyta","Embryophyta","Magnoliophyta","Magnoliophyta","Magnoliophyta",NA
"3d5e208685ae940b3954cafc3fac8b83","d__Eukaryota","Ciliophora","Intramacronucleata","Spirotrichea","Euplotia","Euplotes",NA
"5e265c2e138c0c1127c8b8167f0f49a2","d__Eukaryota",NA,NA,NA,NA,NA,NA
"3e4cf9d5241f2bb2c2b7c2f528cd1737","d__Bacteria","Proteobacteria","Alphaproteobacteria","Sphingomonadales","Sphingomonadaceae",NA,NA
"91c0841b560622b8731d1090eda1791b","d__Eukaryota","Ascomycota","Dothideomycetes","Dothideales","Aureobasidiaceae",NA,NA
"5c8ae300741bc674cabde79ae52761e9","d__Eukaryota","Cercozoa","Thecofilosea","Thecofilosea","Thecofilosea","Thecofilosea","metagenome"
"6c0e4bcdd5eb5a47d7e5730c1c98f5f3","d__Eukaryota",NA,NA,NA,NA,NA,NA
"222f81eaeee7a4a69e3080bcf08a1b4f","d__Eukaryota",NA,NA,NA,NA,NA,NA
"828086f2c58a217b8de68bcef344357b","d__Eukaryota",NA,NA,NA,NA,NA,NA
"8ca0e7f0edd6705d26841cc284f20de5","d__Eukaryota","Holozoa","Ichthyosporea","Pseudoperkinsidae","Pseudoperkinsidae","Anurofeca","Anurofeca_sp."
"562a0f3dc9189b531d4b40e4702b333a","d__Eukaryota","Chytridiomycota","Chytridiomycetes","Chytridiales","Incertae_Sedis","Incertae_Sedis","uncultured_Chytridiomycota"
"d5493fcd3f18b74aa9ed5ec25239fc08","d__Eukaryota","Diatomea","Bacillariophyceae","Bacillariophyceae","Bacillariophyceae","Gomphonema",NA
"77a8372852429ca558bfc8ec7fdff56a","d__Eukaryota","Ciliophora","Intramacronucleata","Conthreep","Oligohymenophorea",NA,NA
"636241a626ce68a12671e818d1e9e491","d__Bacteria","Proteobacteria","Alphaproteobacteria","Rhizobiales",NA,NA,NA
"f280950f2d8b074fed10520f2c30710e","d__Eukaryota",NA,NA,NA,NA,NA,NA
"71a608059ad91e8d1c0cab8593f37592","d__Eukaryota",NA,NA,NA,NA,NA,NA
"69745433a4f178916979a647d1ec4549","d__Eukaryota","Chlorophyta","Chlorophyceae","Chlorophyceae","Chlorophyceae","Chlorophyceae","Desmodesmus_sp."
"2621a561173709e08cb8d8f467719427","d__Eukaryota","Diatomea","Bacillariophyceae","Bacillariophyceae","Bacillariophyceae","Navicula","Navicula_sp."
"451ce48446fb3dacb5cef4b9beb384eb","d__Eukaryota","Ciliophora","Intramacronucleata","Litostomatea",NA,NA,NA
"30253260809e266e733e1cfc82d97bc0","d__Eukaryota","Cercozoa","Thecofilosea","Cryomonadida","Rhizaspididae","Rhogostoma","uncultured_freshwater"
"ee4d50aa608affdec311613961cd1e9e","d__Bacteria","Proteobacteria","Alphaproteobacteria","Sphingomonadales","Sphingomonadaceae",NA,NA
"58d7cc01a09c1644787ad14c6386887b","d__Eukaryota","Cercozoa","Thecofilosea","Incertae_Sedis","Incertae_Sedis","Lecythium","uncultured_eukaryote"
"f67123aa1d25aefcd7caf52dd7cb6b71","d__Eukaryota","Diatomea","Bacillariophyceae","Bacillariophyceae","Bacillariophyceae","Gomphonema",NA
"e6df82ea3e721c285f164c8329d853e1","d__Eukaryota","Ciliophora","Intramacronucleata","Litostomatea",NA,NA,NA
"cf37c0d2926362eaa1e53e1fec7387c3","d__Eukaryota","Ciliophora","Intramacronucleata","Conthreep",NA,NA,NA
"21291d1ac30b606ac7edf43c0714328d","d__Eukaryota","Platyhelminthes","Trematoda",NA,NA,NA,NA
"d4526543ed9a88d7e7b3b08edee3d298","d__Eukaryota","Zoopagomycota","Incertae_Sedis","Harpellales","Legeriomycetaceae","Smittium","Smittium_mucronatum"
"620abd2ad946de62cd456cf79b0c053c","d__Eukaryota",NA,NA,NA,NA,NA,NA
"4869adf0841a6f09eb04161f81495251","d__Bacteria","Gemmatimonadota","Gemmatimonadetes","Gemmatimonadales","Gemmatimonadaceae","Gemmatimonas",NA
"3045e748cca080b2545370392e30777b","d__Eukaryota",NA,NA,NA,NA,NA,NA
"6e40d85b77bdfe5b1f12adb9bc27cb32","d__Bacteria",NA,NA,NA,NA,NA,NA
"2120e27cca0a39542765f5f224e5e577","d__Bacteria","Planctomycetota","Planctomycetes",NA,NA,NA,NA
"be0de20f19be4f96c81185b4c2f44f5b","d__Eukaryota","Chlorophyta","Ulvophyceae","Ulvophyceae","Ulvophyceae","Ulvophyceae",NA
"ae760a775b01ca95e71afa4651dd69d3","d__Eukaryota","Ciliophora","Intramacronucleata","Conthreep","Phyllopharyngea","Pseudochilodonopsis","Pseudochilodonopsis_sp."
"28568d16cd0503780afefb19fc7020e3","d__Bacteria","Verrucomicrobiota","Verrucomicrobiae","Verrucomicrobiales","Verrucomicrobiaceae",NA,NA
"02a9b843be526483ed9f5f0e711ea638","d__Eukaryota","Ochrophyta","Chrysophyceae","Chrysophyceae","Chrysophyceae","Chrysophyceae","Hydrurus_foetidus"
"474c92a8ebe4c41850c589130e14b989","d__Eukaryota","Cercozoa","Cercomonadidae","Cercomonadidae","Cercomonadidae","Cercomonas","Cercomonas_jendrali"
"e5fd47a9167dc05a897c9920f5e5e3cb","d__Eukaryota","Annelida","Clitellata","Haplotaxida","Haplotaxida","Haplotaxida","Stylaria_sp."
"12f88fad71d89ff7efb74a26ce870652","d__Eukaryota","Chytridiomycota","Chytridiomycetes","Chytridiales","Incertae_Sedis","Incertae_Sedis","uncultured_Chytridiomycota"
"4a62010173eccf8826a666160d648757","d__Eukaryota",NA,NA,NA,NA,NA,NA
"d60ff83cc2bc3eb72b1989b3c822f0ce","d__Eukaryota",NA,NA,NA,NA,NA,NA
"47fdf1b661cf532750238ac22c410370","d__Bacteria","Planctomycetota","Planctomycetes",NA,NA,NA,NA
"cbfac50b6cbc053940f8693ac7ef55f3","d__Eukaryota","Chlorophyta","Ulvophyceae","Ulvophyceae","Ulvophyceae","Ulvophyceae",NA
"e80e8816a2641f3afab812da4a322da6","d__Eukaryota",NA,NA,NA,NA,NA,NA
"960ecc8c20deca3a47af24d055ee7c56","d__Eukaryota","Diatomea",NA,NA,NA,NA,NA
"63492bc7755c89e88037c1e8fdb57606","d__Eukaryota","Diatomea","Bacillariophyceae","Bacillariophyceae","Bacillariophyceae","Sellaphora",NA
"506cb09bfe4c47a946feeb396bdc894e","d__Eukaryota","Ciliophora","Intramacronucleata","Spirotrichea","Euplotia","Euplotes",NA
"831eef58488eab7fab9cecaa7549b960","d__Bacteria","Planctomycetota","Planctomycetes","Planctomycetales","Schlesneriaceae","Schlesneria","uncultured_bacterium"
"1b1e8ef9a059e85d30f7d671a98165e3","d__Bacteria","Proteobacteria","Gammaproteobacteria","Legionellales","Legionellaceae","uncultured",NA
"b6c039589645017537ca92fc567f8293","d__Eukaryota",NA,NA,NA,NA,NA,NA
"709886a907cf0eb0f3b78926fab641be","d__Eukaryota","Diatomea","Bacillariophyceae","Bacillariophyceae","Bacillariophyceae",NA,NA
"129a5e7615246b5b37bfd140da9a5ff6","d__Eukaryota","Apicomplexa","Conoidasida","Gregarinasina","Eugregarinorida","Ascogregarina",NA
"0b5ef525deb9d33a3ec27c2440bdcc93","d__Eukaryota","Chlorophyta",NA,NA,NA,NA,NA
"dd30d149b0c8329520b52e2ee874e6e8","d__Bacteria","Planctomycetota","Planctomycetes","Planctomycetales","Schlesneriaceae","Schlesneria","uncultured_bacterium"
"13ef913b1b363b86d9574bd1aaf5e7a6","d__Bacteria","Proteobacteria","Alphaproteobacteria","Sphingomonadales","Sphingomonadaceae",NA,NA
"188390382de96818993d377a8b882bd9","d__Eukaryota","Diatomea",NA,NA,NA,NA,NA
"3bd39c2b91d2acf47ca41ea357e6d0f0","d__Eukaryota","Ciliophora","Intramacronucleata","Conthreep","Oligohymenophorea","Peritrichia","Ophrydium_versatile"
"e357ac45e92ac5db75acbfd9d8e42164","d__Eukaryota",NA,NA,NA,NA,NA,NA
"89a895e51fc3e5fb74dde437d64ebb89","d__Eukaryota","Centrohelida","Centrohelida","Centrohelida",NA,NA,NA
"eb4ab8d6d9fe493da284403983319d0e","d__Eukaryota","Nematozoa","Chromadorea","Monhysterida","Monhysterida","Monhysterida","Tridentulus_sp."
"cde18b2aebbcdd6b56b46698deb01884","d__Bacteria",NA,NA,NA,NA,NA,NA
"33328f8cbec6f626bac2a9b3d279ffe8","d__Eukaryota",NA,NA,NA,NA,NA,NA
"d519d57aa94cf3b7fb9cc1212bb79e88","d__Eukaryota",NA,NA,NA,NA,NA,NA
"871cea82b607c3531cdf2f83d38a6b9c","d__Eukaryota",NA,NA,NA,NA,NA,NA
"38f646cbde737bebbdda4e4253ac7809","d__Eukaryota","Ciliophora","Intramacronucleata","Conthreep","Phyllopharyngea","Cyrtophoria","metagenome"
"a89d4925cf5e4448da239c598d1fe2d4","d__Bacteria","Bdellovibrionota","Oligoflexia","0319-6G20","0319-6G20","0319-6G20",NA
"f6a23591d10961b0d5df151bb98d9d82","d__Eukaryota","Arthropoda","Insecta","Ephemeroptera","Ephemeroptera","Ephemeroptera","Eurylophella_sp."
"2277f651840c1a8bc3645229f987a626","d__Eukaryota","Cercozoa","Thecofilosea",NA,NA,NA,NA
"3cf5e512863392c2aee4dbb45f301adc","d__Eukaryota","Basidiomycota","Microbotryomycetes","Sporidiobolales","Sporidiobolaceae","Rhodotorula",NA
"381f1b94741098cb271c395f2e4bf74b","d__Eukaryota","Nematozoa","Chromadorea","Monhysterida","Monhysterida","Monhysterida","Tridentulus_sp."
"69690bdaee5ca74db3b4438ca9f0add4","d__Eukaryota","Nematozoa","Chromadorea","Monhysterida","Monhysterida","Monhysterida","Tridentulus_sp."
"366c1cadd6acfda0a7639b3a252c4242","d__Eukaryota","Ciliophora","Intramacronucleata","Spirotrichea","Choreotrichia","Tintinnidium",NA
"33425ac121b6de6942de338e21677a8b","d__Bacteria","Proteobacteria",NA,NA,NA,NA,NA
"2af62759b44f889a8b056de175bd0c02","d__Eukaryota","Ciliophora","Intramacronucleata","Spirotrichea","Hypotrichia",NA,NA
"93d4f0597668cdb9957b1c69578d6e3b","d__Eukaryota","Ciliophora","Postciliodesmatophora","Heterotrichea","Heterotrichea","Stentor","uncultured_ciliate"
"81ccd451cc75018c394607d1ee9c6ad3","d__Eukaryota","Diatomea","Bacillariophyceae","Bacillariophyceae","Bacillariophyceae",NA,NA
"f0c7f486b20964f3b3649f36a9917112","d__Eukaryota","Ciliophora","Intramacronucleata","Litostomatea",NA,NA,NA
"062296edee7b8cc66bdca1e9cd06811c","d__Eukaryota",NA,NA,NA,NA,NA,NA
"e0df6a7860e7bd2ca9968357eebd8706","d__Eukaryota",NA,NA,NA,NA,NA,NA
"93e01ccb8e85f6fa6087d39572d0bf54","d__Eukaryota","Gastrotricha","Gastrotricha","Chaetonotida","Chaetonotida","Chaetonotida","uncultured_eukaryote"
"6513f79767f91617341e83c843135b7e","d__Eukaryota",NA,NA,NA,NA,NA,NA
"3836c81bd6cd0e5fd1669f55d56bf187","d__Eukaryota","Ascomycota","Leotiomycetes",NA,NA,NA,NA
"e83856c97935ca3a62cc8d213f1acf53","d__Bacteria","Proteobacteria","Gammaproteobacteria",NA,NA,NA,NA
"1ad69338455ea0cd672a383568811806","d__Eukaryota","Ochrophyta","Chrysophyceae","Chrysophyceae","Chrysophyceae","Chrysophyceae","Hydrurus_foetidus"
"1219788c093c02471bc75771eee34639","d__Eukaryota","SAR","Labyrinthulomycetes","Labyrinthulomycetes","Labyrinthulomycetes","Sorodiplophrys","Sorodiplophrys_stercorea"
"ce7933b3773f7f978d8003c5f220ab79","d__Eukaryota",NA,NA,NA,NA,NA,NA
"3c57916f31ee1d2d0506925778bb58fe","d__Eukaryota","Centrohelida","Centrohelida","Centrohelida",NA,NA,NA
"da767a528d159f91df84e0d576de2d0e","d__Eukaryota","Ascomycota","Dothideomycetes","Capnodiales",NA,NA,NA
"633d203934a12aeada7898e337e92b24","d__Eukaryota","Ochrophyta","Chrysophyceae","Chrysophyceae","Chrysophyceae","Chrysophyceae","Hydrurus_foetidus"
"348d9b22a8ca2aca5e137308c07d8c5a","d__Eukaryota",NA,NA,NA,NA,NA,NA
"f33da32b64999bedacdf3d5904ebaa03","d__Eukaryota","Ciliophora","Intramacronucleata","Litostomatea",NA,NA,NA
"6c7cc0ea481edaaeaf8321ee560c35d7","d__Eukaryota",NA,NA,NA,NA,NA,NA
"dfe9ba16b08fdc89c3b0bf280aace975","d__Eukaryota","Chytridiomycota","Chytridiomycetes","Chytridiales",NA,NA,NA
"efa6c5eacf6bfc5960f2f3d48e349208","d__Eukaryota","Ciliophora","Intramacronucleata","Conthreep","Oligohymenophorea",NA,NA
"47a6479793d5b9c1baaf77db22d2bd7e","d__Bacteria","Nitrospirota","Nitrospiria","Nitrospirales","Nitrospiraceae","Nitrospira",NA
"0c832bde94f51500c0e01413dce60023","d__Bacteria",NA,NA,NA,NA,NA,NA
"2f6fa2f0d518dfc7e32e298d4c4e7c16","d__Bacteria",NA,NA,NA,NA,NA,NA
"93377e614bcb3447eed84d320dabb145","d__Bacteria","Proteobacteria","Alphaproteobacteria","Sphingomonadales","Sphingomonadaceae",NA,NA
"e6af4c8bf2e38c9a54a76d7ca67fcfc0","d__Eukaryota","Ciliophora","Postciliodesmatophora","Heterotrichea","Heterotrichea","Stentor","Stentor_roeselii"
"d252a876821f704406443ee041eb92b3","d__Eukaryota","Chytridiomycota","Chytridiomycetes",NA,NA,NA,NA
"88290d98aa3349fb6a0aeadb75d4dae1","d__Eukaryota","Nematozoa","Chromadorea","Monhysterida","Monhysterida","Monhysterida","Tridentulus_sp."
"b1d6e67ed275ae85155e06959078fccc","d__Bacteria","Planctomycetota","Planctomycetes","Isosphaerales","Isosphaeraceae","uncultured","uncultured_bacterium"
"8e952e8e80492c571372ed168c9a1a74","d__Eukaryota","Cercozoa","Thecofilosea","Thecofilosea","Thecofilosea","Thecofilosea","metagenome"
"c2d2e8f385d25ff8414e27f00e634acc","d__Eukaryota",NA,NA,NA,NA,NA,NA
"b1a8ff0e5eb479f238dc1caaf9fe5cec","d__Eukaryota","Diatomea","Bacillariophyceae","Bacillariophyceae","Bacillariophyceae","Navicula","Navicula_phyllepta"
"d49c45c0bf18e6532c5ba030c8c61bc1","d__Bacteria","Planctomycetota","Planctomycetes","Planctomycetales","Rubinisphaeraceae","SH-PL14","Planctomyces_sp."
"e5882f96d180b048240b63a198c392b5","d__Eukaryota",NA,NA,NA,NA,NA,NA
"c9fdbdc905a4620fd58bb80018f374b8","d__Eukaryota","Chlorophyta","Chlorophyceae","Chlorophyceae","Chlorophyceae","Chlorophyceae",NA
"1a8dd7685ddb5ea4afff5f94641f5e64","d__Eukaryota","Basidiomycota","Agaricomycetes","Agaricales",NA,NA,NA
"e877b0953e08ea4f5479a5e5884070c8","d__Eukaryota","Apicomplexa","Conoidasida","Gregarinasina","Eugregarinorida","Ascogregarina",NA
"37600cd04bb5f6c068e133895d223480","d__Eukaryota","Ciliophora","Intramacronucleata","Spirotrichea","Hypotrichia",NA,NA
"1b14d7417ccfa54c7457a5e7964375e7","d__Eukaryota","Ciliophora","Intramacronucleata","Conthreep","Oligohymenophorea","Tetrahymena",NA
"76c24a53792d90ae3a7fea23a26f6779","d__Eukaryota",NA,NA,NA,NA,NA,NA
"f0655e4494a80c61dfbad8d4df42f71b","d__Eukaryota","Ciliophora","Intramacronucleata","Litostomatea",NA,NA,NA
"30691664182aaa31f123d6d2bed9e281","d__Eukaryota",NA,NA,NA,NA,NA,NA
"bc64fdca799d981ef63ed033eeb26ff1","d__Eukaryota","Ciliophora","Intramacronucleata","Conthreep","Oligohymenophorea",NA,NA
"29d71e775bef92ed1bc601663d87228b","d__Eukaryota","Chlorophyta","Chlorophyceae","Sphaeropleales","Sphaeropleales","Mychonastes","uncultured_Chlorophyta"
"ea91bbb051977e2a00cb194b046f8688","d__Eukaryota","Ochrophyta","Chrysophyceae","Chrysophyceae","Chrysophyceae","Chrysophyceae","Hydrurus_foetidus"
"41b94ff5e564b1f5ce1d336ba8b46e73","d__Eukaryota","Rotifera","Bdelloidea","Adinetida","Adinetida","Adinetida",NA
"7c4bdebfc44306802babac06ab69ab4b","d__Bacteria",NA,NA,NA,NA,NA,NA
"ab055a821a742fe8518d08bd004e3d10","d__Eukaryota",NA,NA,NA,NA,NA,NA
"5939707e7518067d0a16b3ebf029b3aa","d__Bacteria","Proteobacteria","Gammaproteobacteria","Burkholderiales",NA,NA,NA
"df3ddf5ed0a392626626dd9f5acd7b8d","d__Eukaryota","Phragmoplastophyta","Embryophyta","Magnoliophyta","Magnoliophyta","Magnoliophyta",NA
"c26bf6e22b1fcf8cc0e900b2fc4abfe3","d__Eukaryota","Diatomea","Bacillariophyceae","Bacillariophyceae","Bacillariophyceae","Navicula","Navicula_phyllepta"
"bfa06cfce0705e4aa968de8cc84363f7","d__Eukaryota",NA,NA,NA,NA,NA,NA
"f04e70ac841d0c7ab195e06430a1558e","d__Bacteria","Proteobacteria","Alphaproteobacteria","Rhizobiales","Rhizobiales_Incertae_Sedis","uncultured","uncultured_Alphaproteobacteria"
"1e9d4c1ac0861ae37770fa9454a4db16","d__Eukaryota","Ciliophora","Intramacronucleata","Spirotrichea","Hypotrichia","Hypotrichia",NA
"a6d38a266ec12dac684111d04920f93c","d__Eukaryota","Ciliophora","Postciliodesmatophora","Heterotrichea","Heterotrichea","Stentor","Stentor_roeselii"
"979a5782fef487311ae97dc5ab84e5c1","d__Eukaryota","Ochrophyta","Chrysophyceae","Chrysophyceae","Chrysophyceae","Chrysophyceae","uncultured_Hydrurus"
"50f10ef7dcdfcab1641965e4d590cde8","d__Bacteria","Proteobacteria","Alphaproteobacteria","Sphingomonadales","Sphingomonadaceae",NA,NA
"9d7d9f58aceac79a29c7d864e04eb24f","d__Eukaryota","Diatomea","Bacillariophyceae","Bacillariophyceae","Bacillariophyceae","Navicula","Navicula_phyllepta"
"7ea3a54e1b5357921a9b34ffb722aaab","d__Eukaryota",NA,NA,NA,NA,NA,NA
"0371fce7efbf46760e5e87ad85f452fd","d__Bacteria","Verrucomicrobiota","Verrucomicrobiae","Opitutales","Opitutaceae","Ereboglobus","Ereboglobus_luteus"
"06baa1e5a953722163614f07c15f1450","d__Eukaryota",NA,NA,NA,NA,NA,NA
"c476d47d3c2513984914c7a198d133fa","d__Eukaryota","Chlorophyta","Chlorophyceae","Sphaeropleales","Sphaeropleales","Mychonastes","uncultured_Chlorophyta"
"2102f4b776ad20f1f6eecaa4f14f5103","d__Eukaryota","Arthropoda","Insecta","Trichoptera","Trichoptera","Trichoptera","Rhyacophila_fasciata"
"fa12798f8a967655edc0d233f81af005","d__Eukaryota","Chlorophyta","Trebouxiophyceae","Trebouxiophyceae","Trebouxiophyceae","Trebouxiophyceae","Spongiococcum_tetrasporum"
"37ebef60b713ceb8a762787ace00a63c","d__Eukaryota","Diatomea","Bacillariophyceae","Bacillariophyceae","Bacillariophyceae","Gomphonema",NA
"b608e14ef37ce53569568b8ff5c870c2","d__Eukaryota",NA,NA,NA,NA,NA,NA
"0ff1dddca80f14c83c7637f9763ea311","d__Eukaryota","Ciliophora","Intramacronucleata","Conthreep",NA,NA,NA
"3c7c33b743cea9e68cea23999d0ec00d","d__Eukaryota","Cercozoa","Thecofilosea","Cryomonadida","Rhizaspididae","Rhogostoma","uncultured_freshwater"
"7777d239dfeddc146ea7fe234dde1804","d__Eukaryota","LKM15","LKM15","LKM15","LKM15","LKM15","uncultured_Eimeriidae"
"b2d0a90f3ac46fac920d675a02fc405c","d__Eukaryota","Ciliophora","Postciliodesmatophora","Heterotrichea","Heterotrichea","Stentor","Stentor_roeselii"
"cadb58a57e290f6b9c6787cc52d9bd7b","d__Bacteria","Proteobacteria","Gammaproteobacteria","Pseudomonadales","Moraxellaceae","Moraxella",NA
"8d4e4d6a30984b4dad91369853eb0961","d__Bacteria","Bdellovibrionota","Bdellovibrionia","Bacteriovoracales","Bacteriovoracaceae","Peredibacter",NA
"dd0517b8f7de68537bbce75aac774dd3","d__Eukaryota","Ciliophora","Intramacronucleata","Conthreep","Plagiopylea","Epalxella","metagenome"
"95a7345a329d88e7760f2b72d7d0ad18","d__Eukaryota","Ciliophora","Intramacronucleata","Litostomatea","Haptoria",NA,NA
"1aafa6ef52d287deb3362f186fc120d3","d__Eukaryota","Chytridiomycota","Chytridiomycetes",NA,NA,NA,NA
"e670797c69d39cbb3e7eb8127600bdaf","d__Eukaryota",NA,NA,NA,NA,NA,NA
"b7a5f048b0e7fdef9f02c17169b917a2","d__Eukaryota","Nematozoa","Chromadorea","Monhysterida","Monhysterida","Monhysterida","Tridentulus_sp."
"2c62f150ba5742122365f5b3160623f2","d__Eukaryota","Basidiomycota","Agaricomycetes","Agaricales","Agaricales","Agaricales","metagenome"
"0ba11e5faf925283a849041a068ee7f1","d__Eukaryota","Nematozoa","Chromadorea","Monhysterida","Monhysterida","Monhysterida","Tridentulus_sp."
"e6a7f31cfa22ea9d0da2a6248352f07c","d__Eukaryota","Amoebozoa","Discosea","Discosea","Discosea","Discosea","metagenome"
"0c784bf342bf762dbd2314584dffcb01","d__Eukaryota","Rotifera","Bdelloidea","Adinetida","Adinetida","Adinetida",NA
"41cf8eb68035b9dd7ef5f04791dcbd85","d__Eukaryota","Ascomycota","Leotiomycetes","Helotiales","Helotiaceae","Ascocoryne","Ascocoryne_solitaria"
"5acf61bbfb07da3a9e8eb107796273c5","d__Bacteria","Proteobacteria","Alphaproteobacteria","Rhizobiales",NA,NA,NA
"e9a7149ecd04d35852bda00e51f32f40","d__Eukaryota","Ciliophora","Intramacronucleata","Litostomatea",NA,NA,NA
"4f6cbefca36bddc190b7b28a17a34b7a","d__Bacteria","Nitrospirota","Nitrospiria","Nitrospirales","Nitrospiraceae","Nitrospira","Nitrospira_japonica"
"78afb91f0a25bc022db30c135777d8c7","d__Bacteria","Proteobacteria","Alphaproteobacteria","Rhizobiales",NA,NA,NA
"f7992f0785e7b3749e4d1f7e33a498b8","d__Eukaryota","Nematozoa","Chromadorea","Monhysterida","Monhysterida","Monhysterida","Tridentulus_sp."
"e9676b9babee5fd1e46327d0259bf24d","d__Eukaryota","Ascomycota","Dothideomycetes","Capnodiales","Cladosporiaceae","Cladosporium",NA
"0146ac238754ab50417c1ef955d07bb5","d__Eukaryota","Ascomycota","Leotiomycetes",NA,NA,NA,NA
"0ceb86576266c2f0e098c85dea4cc901","d__Eukaryota",NA,NA,NA,NA,NA,NA
"9d26814d31a3151367229bb7404f6e59","d__Eukaryota","Euglenozoa","Kinetoplastea",NA,NA,NA,NA
"417f4a955e5653bf9db96d1bb87877bc","d__Bacteria","Proteobacteria","Alphaproteobacteria",NA,NA,NA,NA
"76db7f2b4296971f224cf5cb1cf5c041","d__Eukaryota",NA,NA,NA,NA,NA,NA
"2b9d24023e3bdd619926883790d16220","d__Eukaryota","Basidiomycota","Tremellomycetes","Filobasidiales",NA,NA,NA
"50220f0464fc98470035db2320c5c0ef","d__Eukaryota","Diatomea",NA,NA,NA,NA,NA
"c7d49819d121f36f7a1423ba9a5163b9","d__Eukaryota","Arthropoda","Insecta","Ephemeroptera","Ephemeroptera","Ephemeroptera",NA
"e626e87c78a18f491393045c3df8db83","d__Bacteria",NA,NA,NA,NA,NA,NA
"0e1342c212b97126a8030351e1c982f5","d__Eukaryota",NA,NA,NA,NA,NA,NA
"9574eb50dea7716644104c75dd3dadc7","d__Eukaryota","Ciliophora","Postciliodesmatophora","Heterotrichea","Heterotrichea","Stentor","Stentor_roeselii"
"ce135b4e0d1e835e0dcdc95686f84176","d__Bacteria","Proteobacteria","Alphaproteobacteria","Rhodobacterales","Rhodobacteraceae","Tabrizicola","Rhodobacteraceae_bacterium"
"d8e4fb0aa38ca3ce9fc7180ef77efe69","d__Eukaryota","Ciliophora","Intramacronucleata","Conthreep","Oligohymenophorea",NA,NA
"b4e6b3d9dd33beb2973ef49985a0dd06","d__Eukaryota","Dinoflagellata","Dinophyceae",NA,NA,NA,NA
"17e2667f7e8bbc328d1d0cfb0deec56a","d__Eukaryota","Ciliophora","Intramacronucleata","Conthreep","Oligohymenophorea",NA,NA
"a7a074fa18fa76a504b0feaf82df946c","d__Eukaryota","Gastrotricha","Gastrotricha","Chaetonotida","Chaetonotida","Chaetonotida",NA
"3bd1da9f05cd9664809891f89b93e5d9","d__Eukaryota","Euglenozoa","Kinetoplastea","Eubodonida","Eubodonida","Bodo",NA
"f4b6218f40b5a5373318fecc40236152","d__Bacteria",NA,NA,NA,NA,NA,NA
"0a0b94ae17338315bd07e76bbd7d8d02","d__Eukaryota","Vertebrata","Mammalia","Mammalia","Mammalia","Mammalia",NA
"2b470856f6b9c27061be785a6c0dafa3","d__Bacteria","Proteobacteria","Alphaproteobacteria","Rhizobiales","Rhizobiales_Incertae_Sedis","uncultured","uncultured_Alphaproteobacteria"
"d020e002c3e10d8a76082fcdb5c67dca","d__Eukaryota","Ciliophora","Postciliodesmatophora","Heterotrichea","Heterotrichea","Stentor","Stentor_roeselii"
"0334e358053f699160778343885dbedd","d__Eukaryota","Ochrophyta","Eustigmatophyceae","Eustigmatales","Eustigmatales","Nannochloropsis",NA
"5c1727fae7a5356b6d262d719d3db7e9","d__Bacteria","Proteobacteria","Alphaproteobacteria","Rhodobacterales","Rhodobacteraceae",NA,NA
"397bae8651ad45b7cc0c7e786d32705b","d__Bacteria","Proteobacteria","Alphaproteobacteria","Sphingomonadales","Sphingomonadaceae",NA,NA
"20edaf2500ac5c957668821c3a25d792","d__Eukaryota","Diatomea",NA,NA,NA,NA,NA
"5d1d7deb73361a44749d4f798a5ff149","d__Bacteria",NA,NA,NA,NA,NA,NA
"02a1b6e4a30f559ebf9385ff1c4c5fc7","d__Bacteria","Proteobacteria","Alphaproteobacteria","Micropepsales","Micropepsaceae","uncultured","uncultured_bacterium"
"77d4d43281f533edaa296f40143748b5","d__Eukaryota",NA,NA,NA,NA,NA,NA
"a5bae8e067a297c42e1d56434a6a9509","d__Eukaryota","Peronosporomycetes","Peronosporomycetes","Peronosporomycetes","Peronosporomycetes","Aphanomyces","Aphanomyces_astaci"
"71789fdd496ab178c2f76da3ea46d45e","d__Eukaryota","Ciliophora","Intramacronucleata","Litostomatea",NA,NA,NA
"1a9d4494544e07a61d382433e874ab1b","d__Eukaryota","Ciliophora","Intramacronucleata","Conthreep","Oligohymenophorea","Tetrahymena",NA
"608f6c28d80cdc08eceaa853dd67b74d","d__Eukaryota","Diatomea","Bacillariophyceae","Bacillariophyceae","Bacillariophyceae",NA,NA
"9c92edcd9a36daf8d4dbb949ca3c25a7","d__Eukaryota","Platyhelminthes","Rhabditophora","Rhabdocoela","Neodalyellida","Neodalyellida",NA
"d7396cd32bb3a7943b408bbb502780a9","d__Eukaryota","Phragmoplastophyta","Embryophyta","Magnoliophyta","Magnoliophyta","Magnoliophyta",NA
"a13823ea422dbf37a8cc080bb74dde71","d__Eukaryota","Annelida","Clitellata","Haplotaxida","Haplotaxida","Haplotaxida","Stylaria_sp."
"25887894a3ffc03ec836cc200adf6e49","d__Eukaryota","Ciliophora","Intramacronucleata","Conthreep","Oligohymenophorea","Peritrichia","Ophrydium_versatile"
"3223a8434ce3a2636a13d49b08eee8f3","d__Eukaryota","Ascomycota","Taphrinomycetes","Taphrinales","Taphrinaceae","Taphrina",NA
"6cac1776106e7605dd1837c74fc3a752","d__Eukaryota","Platyhelminthes","Rhabditophora","Lecithoepitheliata","Lecithoepitheliata","Lecithoepitheliata","Geocentrophora_sp."
"1239c5a9f174316de08d7b56f21539f7","d__Eukaryota","Arthropoda","Insecta","Diptera","Diptera","Diptera","Chironomus_tentans"
"81a58b2c670a47d5e25aa5e11dd1e368","d__Eukaryota","Ciliophora","Intramacronucleata","Conthreep","Oligohymenophorea","Tetrahymena","Tetrahymena_farahensis"
"7280c21b48e326b22165f1a49a0c089b","d__Eukaryota","Chytridiomycota","Chytridiomycetes","Chytridiales",NA,NA,NA
"a3af51741d6ba73b76012b33804eedfa","d__Eukaryota","Chlorophyta","Chlorophyceae","Sphaeropleales","Sphaeropleales","Mychonastes","uncultured_Chlorophyta"
"ebc21298fa80daa6ef1d398b4c826767","d__Eukaryota","Ciliophora","Intramacronucleata","Litostomatea",NA,NA,NA
"e5d55b1f6317f9477847b06195b0428a","d__Eukaryota","Rotifera","Bdelloidea","Adinetida","Adinetida","Adinetida",NA
"fea0a2362a1f048dd3fdbe4343f94473","Unassigned",NA,NA,NA,NA,NA,NA
"bef834fa995653467e11111f70141178","d__Eukaryota","Chlorophyta","Chlorophyceae","Chlorophyceae","Chlorophyceae","Chlorophyceae","Stigeoclonium_farctum"
"29b556f013a53985154d034da3991108","d__Bacteria","Planctomycetota","Planctomycetes","Isosphaerales","Isosphaeraceae","uncultured","uncultured_bacterium"
"39e54148509f0a69710f2b6d97c0a91b","d__Eukaryota","Basidiomycota","Microbotryomycetes","Sporidiobolales","Sporidiobolaceae","Rhodotorula",NA
"41c2dbf0af4ac4a58d6d33843bdeb256","d__Bacteria","Proteobacteria","Gammaproteobacteria","Burkholderiales",NA,NA,NA
"ac1b2fefc695b47659f7aec395f11a45","d__Eukaryota","Heterolobosea","Tetramitia","Tetramitia","Tetramitia","Vahlkampfia","Vahlkampfia_avara"
"4c0a44001a51f9f4a8915418192faf20","d__Eukaryota","Ciliophora","Intramacronucleata","Spirotrichea","Hypotrichia","Hypotrichia",NA
"b87116f9fe8d37b3851c005bf8913f47","d__Eukaryota","Diatomea","Bacillariophyceae","Bacillariophyceae","Bacillariophyceae","Navicula","Navicula_phyllepta"
"32e883594bae34aa0ce09006e6a38079","d__Eukaryota","Cercozoa","Thecofilosea","Thecofilosea","Thecofilosea","Thecofilosea","metagenome"
"01e3abc68fe399adb42523c6bf3a305a","d__Eukaryota",NA,NA,NA,NA,NA,NA
"1e912e1555b5a6d57ddc25cce8aa46a3","d__Bacteria","Verrucomicrobiota","Verrucomicrobiae","Opitutales","Opitutaceae",NA,NA
"bb476cfbeda5a22b631968e8195dded9","d__Eukaryota","Mollusca","Bivalvia","Veneroida","Veneroida","Veneroida","Tapes_literata"
"9fb2972cd37d045003efce05015dc397","d__Eukaryota","Ascomycota","Dothideomycetes","Capnodiales",NA,NA,NA
"2a26fe6db45953518b00eb1c13bbfbab","d__Eukaryota",NA,NA,NA,NA,NA,NA
"53ce0a39c775a7a81e2d8cc386fccd70","d__Eukaryota","Rotifera","Monogononta","Ploimida","Ploimida","Ploimida","Synchaeta_tremula"
"28489a4fcc02e861da3db4b0f12a69ab","d__Eukaryota",NA,NA,NA,NA,NA,NA
"7ba0539fd0640a852ef1ad5d18457ffe","d__Eukaryota","Platyhelminthes",NA,NA,NA,NA,NA
"d531aa1b710314d75fa460a8951520c4","d__Eukaryota","Arthropoda","Insecta","Diptera","Diptera","Diptera","Ablabesmyia_rhamphe"
"1b86c614cab7c630cfd3a86f9f3fc657","d__Bacteria","Proteobacteria","Alphaproteobacteria","Sphingomonadales","Sphingomonadaceae",NA,NA
"64e17a843fb3fa51ad967f5cb677bff1","d__Bacteria","Planctomycetota","Planctomycetes","Planctomycetales","Rubinisphaeraceae",NA,NA
"de9408f07d0c6e7dfe20dbc3e454813b","d__Eukaryota","Cercozoa","Thecofilosea","Cryomonadida",NA,NA,NA
"6c256092b010f6e1a5afc80c8e970ae6","d__Eukaryota",NA,NA,NA,NA,NA,NA
"eb853b1161aa57063bfc8e6cde597861","d__Bacteria","Proteobacteria","Gammaproteobacteria",NA,NA,NA,NA
"36d9e9b41935187c9a84c27110ece304","d__Eukaryota","Ciliophora","Intramacronucleata","Conthreep","Oligohymenophorea","Peritrichia","Ophrydium_versatile"
"fb70158e214c25a79ae3c3b6d45b22af","d__Eukaryota",NA,NA,NA,NA,NA,NA
"5a16bc6146a22be74de1d4544738c81f","d__Eukaryota","Diatomea","Coscinodiscophytina","Fragilariales","Fragilariales",NA,NA
"88dfd156c4b164359a43a1322dda1fd0","d__Bacteria","Planctomycetota","Planctomycetes","Isosphaerales","Isosphaeraceae",NA,NA
"70d2cefd0a3b7da46353762b7fdc6850","d__Bacteria","Proteobacteria","Alphaproteobacteria","Rhizobiales","Rhizobiales_Incertae_Sedis","uncultured","uncultured_Alphaproteobacteria"
"66fd05e6176eeb34fa3c9bee0775d626","d__Eukaryota","Cryptomycota","LKM11","LKM11","LKM11","LKM11","invertebrate_environmental"
"509cc0d3c9bd5ceac3c244bfed6ae4fd","d__Bacteria",NA,NA,NA,NA,NA,NA
"bc52b413a2ffb71b6627f3e4ad349c9a","d__Bacteria","Proteobacteria","Gammaproteobacteria",NA,NA,NA,NA
"932d41bec516e3dccf38a225f277be73","d__Eukaryota","Diatomea","Bacillariophyceae","Bacillariophyceae","Bacillariophyceae","Navicula","Navicula_arenaria"
"3e582b465d89792062d4bf1996848fa7","d__Eukaryota","Cercozoa","Novel_Clade_2","Novel_Clade_2","Novel_Clade_2","Novel_Clade_2","uncultured_freshwater"
"17f4a18368aa5bd2edd2a745fade6ed7","d__Bacteria","Proteobacteria","Gammaproteobacteria",NA,NA,NA,NA
"e950b84a65667a5b2d5c0edf5c917e61","d__Bacteria","Acidobacteriota","Acidobacteriae",NA,NA,NA,NA
"c0ef1e91ac48a9ee3f1183ce5d219303","d__Eukaryota","Ciliophora","Intramacronucleata","Litostomatea",NA,NA,NA
"f5937cb656b9e5c49fc8d8dcc6f5c187","d__Eukaryota","Chlorophyta","Chlorophyceae","Sphaeropleales","Sphaeropleales","Mychonastes",NA
"ec0b0b0e51b5c552b47e2214c981667e","d__Eukaryota",NA,NA,NA,NA,NA,NA
"c7ff4569bd787cf4c48eca294c08dcc3","d__Eukaryota","Ascomycota","Dothideomycetes","Capnodiales",NA,NA,NA
"3f6795edbce8c42d137c7c3adf97223b","Unassigned",NA,NA,NA,NA,NA,NA
"5b764a201389a52a245191668a355b21","d__Eukaryota",NA,NA,NA,NA,NA,NA
"bd268b35862cb08b6c06bcbbb38b5aeb","d__Bacteria","Proteobacteria","Alphaproteobacteria","Sphingomonadales","Sphingomonadaceae",NA,NA
"0c4884740cf41742885c6d35ddc6a00f","d__Eukaryota","Diatomea","Coscinodiscophytina","Fragilariales","Fragilariales","Ulnaria","Synedra_angustissima"
"b65bb4ef4a7e36ca717926ff303be67d","d__Eukaryota","Ascomycota","Saccharomycetes","Saccharomycetales","Debaryomycetaceae",NA,NA
"05d8163a003bf6373cd8d7f493326bf5","d__Eukaryota","Euglenozoa","Kinetoplastea","Neobodonida","Neobodonida","Rhynchomonas","Thalassiosira_rotula"
"a192e280d2314f370600686bf7e23866","d__Eukaryota","Euglenozoa","Kinetoplastea","Prokinetoplastina","Prokinetoplastina","Ichthyobodo","Ichthyobodo_necator"
"9e0c1f85730c91751379e447df0cb57a","d__Bacteria",NA,NA,NA,NA,NA,NA
"222dd7cfeb267dbf2e5266444389741d","d__Eukaryota","Apicomplexa","Conoidasida","Gregarinasina","Eugregarinorida","Ascogregarina",NA
"d5a8e5699baf0e0e83f04fbd6f2910cb","d__Eukaryota","Ciliophora","Intramacronucleata","Conthreep","Oligohymenophorea","Peritrichia","Ophrydium_versatile"
"4fd3509f9880c3bdaeff3a5b543b3a23","d__Eukaryota",NA,NA,NA,NA,NA,NA
"7e34b77f0d928f39870622ba31e5fc35","d__Eukaryota","Ascomycota","Dothideomycetes","Pleosporales",NA,NA,NA
"a8ad148dd337090439570bf69f819fff","d__Eukaryota",NA,NA,NA,NA,NA,NA
"bc407d6a5e79a831044076a18bb2eae0","d__Eukaryota","Ciliophora","Intramacronucleata","Spirotrichea","Hypotrichia","Hypotrichia",NA
"55507383f6a957d7e526a616d6290321","d__Eukaryota","Diatomea","Coscinodiscophytina","Fragilariales","Fragilariales",NA,NA
"3064307c7eb5b453549d67ac50353007","d__Eukaryota","Ochrophyta","Chrysophyceae","Chrysophyceae","Chrysophyceae","Chrysophyceae",NA
"0b140c1ee8543f9e144d24883beb2c95","d__Eukaryota",NA,NA,NA,NA,NA,NA
"11fa8443091eb0ff2b028631360424bf","d__Eukaryota","Chytridiomycota","Chytridiomycetes",NA,NA,NA,NA
"aafddc25f61327e636df7df262d7e559","d__Eukaryota",NA,NA,NA,NA,NA,NA
"27a1d5f99d6c402de5c7cdd2127e9de0","d__Eukaryota","Apicomplexa","Conoidasida","Gregarinasina",NA,NA,NA
"409391a9ce8885968afa95f05ccf1dd5","d__Eukaryota","Euglenozoa","Kinetoplastea",NA,NA,NA,NA
"6b37e8493c5063c175172b306da2d22a","d__Eukaryota","Ciliophora","Intramacronucleata","Conthreep","Oligohymenophorea",NA,NA
"48705fb10682af351c9204984d3bf036","d__Eukaryota","Ciliophora","Intramacronucleata","Litostomatea",NA,NA,NA
"c529ea37ab32bc88988948f3a2288efe","d__Eukaryota","Ciliophora","Intramacronucleata","Litostomatea",NA,NA,NA
"817ea1d00b602905b61c56dfb8c1d728","d__Eukaryota","Nematozoa","Chromadorea","Monhysterida","Monhysterida","Monhysterida","Tridentulus_sp."
"452249e7fac49c929fd7ef1ea56c9b30","d__Bacteria","Planctomycetota","Planctomycetes","Isosphaerales","Isosphaeraceae","uncultured","uncultured_bacterium"
"820c289498307bd548d11638d40f881e","d__Eukaryota","Ciliophora","Postciliodesmatophora","Heterotrichea","Heterotrichea","Stentor","Stentor_roeselii"
"13a30aa36cd713f8a6724b7a0ef52b68","d__Eukaryota","Chytridiomycota","Chytridiomycetes","Chytridiales","Incertae_Sedis","Incertae_Sedis","uncultured_Chytridiomycota"
"f865d2d9c121b1a6c253c9e3ab16dd2f","d__Eukaryota",NA,NA,NA,NA,NA,NA
"9bc24feff2077d28287e38003fde7401","d__Bacteria","Planctomycetota","Planctomycetes","Gemmatales","Gemmataceae","uncultured","uncultured_sludge"
"6628789b2addef810fa5c42930998173","d__Eukaryota","Ciliophora","Intramacronucleata","Litostomatea",NA,NA,NA
"c0af2834f4e8fb1f041fedf017f3bc7d","d__Eukaryota","Ciliophora","Intramacronucleata","Conthreep","Phyllopharyngea","Tokophrya","uncultured_ciliate"
"3186cf2def30df179a7679f712c9c109","d__Eukaryota","Diatomea","Bacillariophyceae","Bacillariophyceae","Bacillariophyceae",NA,NA
"60d0c35338e78057aeeb3e7e0a5dc8a2","d__Eukaryota",NA,NA,NA,NA,NA,NA
"8e7a1ed50a19a99702f307843b4e2eae","d__Eukaryota",NA,NA,NA,NA,NA,NA
"901acb0fdb41594706f6086b65c35a49","d__Eukaryota",NA,NA,NA,NA,NA,NA
"9f4172b885eb967f3df5125b65b1ea21","d__Bacteria","Actinobacteriota","Actinobacteria","Frankiales","Sporichthyaceae","hgcI_clade","uncultured_bacterium"
"be830ccfe25b84073cda2971c7651a2f","d__Eukaryota","Phragmoplastophyta","Embryophyta","Magnoliophyta","Magnoliophyta","Magnoliophyta",NA
"5940e61fb60f2b3c56040fd33c02c826","d__Eukaryota","Ciliophora","Postciliodesmatophora","Heterotrichea","Heterotrichea","Stentor","Stentor_roeselii"
"51ade9c26a918586c13d093c1e199836","d__Eukaryota","Gastrotricha","Gastrotricha","Chaetonotida","Chaetonotida","Chaetonotida","uncultured_eukaryote"
"7ea8b5710a64dd76c8ec8cecef00b971","d__Eukaryota","Dinoflagellata","Dinophyceae",NA,NA,NA,NA
"0eddb48af25bec45650fc7c994ef011d","d__Eukaryota","Arthropoda","Insecta","Trichoptera","Trichoptera","Trichoptera",NA
"7278f22e465c43afa584c7aea0918a37","d__Eukaryota","Ciliophora","Intramacronucleata","Litostomatea","Haptoria",NA,NA
"daa4cfcc66e8d2fc1be3d472b2a88098","d__Bacteria","Proteobacteria","Alphaproteobacteria","Rhizobiales",NA,NA,NA
"4a98c614ec5c7345f368b53f001fbb17","d__Bacteria","Proteobacteria","Alphaproteobacteria","Rhizobiales",NA,NA,NA
"a816707c79c80da9bd14801d5e0204cc","d__Eukaryota","Apicomplexa","Conoidasida","Gregarinasina","Eugregarinorida","uncultured","uncultured_alveolate"
"ae6de169e91a6e0db17ee1ecf978007c","d__Eukaryota",NA,NA,NA,NA,NA,NA
"e89032eaba104a09e0cf1a1bdec9d862","d__Eukaryota","Tardigrada","Eutardigrada","Parachela","Parachela","Parachela","Hypsibius_dujardini"
"2c6ed3e47171c05ce187d09ea508fb4d","d__Eukaryota","Diatomea",NA,NA,NA,NA,NA
"7dc664ea2fa1eed537384c8ef9289602","d__Eukaryota","Basidiomycota","Exobasidiomycetes","Exobasidiales","Exobasidiaceae","Exobasidium","uncultured_Dikarya"
"e0e1707b626a8bdd734128c80061f872","d__Eukaryota","Ciliophora","Intramacronucleata","Conthreep","Oligohymenophorea","Peritrichia","Ophrydium_versatile"
"284b6a7b795ba44ac68c686aa82dfef4","d__Eukaryota","Chlorophyta","Ulvophyceae","Ulvophyceae","Ulvophyceae","Ulvophyceae","Hazenia_basiliensis"
"3c16ebd4ddf408501cd1055832cf8712","d__Bacteria","Proteobacteria","Alphaproteobacteria","Sphingomonadales","Sphingomonadaceae",NA,NA
"cfc25ddf460d023dd2517885fc73a54d","d__Eukaryota","Apicomplexa","Conoidasida","Gregarinasina","Eugregarinorida","Ascogregarina",NA
"9787caada0bcfca634ecf92cc40a5e21","d__Bacteria","Verrucomicrobiota","Verrucomicrobiae",NA,NA,NA,NA
"a336cb8bbcd0679900e3eb509befeb53","d__Eukaryota","Cercozoa","Thecofilosea","Thecofilosea","Thecofilosea","Thecofilosea","metagenome"
"56117336e3966c5fb214a62dcf4c3cdd","d__Eukaryota","Diatomea","Bacillariophyceae","Bacillariophyceae","Bacillariophyceae","Gomphonema",NA
"40f17d821f2f91a46f78c3ab2c2150df","d__Eukaryota","Annelida","Clitellata","Haplotaxida","Haplotaxida","Haplotaxida",NA
"5b9e773f20f8a53ed84473dcf3e0b284","d__Bacteria","Proteobacteria","Alphaproteobacteria",NA,NA,NA,NA
"022d5b16e1b241a3827c429dce62d4b7","d__Eukaryota","Ascomycota","Leotiomycetes",NA,NA,NA,NA
"03f6304cbd7289d9c13f6d832540ef8c","d__Eukaryota","Peronosporomycetes","Peronosporomycetes","Peronosporomycetes","Peronosporomycetes","Pythium",NA
"4055b83408e8c065a62310b798abe22c","d__Eukaryota","Euglenozoa","Kinetoplastea",NA,NA,NA,NA
"bb5e04cbda12dc22cb7bd9807c93259b","d__Bacteria","Proteobacteria","Alphaproteobacteria","Rhizobiales","Rhizobiales_Incertae_Sedis","uncultured","uncultured_Alphaproteobacteria"
"e496bfbbed80143656506e2f2e6f61ff","d__Eukaryota",NA,NA,NA,NA,NA,NA
"3872f6340e5c8e28c09d98e41a8f3260","d__Bacteria","Proteobacteria","Gammaproteobacteria","Burkholderiales","Neisseriaceae",NA,NA
"52d723ee3ca9a89de330139f505a51ca","d__Eukaryota","Basidiomycota","Agaricomycetes","Polyporales",NA,NA,NA
"4f4cf68eae986f6777c7e8e4407e044a","d__Eukaryota",NA,NA,NA,NA,NA,NA
"ef9dd9c55a890c1f02f5d6311a03377c","d__Eukaryota","Cercozoa","Incertae_Sedis","Incertae_Sedis","Incertae_Sedis","Gymnophrys",NA
"ab1f46a21e4dd03bf89a324dc3c9c7f5","d__Bacteria","Proteobacteria","Gammaproteobacteria","Burkholderiales",NA,NA,NA
"42f5640900067362b6575b4bfab692d5","d__Eukaryota",NA,NA,NA,NA,NA,NA
"459834c32b7dfca3b137f35e8fe8533d","d__Eukaryota",NA,NA,NA,NA,NA,NA
"f306f51bb988819a563af298d3e565ba","d__Eukaryota","Apicomplexa","Conoidasida","Gregarinasina","Eugregarinorida","Ascogregarina",NA
"ae9d5efa117d121bbe6036efb2f98272","d__Eukaryota",NA,NA,NA,NA,NA,NA
"3f65ee5cef2166cc4fb78db27dade4e6","d__Eukaryota","Cercozoa","Glissomonadida","Glissomonadida","Glissomonadida",NA,NA
"7d4ae924e3a3e5ac4b4a401b9789fde2","d__Eukaryota",NA,NA,NA,NA,NA,NA
"04d5925674b902470e8b2bf8683db018","d__Bacteria",NA,NA,NA,NA,NA,NA
"5057edd8b77a724cc5419e6d9ea21ceb","d__Eukaryota",NA,NA,NA,NA,NA,NA
"d474f627d4326064c36ea5aff851ddbe","d__Eukaryota","Diatomea","Bacillariophyceae","Bacillariophyceae","Bacillariophyceae",NA,NA
"f7138a386dde633702917975287cd27f","d__Bacteria","Proteobacteria","Alphaproteobacteria","Sphingomonadales","Sphingomonadaceae",NA,NA
"83501a05476de8b08d0221348197d1e2","d__Eukaryota","Chytridiomycota","Chytridiomycetes",NA,NA,NA,NA
"625fb6f1c3a54c2053aff27a33486e45","d__Bacteria","Proteobacteria","Alphaproteobacteria","Reyranellales","Reyranellaceae","Reyranella","Reyranella_sp."
"90b942bbd80128399a6d7de631ad488b","d__Eukaryota","Ochrophyta","Chrysophyceae","Chrysophyceae","Chrysophyceae","Chrysophyceae",NA
"cdcf9e257ca9b40f24b5aa8f02577c46","d__Eukaryota","Ascomycota","Dothideomycetes","Capnodiales","Cladosporiaceae","Cladosporium",NA
"34c8d95091a6336cadeaed22436890cb","d__Eukaryota","Ochrophyta","Chrysophyceae","Chromulinales","Chromulinales","Chrysochaete","Chrysochaete_britannica"
"ed94ede4067845d8ed8fd16204ff1585","d__Eukaryota",NA,NA,NA,NA,NA,NA
"6d0907d3f8d06782af1d54ccbf866af6","d__Eukaryota","Ciliophora","Intramacronucleata","Litostomatea",NA,NA,NA
"56d3ae33681c8e9a28ccc7d6ca14ef9c","d__Bacteria","Proteobacteria","Gammaproteobacteria",NA,NA,NA,NA
"5770c95f789d277973ebc2a2f878003c","d__Eukaryota","Diatomea","Coscinodiscophytina","Fragilariales","Fragilariales","Ulnaria","Synedra_angustissima"
"885735143f0204a022ec69692ed1b6fe","d__Eukaryota",NA,NA,NA,NA,NA,NA
"0e6d7e96c2467a9284417ee50300515c","d__Eukaryota","Ciliophora","Intramacronucleata","Spirotrichea","Hypotrichia","Hypotrichia",NA
"0765575ea25dccb77831deca0c9c7586","d__Eukaryota","Ochrophyta","Chrysophyceae","Chrysophyceae","Chrysophyceae","Chrysophyceae",NA
"07e99c0ae8c8f333112d358e502f4503","d__Bacteria","Proteobacteria","Gammaproteobacteria",NA,NA,NA,NA
"f4e05272c9a9be5162970a979e457e75","d__Eukaryota","Chlorophyta","Chlorophyceae","Sphaeropleales","Sphaeropleales","Mychonastes","uncultured_Chlorophyta"
"73140cc563abf64b68287ed46043981f","d__Eukaryota","Rotifera","Monogononta","Flosculariacea","Flosculariacea","Flosculariacea","Sinantherina_socialis"
"2eef80bfd98122d55f9e88a5697a163f","d__Eukaryota","Ciliophora","Intramacronucleata","Conthreep","Colpodea",NA,NA
"84d93f27d6383a0e230a71b06c1cfb43","d__Bacteria","Proteobacteria","Alphaproteobacteria","Rhizobiales","Rhizobiales_Incertae_Sedis","uncultured","uncultured_Alphaproteobacteria"
"3d4b629149d58b659dc711cacb0cd3b6","d__Eukaryota","Ciliophora","Postciliodesmatophora","Heterotrichea","Heterotrichea","Stentor","Stentor_roeselii"
"2d2b307f549a1e5e0a9a2225e4a4f881","d__Eukaryota","Ochrophyta","Chrysophyceae","Chromulinales","Chromulinales","Chrysochaete","Chrysochaete_britannica"
"d742a495f5cb645d120b2b08f85cd79f","d__Eukaryota","Apicomplexa",NA,NA,NA,NA,NA
"1e5e8e474452c963399107372400af39","d__Eukaryota","Ciliophora","Intramacronucleata","Conthreep","Oligohymenophorea","Peritrichia","Ophrydium_versatile"
"eaf8fe4b717947a91368b7f0d424e5dd","d__Bacteria","Proteobacteria","Alphaproteobacteria","Rhodobacterales","Rhodobacteraceae","Tabrizicola","Rhodobacteraceae_bacterium"
"bde03e186e9dcdd4f4082905bb52850b","d__Eukaryota","Ciliophora","Postciliodesmatophora","Heterotrichea","Heterotrichea","Stentor","Stentor_roeselii"
"72c4fdace682e00e18548ca10f911b9c","d__Bacteria","Proteobacteria","Alphaproteobacteria",NA,NA,NA,NA
"72965180df6f9716b0772ee944e0808f","d__Eukaryota","Ciliophora","Intramacronucleata","Conthreep","Oligohymenophorea","Peritrichia","Ophrydium_versatile"
"34d75af02c2210ebd2b82e0b9e8d86f9","d__Eukaryota","Ciliophora","Intramacronucleata","Conthreep","Phyllopharyngea","Tokophrya",NA
"0db41269eebaa5dc13f12c95e5c93e6e","d__Eukaryota","Cryptophyceae","Cryptophyceae","Cryptomonadales","Cryptomonadales","Cryptomonadales",NA
"b065018e1eaf5d19f5386c6da1753f7e","d__Eukaryota","Ciliophora","Intramacronucleata","Conthreep","Oligohymenophorea","Peniculia","Lembadion_bullinum"
"c4e1a42e96c6d5574c0c97e420517ea6","d__Eukaryota","Cercozoa","Thecofilosea","Cryomonadida","Rhizaspididae","Rhogostoma","uncultured_freshwater"
"b82e8fe122e0b6f4f3b4c7741031e23a","d__Eukaryota","Diatomea","Bacillariophyceae","Bacillariophyceae","Bacillariophyceae","Gomphonema",NA
"616854b866699a9b2ed451f9954daede","d__Eukaryota",NA,NA,NA,NA,NA,NA
"30fcf04eae35a841c0682935ad9f157f","d__Eukaryota",NA,NA,NA,NA,NA,NA
"d510e12f22942ab158150f39a9d34f9a","d__Eukaryota","Chytridiomycota","Chytridiomycetes","Chytridiales","Incertae_Sedis","Incertae_Sedis","uncultured_Chytridiomycota"
"9a6044b93403630117dea75af1014016","d__Eukaryota",NA,NA,NA,NA,NA,NA
"42d9985adb0103f20198b3d16dcb62e8","d__Eukaryota",NA,NA,NA,NA,NA,NA
"b5f0303bec4a194ca1b2b3ee9da7f68d","d__Eukaryota","Platyhelminthes","Rhabditophora","Macrostomida","Macrostomida","Macrostomida","Macrostomum_tuba"
"18bfb2180c32bd1f0328ebf827563f78","d__Eukaryota","Cercozoa","Thecofilosea","Thecofilosea","Thecofilosea","Thecofilosea","metagenome"
"d322f570a31e56d5ac1296b223b616b3","d__Bacteria","Proteobacteria","Alphaproteobacteria",NA,NA,NA,NA
"0a138c18887b7f799ce531898724e4f3","d__Eukaryota",NA,NA,NA,NA,NA,NA
"c4bc4b6b60b88845c948d8de07d48946","d__Eukaryota",NA,NA,NA,NA,NA,NA
"58ca42d6460bb61a7552c6001522940d","d__Eukaryota","Vertebrata","Mammalia","Mammalia","Mammalia","Mammalia",NA
"3d4d0fad318d3c8daaf4902769baf28f","d__Bacteria","Planctomycetota","Planctomycetes","Isosphaerales","Isosphaeraceae","uncultured","uncultured_bacterium"
"a58883361892fd310acf034440412694","d__Eukaryota","Ciliophora","Postciliodesmatophora","Heterotrichea","Heterotrichea","Stentor","Stentor_roeselii"
"2fc8eb4b72112fa03f7a8b2cc9f8b4f4","d__Eukaryota",NA,NA,NA,NA,NA,NA
"defef7692d64210d426c159a73f29069","d__Eukaryota","Apicomplexa","Conoidasida","Gregarinasina","Eugregarinorida","Ascogregarina",NA
"5f7a6d87d037a707e74ffd5e022d382a","d__Eukaryota","Chlorophyta","Ulvophyceae","Ulvophyceae","Ulvophyceae","Ulvophyceae",NA
"5299655f82ddd6b814dd1ebc66e15a8c","d__Eukaryota",NA,NA,NA,NA,NA,NA
"4f04a94ad15d302345be93533dccde55","d__Eukaryota",NA,NA,NA,NA,NA,NA
"6390614e6a35537c0b64a9f7e89fba86","d__Eukaryota","Ciliophora","Intramacronucleata","Conthreep","Oligohymenophorea","Dexiotricha","Dexiotricha_elliptica"
"2f97f248655ee8aff3fce74173124025","d__Eukaryota","Ciliophora","Intramacronucleata","Litostomatea",NA,NA,NA
"f0a39b027403c3df75581975cc016f6a","d__Bacteria","Verrucomicrobiota","Verrucomicrobiae","Opitutales","Opitutaceae",NA,NA
"3e3668ff19d2f263ae9c1a0a8b45d830","d__Eukaryota","Rotifera","Monogononta","Flosculariacea","Flosculariacea","Flosculariacea","Sinantherina_socialis"
"90577518662b18823bca07b90177fef4","d__Eukaryota","Vertebrata","Mammalia","Mammalia","Mammalia","Mammalia",NA
"fa5e2a66d50594d5150c03a934481037","d__Bacteria","Proteobacteria","Alphaproteobacteria","Rhodobacterales","Rhodobacteraceae","Tabrizicola","Rhodobacteraceae_bacterium"
"17e1f00f462ee9f85852d93904ed72ec","d__Eukaryota","Ciliophora","Intramacronucleata","Litostomatea",NA,NA,NA
"38a5109a68900ae0880bc1b481db529d","d__Eukaryota","Ciliophora","Intramacronucleata","Conthreep","Oligohymenophorea","Peritrichia","Ophrydium_versatile"
"9633a75063161eaf0d47ca8fdf3f939c","d__Eukaryota","Euglenozoa","Kinetoplastea","Neobodonida","Neobodonida","Rhynchomonas","marine_metagenome"
"b655e3a4efaa83cdee2ba7ebef5a1034","d__Eukaryota","Chytridiomycota","Chytridiomycetes",NA,NA,NA,NA
"bd4dfdb5760ac05dfa9e858e0d08e9a4","d__Eukaryota","Rotifera","Monogononta","Flosculariacea","Flosculariacea","Flosculariacea","Sinantherina_socialis"
"eafbd64cc410e9822328a2b1a92bfbc2","d__Eukaryota","Ciliophora","Postciliodesmatophora","Heterotrichea","Heterotrichea","Stentor","Stentor_roeselii"
"2f43aeeef17e4ca8826ae5d43f24ffd5","d__Bacteria","Proteobacteria","Alphaproteobacteria","Rhodobacterales","Rhodobacteraceae","Rhodobacter","uncultured_Alphaproteobacteria"
"4af4027e7c0043a43dca98c1561fefa6","d__Eukaryota","Heterolobosea","Tetramitia","Tetramitia","Tetramitia","Allovahlkampfia","Plasmopara_viticola"
"6f5bb091c12975ff52da0361bafb1903","d__Eukaryota","Ciliophora","Intramacronucleata","Conthreep","Phyllopharyngea","Tokophrya",NA
"ea3d057cb4291e66ecde396ad111052e","d__Bacteria",NA,NA,NA,NA,NA,NA
"20be9e97cb563d6cfb9ae40bbf169f28","d__Eukaryota","Gastrotricha","Gastrotricha","Chaetonotida","Chaetonotida","Chaetonotida","Halichaetonotus_schromi"
"82c798205a19e6b4de55077928153c89","d__Eukaryota","Ciliophora","Intramacronucleata","Litostomatea","Haptoria",NA,NA
"0d546504f155acdfcdfeebe1bf9381ea","d__Eukaryota","Euglenozoa","Kinetoplastea","Neobodonida","Neobodonida","Rhynchomonas","marine_metagenome"
"ab5fedcb0cdd7436f632518b40b44eda","d__Eukaryota","Euglenozoa","Kinetoplastea","Neobodonida","Neobodonida","Rhynchomonas","marine_metagenome"
"1ff6d79df04b0a41a78ea67d3b1e5704","d__Eukaryota","Euglenozoa","Kinetoplastea",NA,NA,NA,NA
"694440b0b2ec1f38a6c1f3c4747e418e","d__Eukaryota","Dinoflagellata","Dinophyceae","Peridiniphycidae","Thoracosphaeraceae",NA,NA
"6276dbf636f3694dbb6148d27207e5ad","d__Eukaryota","Chytridiomycota","Chytridiomycetes",NA,NA,NA,NA
"d6f35e91429b35d13b092a67a729de47","d__Eukaryota",NA,NA,NA,NA,NA,NA
"d871f4c25f3c9e3403726018f2c0b4a0","d__Bacteria","Proteobacteria","Alphaproteobacteria",NA,NA,NA,NA
"99d432aa2b8a207f6f5147dc0c3ae332","d__Eukaryota",NA,NA,NA,NA,NA,NA
"67ccaf3068854a6ca178c4a5379e233c","d__Eukaryota","Ciliophora","Intramacronucleata","Litostomatea",NA,NA,NA
"c977b0ff0e9a090361c157259f549778","d__Bacteria","Proteobacteria","Alphaproteobacteria",NA,NA,NA,NA
"fa723b85b6a6244c1c9558d127f096b6","d__Bacteria","Proteobacteria","Alphaproteobacteria","Sphingomonadales","Sphingomonadaceae",NA,NA
"4f2942d7183a094b4d5238a2122b5d7f","d__Eukaryota","Cercozoa","Glissomonadida","Glissomonadida","Glissomonadida","uncultured","metagenome"
"638b076ab506640e02581e790bb2d36c","d__Eukaryota","Ciliophora","Postciliodesmatophora","Heterotrichea","Heterotrichea","Stentor","Stentor_roeselii"
"e3679a5b7f23fc7defe7a759aeadadf0","d__Eukaryota",NA,NA,NA,NA,NA,NA
"05ddfb4028ba1a26101b3776223aed85","d__Eukaryota","Apicomplexa","Conoidasida","Gregarinasina","Eugregarinorida","Ascogregarina",NA
"d8dce57aa750d2f2685815b8d7c2ea8f","Unassigned",NA,NA,NA,NA,NA,NA
"6dd238ba0934ee8b39b7dac83d36a595","d__Eukaryota",NA,NA,NA,NA,NA,NA
"e2f1fe06f9ea84b449b706d46f96ef52","d__Eukaryota","Arthropoda","Insecta",NA,NA,NA,NA
"45de2841330106cf6b38c3fd06c2f5a6","d__Bacteria","Planctomycetota","Planctomycetes","Pirellulales","Pirellulaceae","Pirellula","Pirellula_sp."
"43c830edb58f1e01c55be74a930143f7","d__Eukaryota","Ascomycota","Dothideomycetes","Capnodiales",NA,NA,NA
"3d8a7660300aae70000947e12642bea1","d__Eukaryota","Ochrophyta","Chrysophyceae","Chrysophyceae","Chrysophyceae","Chrysophyceae","marine_metagenome"
"021c76de1e148c8e0cf722426151d56d","Unassigned",NA,NA,NA,NA,NA,NA
"5c60b861be71ad70c9a8949f90d69619","d__Eukaryota",NA,NA,NA,NA,NA,NA
"f551d1d6f9d8f66962ac341357138ba6","d__Eukaryota",NA,NA,NA,NA,NA,NA
"9080c329a07775bac320826b53014018","d__Bacteria","Proteobacteria","Gammaproteobacteria",NA,NA,NA,NA
"0e07b54154c7a1b7feb46de3a6f97d40","d__Eukaryota","Chytridiomycota","Chytridiomycetes","Rhizophydiales","Rhizophydiales","Rhizophydiales","uncultured_Chytridiomycota"
"62a8d3b73b5a87c83bcdcc4ad475fd1f","d__Eukaryota","Amoebozoa","Discosea","Vannellida","Vannellida",NA,NA
"106928d01fcd0643bc161d79efdbef47","d__Bacteria","Proteobacteria","Alphaproteobacteria",NA,NA,NA,NA
"f6c8b823ee5d5e27d140321fa7f71e06","d__Bacteria",NA,NA,NA,NA,NA,NA
"16efb44a7006d28573e62e935f3c4c8e","d__Bacteria","Proteobacteria","Alphaproteobacteria","Rhodobacterales","Rhodobacteraceae",NA,NA
"5faa4b525f28b01de987da904bd9cdcd","d__Bacteria","Proteobacteria","Gammaproteobacteria","Burkholderiales","B1-7BS","B1-7BS","uncultured_bacterium"
"21ec182b3e18a5cf07ad034eb894355d","d__Eukaryota","Basidiomycota","Agaricomycetes",NA,NA,NA,NA
"1e0b59d4dd69eed6ce40bf40a8fe3868","d__Eukaryota","Apicomplexa","Conoidasida","Gregarinasina","Eugregarinorida","Eugregarinorida","Apicomplexa_sp."
"7666f78f364082736fad60b58799dc65","d__Eukaryota",NA,NA,NA,NA,NA,NA
"5a553501bbbc41bc22a119c5ea3cef33","d__Eukaryota","Ciliophora","Intramacronucleata","Conthreep","Oligohymenophorea","Peritrichia","Ophrydium_versatile"
"da7f1d3d89d346fdee84fbe13307c24c","d__Eukaryota","SAR","Labyrinthulomycetes","Labyrinthulomycetes","Labyrinthulomycetes","Sorodiplophrys","Sorodiplophrys_stercorea"
"8b6c43dc7030aa9b05303961c6482367","d__Eukaryota",NA,NA,NA,NA,NA,NA
"00a285f41619938833c1740c4842ed8a","d__Eukaryota","Ciliophora","Intramacronucleata","Litostomatea",NA,NA,NA
"1c6bfa1e14c718acf6553c2fe1a4ae68","d__Bacteria","Proteobacteria","Gammaproteobacteria","Burkholderiales",NA,NA,NA
"4f903941e20ee51be2eca9cfaea7487d","d__Bacteria",NA,NA,NA,NA,NA,NA
"d268b5e9309c9d7b45ba276096cab81d","d__Eukaryota","Ciliophora","Postciliodesmatophora","Heterotrichea","Heterotrichea","Stentor","uncultured_ciliate"
"4dc6730aa071258f60eed84d7bf88244","d__Eukaryota","Ascomycota","Eurotiomycetes","Eurotiales","Trichocomaceae",NA,NA
"29f9d4cd9cd66e933af638c1fcc25ca8","d__Eukaryota","Ciliophora","Intramacronucleata","Conthreep","Oligohymenophorea",NA,NA
"b85fda99a9b206eaee11025a6b4d9dd4","d__Eukaryota","Ciliophora","Intramacronucleata","Litostomatea",NA,NA,NA
"e081ea571ed25f265a608b0e401e6b8b","d__Eukaryota","Ochrophyta","Chrysophyceae","Ochromonadales","Ochromonadales","Paraphysomonas","eukaryotic_picoplankton"
"81f39116c47930f3ba653e8c0175698a","d__Eukaryota","Amoebozoa","Discosea","Vannellida","Vannellida",NA,NA
"155817c61e574671b44fea5485e99a09","d__Eukaryota","Chytridiomycota","Chytridiomycetes","Chytridiales","Incertae_Sedis","Incertae_Sedis","uncultured_Chytridiomycota"
"2f0ae2801d076ccc987ca527f92df9d6","d__Bacteria","Proteobacteria","Alphaproteobacteria","Sphingomonadales","Sphingomonadaceae",NA,NA
"11df8e202f06430ece46fab55394658e","d__Bacteria","Proteobacteria","Gammaproteobacteria",NA,NA,NA,NA
"5bb620ba55bdbb8fe871b28859213aa7","d__Eukaryota","Gastrotricha","Gastrotricha","Chaetonotida","Chaetonotida","Chaetonotida","Halichaetonotus_schromi"
"444d1ea6d838d17d2f6c92e6f2361ce3","d__Eukaryota","Ciliophora","Intramacronucleata","Litostomatea",NA,NA,NA
"4fd09b5394f01f4e7ee0127afbf6acc8","d__Bacteria","Planctomycetota","Planctomycetes","Planctomycetales","Rubinisphaeraceae","uncultured",NA
"aafc7ab1f000f9f2a3afaa3196696e5f","d__Eukaryota","Chytridiomycota","Chytridiomycetes","Incertae_Sedis","Incertae_Sedis","Catenomyces","Catenomyces_persicinus"
"b1123dff40972dec12dee6efadc7daed","d__Eukaryota","Incertae_Sedis","Incertae_Sedis","Incertae_Sedis","Incertae_Sedis","Telonema","uncultured_marine"
"ae0f04ecb5c08072e8f762e1cca91d5d","d__Eukaryota","Chlorophyta","Chlorophyceae","Sphaeropleales","Sphaeropleales","Mychonastes","uncultured_Chlorophyta"
"6de6d3b098a7ab0e1364df3def993bf3","d__Bacteria","Proteobacteria","Alphaproteobacteria","Rhizobiales",NA,NA,NA
"d7b46755e1fbab43cb9e9a194d4f7503","Unassigned",NA,NA,NA,NA,NA,NA
"a68ee5f9c0c216e47b9a185034646f9b","d__Eukaryota","Apicomplexa","Conoidasida","Gregarinasina","Eugregarinorida","Ascogregarina",NA
"019e0d8c60affe01a2b665cee2d71c6f","d__Eukaryota","Ciliophora","Intramacronucleata","Conthreep","Oligohymenophorea","Tetrahymena","Tetrahymena_farahensis"
"c1074adce8cace8bdbb99f1ee92e62ef","d__Eukaryota","Ascomycota",NA,NA,NA,NA,NA
"9076b32f8e8f43eb049b34962ba9cf13","d__Eukaryota","Heterolobosea","Tetramitia","Tetramitia","Tetramitia","Allovahlkampfia","Plasmopara_viticola"
"052178f505e62204300fec88b540343b","d__Eukaryota","Cercozoa","Vampyrellidae","Vampyrellidae","Vampyrellidae","Vampyrellidae","Cercozoa_sp."
"b08f23ea3f2c57b7499116cc762c9007","d__Eukaryota","Ciliophora","Intramacronucleata","Conthreep","Phyllopharyngea","Cyrtophoria","metagenome"
"8d9a33432535a208a77adad330af0ec0","d__Eukaryota","Ciliophora","Intramacronucleata","Conthreep","Oligohymenophorea",NA,NA
"23f010d928ef23ce2508fae287156389","d__Eukaryota",NA,NA,NA,NA,NA,NA
"0886d0a61ce089a1abafef59f5b151bd","d__Eukaryota","Vertebrata","Mammalia","Mammalia","Mammalia","Mammalia",NA
"a1636cbcacddecbf4beba68a794dab4d","d__Eukaryota","Arthropoda","Insecta","Ephemeroptera","Ephemeroptera","Ephemeroptera","Eurylophella_sp."
"9c7f5aa285a1f6a03019833d941a5857","d__Eukaryota","Diatomea","Bacillariophyceae","Bacillariophyceae","Bacillariophyceae","Sellaphora",NA
"3873578d1e351ca23af78241d74e8b0f","d__Eukaryota",NA,NA,NA,NA,NA,NA
"73c88f24d62fecbc6594bb6a475ced70","d__Eukaryota","Ciliophora","Intramacronucleata","Litostomatea",NA,NA,NA
"aa87ef24cc40ba413a12c2d0a92b2cc1","d__Eukaryota","Ochrophyta","Chrysophyceae","Chrysophyceae","Chrysophyceae","Chrysophyceae",NA
"76a78dcaaebdcddf5817dcdf4ea7d553","d__Eukaryota","Holozoa","Choanoflagellida",NA,NA,NA,NA
"9ad06ed54c7f6934de2182dfb153e9e1","d__Eukaryota","Cercozoa","Imbricatea","Imbricatea","Thaumatomonadida","Thaumatomonas","Thaumatomonas_sp."
"7f2802adb699f9b3fb85fd15f5c9efe2","d__Eukaryota",NA,NA,NA,NA,NA,NA
"0b69d65114b2e6d44c8d067173db5435","d__Eukaryota","Ciliophora","Intramacronucleata","Conthreep","Oligohymenophorea",NA,NA
"bd9d98f0d04f4dad59bd232a23908667","d__Eukaryota","Diatomea","Bacillariophyceae","Bacillariophyceae","Bacillariophyceae","Gomphonema",NA
"d512867e69da7a181fce9a653b36d04c","d__Eukaryota","Diatomea","Bacillariophyceae","Bacillariophyceae","Bacillariophyceae","Navicula","Navicula_sp."
"fdec75ed1a94346d1e97ec7569fbc704","d__Eukaryota",NA,NA,NA,NA,NA,NA
"ed3697ec9cdee140c15c4901efbde748","d__Eukaryota","Ciliophora","Postciliodesmatophora","Heterotrichea","Heterotrichea","Stentor","Stentor_roeselii"
"c0f36b19e44a09f1e1c8ced6907934eb","d__Eukaryota","Euglenozoa","Kinetoplastea","Parabodonida","Parabodonida","Parabodo","Neobodo_curvifilus"
"2ee72068bb5d2703a5d666b696ebea17","d__Eukaryota","Chlorophyta","Chlorophyceae","Chlorophyceae","Chlorophyceae","Chlorophyceae",NA
"c6ae87dc22ed85427373462da4e788ca","d__Eukaryota",NA,NA,NA,NA,NA,NA
"930699ee5c2e08ada5e28a5aa6ebe5a3","d__Eukaryota","Platyhelminthes",NA,NA,NA,NA,NA
"d0bf277b13890e503d6db49004596ea6","d__Eukaryota","Diatomea",NA,NA,NA,NA,NA
"8b2571a58a37e8b2120fb062c2f01520","d__Eukaryota","Ciliophora","Intramacronucleata","Conthreep","Oligohymenophorea",NA,NA
"bff6cf00a29b2a068987520623ed30a4","d__Eukaryota","Ciliophora","Intramacronucleata","Conthreep","Oligohymenophorea",NA,NA
"d6eef17e6fbf2a73b1292675c5e3fc31","d__Eukaryota","Arthropoda","Insecta","Plecoptera","Plecoptera","Plecoptera",NA
"0b31a2447827b5427c3ac9f729cb4719","d__Eukaryota",NA,NA,NA,NA,NA,NA
"0a78807134b5df94c5f968cc20552e2c","d__Eukaryota",NA,NA,NA,NA,NA,NA
"60e47a2b158c368df1559242c80ffd63","d__Eukaryota","Euglenozoa","Kinetoplastea",NA,NA,NA,NA
"f8770038fe271d672b5329617ff110eb","d__Eukaryota","Holozoa","Choanoflagellida",NA,NA,NA,NA
"df7a5b5430849aeb9e95a97d3772fa05","d__Eukaryota",NA,NA,NA,NA,NA,NA
"fe1b7fdd185095e594a35109e2f37f83","d__Eukaryota","Chlorophyta","Chlorophyceae","Chlorophyceae","Chlorophyceae","Chlorophyceae","Desmodesmus_abundans"
"d0c46bd7730ea4396bedb3e7753dc9fb","d__Eukaryota","Cercozoa","Thecofilosea","Thecofilosea","Thecofilosea","Thecofilosea","metagenome"
"9a130ff6ca128a20a0e13dee896111d0","d__Eukaryota",NA,NA,NA,NA,NA,NA
"f4b7622582861255e3a9cd8178393cf9","d__Eukaryota","Ciliophora","Intramacronucleata","Conthreep","Oligohymenophorea",NA,NA
"39016dba474a2fe85ea37ebaa7e0b7b7","d__Eukaryota","Chytridiomycota","Chytridiomycetes","Chytridiales",NA,NA,NA
"8511d8ae6b6a262eda76b2162fddf3e6","d__Eukaryota",NA,NA,NA,NA,NA,NA
"c50cf97ba9b822e457dc58152ac37a60","d__Bacteria","Proteobacteria","Gammaproteobacteria",NA,NA,NA,NA
"19ac0324bdd87f6b1828c80db175a35e","d__Eukaryota","Chlorophyta","Chlorophyceae","Sphaeropleales","Sphaeropleales","Mychonastes","uncultured_Chlorophyta"
"f24986db6c3a1d216672de101d5cfd33","d__Eukaryota","Platyhelminthes",NA,NA,NA,NA,NA
"298ca1aff9e52173f7d28504ef5f150c","Unassigned",NA,NA,NA,NA,NA,NA
"74a2b178fe9d479ee618f731b6b7c4fb","d__Eukaryota","Basidiomycota","Agaricomycetes",NA,NA,NA,NA
"f34c46be22dbe62992ca7862dbfa9762","d__Eukaryota",NA,NA,NA,NA,NA,NA
"98382691685de822b5bf5ea6bec937d8","d__Eukaryota",NA,NA,NA,NA,NA,NA
"a9be00b3abe291136f6722538fe4ea8e","d__Eukaryota","Euglenozoa","Euglenida","Heteronematina","Heteronematina","Petalomonas","Scytomonas_saepesedens"
"1964d39d7bffc010e22afa394c64ba71","d__Eukaryota","Ochrophyta","Chrysophyceae","Chromulinales","Chromulinales","Oikomonas","Oikomonas_sp."
"0388687ce84bf239a6aa9976663bd4b2","d__Eukaryota","Rotifera","Bdelloidea","Adinetida","Adinetida","Adinetida",NA
"08bbbf4f5c4ca868039819269e9ada90","d__Eukaryota","Chlorophyta","Ulvophyceae","Ulvophyceae","Ulvophyceae","Ulvophyceae",NA
"df983340360bff06851ec1cfa076d475","d__Eukaryota","Euglenozoa","Kinetoplastea","Neobodonida","Neobodonida","Rhynchomonas","marine_metagenome"
"38615072343780613ac56dc95297401f","d__Eukaryota","Cercozoa","Glissomonadida","Glissomonadida","Glissomonadida",NA,NA
"b14a0d89cdc5d5094c509d9b81678791","d__Eukaryota","Nematozoa","Chromadorea","Monhysterida","Monhysterida","Monhysterida","Tridentulus_sp."
"06b563209ccd3b2b9bed48bd346b7d8e","d__Eukaryota",NA,NA,NA,NA,NA,NA
"5f0ddd7c8822ace457da92321f2dbedd","d__Eukaryota","Ciliophora","Intramacronucleata","Spirotrichea","Hypotrichia",NA,NA
"539d3a2803f62fdea6040fe1b1e77167","d__Eukaryota","Phragmoplastophyta","Embryophyta",NA,NA,NA,NA
"477be61bc6f1a602d5e492c5b385535f","d__Eukaryota",NA,NA,NA,NA,NA,NA
"07b405af574307497b3c5ee9270a2b40","d__Eukaryota","Ochrophyta","Chrysophyceae","Ochromonadales","Ochromonadales","Paraphysomonas","eukaryotic_picoplankton"
"2ffecda478edd5f543003dd8f7e3eb4e","d__Bacteria","Proteobacteria","Gammaproteobacteria","Burkholderiales",NA,NA,NA
"c1c0b807410b1bbd9b75bad430fdc044","d__Eukaryota","Nematozoa","Chromadorea","Monhysterida","Monhysterida","Monhysterida","Tridentulus_sp."
"cacefaf98c7cc914abd0fd67d66af54e","d__Eukaryota","Cercozoa","Novel_Clade_2","Novel_Clade_2","Novel_Clade_2","Novel_Clade_2","uncultured_freshwater"
"b4d7bb71e7632f3ca7b84366046d476f","d__Eukaryota","Chlorophyta","Ulvophyceae","Ulvophyceae","Ulvophyceae","Ulvophyceae",NA
"fac65ad589b0c4a49214eeb4a11aef02","d__Eukaryota","Ciliophora","Postciliodesmatophora","Heterotrichea","Heterotrichea","Stentor","Stentor_roeselii"
"ac8d9c38020a47ac5d51cbced95fb49f","d__Eukaryota",NA,NA,NA,NA,NA,NA
"63e00aca1cc7af755f9df0ec785ccab5","d__Eukaryota","Ascomycota","Dothideomycetes","Pleosporales","Didymellaceae","Ascochyta",NA
"7a77cba489614680e999f27d62f9f1af","d__Eukaryota",NA,NA,NA,NA,NA,NA
"28fbce8cde66fb56c16cf530f1f9e0da","d__Eukaryota","Ciliophora","Intramacronucleata","Conthreep","Oligohymenophorea","Peritrichia","Ophrydium_versatile"
"1586ab83d2c0276f21d41279edf7d5dc","d__Eukaryota",NA,NA,NA,NA,NA,NA
"f063b90567e097554cc1fc52afaa13f5","d__Eukaryota",NA,NA,NA,NA,NA,NA
"7a8c7f654c3636d2c2d2a89dde35a09c","d__Eukaryota","Cercozoa","Thecofilosea","Incertae_Sedis","Incertae_Sedis","Pseudodifflugia","Pseudodifflugia_cf."
"251a3238fb64964a87a28431be9b7d8e","d__Eukaryota","Ochrophyta","Chrysophyceae","Ochromonadales","Ochromonadales","Ochromonas","Ochromonas_danica"
"b7acf92b8e49b048eeefd417dd184e02","d__Bacteria","Desulfobacterota","uncultured","uncultured","uncultured","uncultured",NA
"37349c06ab051874ef7963e6d8076752","d__Eukaryota","Chlorophyta","Chlorophyceae","Chlorophyceae","Chlorophyceae","Chlorophyceae","Stigeoclonium_farctum"
"e683dc8790589d26dcace71136988999","d__Bacteria","Myxococcota","Polyangia","Haliangiales","Haliangiaceae","Haliangium","uncultured_sludge"
"cb1ad0628fb1c39d17d680085248e61b","d__Eukaryota","Chytridiomycota","Chytridiomycetes","Chytridiales","Incertae_Sedis","Incertae_Sedis","uncultured_Chytridiomycota"
"4d069f7969a7747568e3e71f9b6e4137","d__Eukaryota","Ciliophora","Postciliodesmatophora","Heterotrichea","Heterotrichea","Stentor","Stentor_roeselii"
"a53032edc477db4b8cf2d20560991add","d__Eukaryota","Ciliophora","Intramacronucleata","Spirotrichea","Hypotrichia",NA,NA
"ea133371cb8669cbdc6d0ee1bab3b481","d__Eukaryota",NA,NA,NA,NA,NA,NA
"6207b29674183ce6c85241d7347aa93e","d__Eukaryota","Cercozoa","Thecofilosea","Cryomonadida","Rhizaspididae","Rhogostoma","uncultured_freshwater"
"9db32ce43e24a6fd441167090175caa1","d__Eukaryota","Vertebrata","Actinopterygii",NA,NA,NA,NA
"7300202749e3b5b197d974e440149363","d__Eukaryota","Ascomycota","Dothideomycetes","Capnodiales","Cladosporiaceae","Cladosporium",NA
"cbf18c2bf248f9ab9c2008054de623dd","d__Eukaryota","Ciliophora","Intramacronucleata","Conthreep","Prostomatea","Placus","Placus_salinus"
"c8cd2c588e554f06f507e0e7397c8cb8","d__Eukaryota","Chlorophyta","Ulvophyceae","Ulvophyceae","Ulvophyceae","Ulvophyceae",NA
"3143c56b0a45192cdafa4d45d4308257","d__Eukaryota",NA,NA,NA,NA,NA,NA
"bb2002f654aeaf8ec6018fc8f41413c1","Unassigned",NA,NA,NA,NA,NA,NA
"94098ef3d71e88140db994ce49bd3061","d__Eukaryota",NA,NA,NA,NA,NA,NA
"e08ba78542103731d7b9ea8739f53bc9","d__Eukaryota","Arthropoda","Maxillopoda","Harpacticoida","Harpacticoida","Harpacticoida",NA
"3020b7c4012f4fb5b0ca3192cbb4b0d7","d__Eukaryota","Rotifera","Monogononta","Ploimida","Ploimida","Ploimida",NA
"3c49bc3267d9f2c63048e5640c192144","d__Eukaryota","Ciliophora","Postciliodesmatophora","Heterotrichea","Heterotrichea","Spirostomum",NA
"4adf6f6f78fdbc51489e7ab62934c93a","d__Eukaryota","Gastrotricha","Gastrotricha","Chaetonotida","Chaetonotida","Chaetonotida","uncultured_eukaryote"
"69aa51abfc9cc1a646c13563ce920621","d__Bacteria","Proteobacteria","Gammaproteobacteria","Burkholderiales","Rhodocyclaceae",NA,NA
"60c24fe6d1f608669b30959c41472b9c","d__Eukaryota","Ochrophyta","Chrysophyceae",NA,NA,NA,NA
"833c19dcb491a68aff3e98f2dedc793b","d__Eukaryota",NA,NA,NA,NA,NA,NA
"3850baf0801340c1489984e71e35645f","d__Eukaryota","Gastrotricha","Gastrotricha","Chaetonotida","Chaetonotida","Chaetonotida","Halichaetonotus_schromi"
"b77a83bf07c12399d412b7ace7d636ce","d__Eukaryota","Ascomycota","Leotiomycetes","Helotiales","Helotiaceae","Helotiaceae","Helotiales_sp."
"b9d701a5cede52f15b9b8a97487e6ab1","d__Eukaryota",NA,NA,NA,NA,NA,NA
"a0d512e53aa2afc86127f99aae0031e1","d__Eukaryota","Diatomea","Coscinodiscophytina","Fragilariales","Fragilariales","Ulnaria","Synedra_angustissima"
"f784ef34a1c19a2053fcfd3407967240","d__Eukaryota",NA,NA,NA,NA,NA,NA
"805c7c3791c5c7cf48b97a361f7ad52d","d__Eukaryota",NA,NA,NA,NA,NA,NA
"e0c0ee13f25601b9f16f7608baf72c2c","d__Eukaryota",NA,NA,NA,NA,NA,NA
"3f13074c9a91eea02edc1bcfbd62d389","d__Eukaryota",NA,NA,NA,NA,NA,NA
"50e280783e8f02dabe58c8149a145ed3","d__Eukaryota","Mucoromycota","Incertae_Sedis","Mortierellales","Mortierellaceae","Mortierella",NA
"ed6c0a23ec0933d7c9bf2ef4c4f273a2","d__Eukaryota","Apicomplexa","Conoidasida","Gregarinasina",NA,NA,NA
"2f16ed156a96e91cb61fa53fe3c4bdd2","d__Eukaryota","Heterolobosea","Tetramitia","Tetramitia","Tetramitia","Allovahlkampfia","Plasmopara_viticola"
"b2f74eedd6beec49c4c7ca40ecd79865","d__Eukaryota","Ochrophyta","Chrysophyceae","Ochromonadales","Ochromonadales","Ochromonas","Ochromonas_danica"
"b755441ddf1315b448fe1b3e20e325ea","d__Eukaryota","Ciliophora","Intramacronucleata","Spirotrichea","Hypotrichia","Hypotrichia","Pseudonotohymena_antarctica"
"d56b8d73bc77c9631e45d4770c898e30","d__Eukaryota",NA,NA,NA,NA,NA,NA
"607c6826dd71519fbb03bf7b26d1813f","d__Eukaryota","Ciliophora","Intramacronucleata","Conthreep","Oligohymenophorea","Peritrichia","Ophrydium_versatile"
"dfe2ab4fb04afea160f9e91c2e200e77","d__Eukaryota",NA,NA,NA,NA,NA,NA
"da9ab438147e3bd048fdba4b0f13dd16","d__Eukaryota","Chlorophyta","Trebouxiophyceae","Trebouxiophyceae","Trebouxiophyceae","Trebouxiophyceae","Chloroidium_saccharophilum"
"d5dbbbc334d8f85e6aa0d4f99dce2f59","d__Bacteria","Verrucomicrobiota","Verrucomicrobiae","uncultured","uncultured","uncultured","Aphanizomenon_flos-aquae"
"fe0101f694a936130b812e21da477c98","d__Bacteria",NA,NA,NA,NA,NA,NA
"7197c0164e1d41ed09722219fd094c54","d__Eukaryota","Rotifera","Bdelloidea","Adinetida","Adinetida","Adinetida","Hyalella_azteca"
"fe7add2023a862fa7e5d6c9e0e7a4e55","d__Bacteria","Proteobacteria","Alphaproteobacteria","Rhodobacterales","Rhodobacteraceae","Tabrizicola","Rhodobacteraceae_bacterium"
"572ccfaf84eaf83667be44110fee0bcf","d__Bacteria","Proteobacteria","Alphaproteobacteria","Rhodobacterales","Rhodobacteraceae","Tabrizicola","Rhodobacteraceae_bacterium"
"fdb9153dc11a519fd2137ea94d60f88b","d__Bacteria","Proteobacteria","Alphaproteobacteria","Sphingomonadales","Sphingomonadaceae",NA,NA
"ae651a3d7e8076a40eca5e300d00adbf","d__Eukaryota","Ciliophora","Intramacronucleata","Conthreep",NA,NA,NA
"57559554ab79fb9cdf6298e5133e0003","d__Eukaryota","Ciliophora","Intramacronucleata",NA,NA,NA,NA
"8e36e1f4e191de75e20a7d0b3eb284c7","d__Eukaryota","Ochrophyta","Chrysophyceae",NA,NA,NA,NA
"27d5e5105db12edae7229a7a594c318d","d__Eukaryota","Arthropoda","Insecta","Ephemeroptera","Ephemeroptera","Ephemeroptera",NA
"5b7ed2cff28546375bee2424b6918ec7","d__Eukaryota","Phragmoplastophyta","Embryophyta","Magnoliophyta","Magnoliophyta","Magnoliophyta",NA
"7a4db3c35279090cb3e22d03af90195a","d__Eukaryota","Diatomea",NA,NA,NA,NA,NA
"48a5bfcdde6e3e89b1320d9d6d491c30","Unassigned",NA,NA,NA,NA,NA,NA
"2dfe0c0ff0c212c744b7efe695ff948a","Unassigned",NA,NA,NA,NA,NA,NA
"f00e771982bc731ad42e0661fee54454","d__Bacteria","Verrucomicrobiota","Verrucomicrobiae","Opitutales","Opitutaceae",NA,NA
"08cd75d05eba41190280a1f0d61386f3","d__Eukaryota","Cercozoa","Imbricatea","Spongomonadida","Spongomonadida","Spongomonas",NA
"ce10faaa390a525df465e43b1a55543f","d__Eukaryota","Cercozoa","Thecofilosea","Thecofilosea","Thecofilosea","Thecofilosea","metagenome"
"7ef366fc763cbe4ca48dd7feb408aec4","d__Eukaryota","Gastrotricha","Gastrotricha","Chaetonotida","Chaetonotida","Chaetonotida","Halichaetonotus_schromi"
"087437652b08786a8667b032002281f0","d__Eukaryota","Ciliophora","Intramacronucleata","Conthreep","Phyllopharyngea","Tokophrya",NA
"63c5ae5a7ea179a46c1c10ee55a9743d","d__Eukaryota","Chlorophyta","Chlorophyceae","Sphaeropleales","Sphaeropleales","Mychonastes","uncultured_Chlorophyta"
"c57afca6ec27cb789caa87ee09689f64","d__Eukaryota","Ciliophora","Intramacronucleata","Conthreep","Oligohymenophorea","Peniculia","Lembadion_bullinum"
"ae546cb282c07081a8722120b78d70dd","d__Eukaryota",NA,NA,NA,NA,NA,NA
"b434c692dfdb52bf0820b25c571cfbc9","d__Eukaryota",NA,NA,NA,NA,NA,NA
"cbbe5f95d9f1513840b6eedcb08baf22","d__Eukaryota","Ciliophora","Intramacronucleata","Conthreep","Nassophorea","Nassophorea","metagenome"
"89deaf882a74fba059c043a0e2335104","d__Eukaryota","Euglenozoa","Kinetoplastea","Neobodonida","Neobodonida","Rhynchomonas","Thalassiosira_rotula"
"b48b2a837908b55051b871d5545456b9","d__Eukaryota","Rotifera","Monogononta","Flosculariacea","Flosculariacea","Flosculariacea","Sinantherina_socialis"
"e0a627947e3fec4e791203e4eb030d1b","d__Eukaryota","Ciliophora","Intramacronucleata","Litostomatea",NA,NA,NA
"9e6df4d63b4a5e7caf060bdc13398a27","d__Eukaryota","Rotifera","Monogononta","Flosculariacea","Flosculariacea","Flosculariacea","Sinantherina_socialis"
"44ab0997acc0b8dce91a6a09a364ebf1","d__Eukaryota","Apicomplexa","Conoidasida","Gregarinasina","Eugregarinorida","Ascogregarina",NA
"5026fb0815856426dbe96e773a2c87c1","d__Eukaryota","Diatomea","Bacillariophyceae","Bacillariophyceae","Bacillariophyceae","Nitzschia","Peridinium_balticum"
"8c34580a901117bd8afe295ab9359704","d__Eukaryota","Ciliophora","Intramacronucleata",NA,NA,NA,NA
"21d3efa4588831601527ffc8ecb8fcb5","d__Eukaryota",NA,NA,NA,NA,NA,NA
"4add8ea0e4a66eab567e41cb79661f37","d__Eukaryota","Cercozoa","Vampyrellidae","Vampyrellidae","Vampyrellidae","Vampyrellidae","Cercozoa_sp."
"9e75985371280aaa88745229c9856b90","d__Eukaryota","Diatomea","Bacillariophyceae","Bacillariophyceae","Bacillariophyceae","Encyonema","uncultured_Encyonema"
"a48f8c351ef5835e3979fba430a016fc","d__Eukaryota","Diatomea",NA,NA,NA,NA,NA
"24869c8fd16171b104ddb1f48d5f5c56","d__Eukaryota","Dinoflagellata","Dinophyceae","Peridiniphycidae","Thoracosphaeraceae","Thoracosphaeraceae","uncultured_eukaryote"
"6a704bc5e188ff535229149d8fe0dea3","d__Eukaryota","Euglenozoa","Kinetoplastea","Neobodonida","Neobodonida","Rhynchomonas",NA
"9fb04da46add18f06deec19cb035abc1","d__Bacteria","Myxococcota","Polyangia","Polyangiales","Polyangiaceae","Polyangium","uncultured_bacterium"
"43cf7dd322a72d08de630505ba8318a7","d__Bacteria","Verrucomicrobiota","Verrucomicrobiae","Opitutales","Opitutaceae",NA,NA
"fd6df3caba97057f09d30d4dcbb588f7","d__Bacteria","Verrucomicrobiota","Verrucomicrobiae","Opitutales",NA,NA,NA
"7fb20eb39710c9b0b624e06ed90bf00f","d__Bacteria","Proteobacteria","Gammaproteobacteria",NA,NA,NA,NA
"d5a021aa05cec751e67afa4f365711aa","d__Eukaryota","Ciliophora","Postciliodesmatophora","Heterotrichea","Heterotrichea","Stentor","Stentor_roeselii"
"3f824b536f341c6864b3978bb11cf562","d__Eukaryota","Ascomycota","Leotiomycetes",NA,NA,NA,NA
"38bfd4bd78d4b272b20b47a000abd26a","d__Eukaryota","Chytridiomycota","Chytridiomycetes","Chytridiales","Chytriomycetaceae","Rhizoclosmatium","Rhizoclosmatium_globosum"
"9a2800b0c240a1c0fe1dfbddc4094e34","d__Eukaryota","Apicomplexa","Conoidasida","Gregarinasina","Eugregarinorida","Eugregarinorida","Apicomplexa_sp."
"89710b01b3337d63ed5b5d43c4b63c4f","d__Eukaryota","Gastrotricha","Gastrotricha","Chaetonotida","Chaetonotida","Chaetonotida","uncultured_eukaryote"
"3e1b56e9753bc7711a2612e793ae72f8","d__Eukaryota","Ciliophora","Postciliodesmatophora","Heterotrichea","Heterotrichea","Stentor","Stentor_roeselii"
"f671f3e126606241d6d1ac3f336cbc65","d__Eukaryota","Dinoflagellata","Dinophyceae",NA,NA,NA,NA
"0336b8ce33a43464179d42c7869e72c0","d__Eukaryota",NA,NA,NA,NA,NA,NA
"5d944ddaa7f5b5b884089b4e07492fb6","d__Eukaryota","Diatomea","Coscinodiscophytina","Fragilariales","Fragilariales","Ulnaria","Synedra_angustissima"
"2a42e4bc6a0786a5b62b8f922558f9bd","d__Eukaryota","Phragmoplastophyta","Embryophyta","Magnoliophyta","Magnoliophyta","Magnoliophyta",NA
"a21d9ed5d6a962b17f953a3aecad724d","d__Eukaryota","Chytridiomycota","Chytridiomycetes","Chytridiales","Incertae_Sedis","Incertae_Sedis","uncultured_Chytridiomycota"
"45bc98dd2699058bc493f44e7917f249","d__Eukaryota","Diatomea","Bacillariophyceae","Bacillariophyceae","Bacillariophyceae","Gomphonema",NA
"c6e2471db475173f2e8f85bee0b319bc","d__Eukaryota","Diatomea",NA,NA,NA,NA,NA
"3fc30a9dff4597221e4d193c655fd092","d__Eukaryota","Ciliophora","Intramacronucleata","Litostomatea","Haptoria",NA,NA
"7d02fcf488f8a40b902d09d65e56bb65","d__Eukaryota","Phragmoplastophyta","Embryophyta","Magnoliophyta","Magnoliophyta","Magnoliophyta",NA
"72935bfdc5ceb88cc0e9946ef4fea102","d__Eukaryota",NA,NA,NA,NA,NA,NA
"7523f322212cb2df7b0706aa244226e4","d__Eukaryota","Basidiomycota","Agaricomycetes",NA,NA,NA,NA
"11a4a5abd27e893d432631b204b39dfa","d__Eukaryota","Apicomplexa","Conoidasida",NA,NA,NA,NA
"2df2934721c8f5015b5d110f5d66d841","d__Eukaryota","Arthropoda","Insecta","Trichoptera","Trichoptera","Trichoptera",NA
"872d166d0c5aa83690a2b35902072827","d__Eukaryota","Phragmoplastophyta","Embryophyta","Magnoliophyta","Magnoliophyta","Magnoliophyta",NA
"5b0effc04f9e6e165a13cfc519216955","d__Eukaryota","Gastrotricha","Gastrotricha","Chaetonotida","Chaetonotida","Chaetonotida","Halichaetonotus_schromi"
"00c8b8f8d922ad10a0751911e9f4ba42","d__Eukaryota","Ochrophyta","Chrysophyceae","Chromulinales","Chromulinales","Chrysochaete","Chrysochaete_britannica"
"2bba234f1d39a2ab9120bf4be60f0905","d__Eukaryota","Diatomea",NA,NA,NA,NA,NA
"abd22a7e02d5d8249f74aa1a7bd6096a","d__Bacteria","Verrucomicrobiota","Verrucomicrobiae","Opitutales","Opitutaceae",NA,NA
"ba8bf515e17ed996170b8c6b5460563b","d__Eukaryota","Ochrophyta","Chrysophyceae","Ochromonadales","Ochromonadales","Paraphysomonas","eukaryotic_picoplankton"
"856de7cbe133fa639b59dba368a609ec","d__Eukaryota",NA,NA,NA,NA,NA,NA
"d13cadfd4f288cdbef5e98e55d0f472e","d__Eukaryota","Diatomea",NA,NA,NA,NA,NA
"a5732842eaa3eddf53bb54b719ff732b","d__Eukaryota",NA,NA,NA,NA,NA,NA
"49b26c291ba8831c977017e709a3f6f0","d__Eukaryota","Diatomea","Bacillariophyceae","Bacillariophyceae","Bacillariophyceae","Gomphonema",NA
"5edcfd144375a2084c956301088cae16","d__Eukaryota",NA,NA,NA,NA,NA,NA
"b6ac39915ec4759f9976e8975c902f40","d__Eukaryota","Chlorophyta","Ulvophyceae","Ulvophyceae","Ulvophyceae","Ulvophyceae",NA
"fa8209b7b9b1a26b4ca14d31554ae332","d__Eukaryota","Ciliophora","Intramacronucleata",NA,NA,NA,NA
"c0ed0e191529cce7af2acee299b865d7","d__Eukaryota","Ciliophora","Intramacronucleata","Conthreep","Oligohymenophorea","Tetrahymena","Tetrahymena_empidokyrea"
"ce3866fa0a80298ea86a8b7750562589","d__Eukaryota","Chlorophyta","Ulvophyceae","Ulvophyceae","Ulvophyceae","Ulvophyceae","Hazenia_basiliensis"
"0cafa22d89c18f5b93df0cac7b856172","d__Bacteria","Nitrospirota","Nitrospiria","Nitrospirales","Nitrospiraceae","Nitrospira","Nitrospira_japonica"
"170553df826fa93179d382b808363e4f","d__Eukaryota","Ciliophora","Postciliodesmatophora","Heterotrichea","Heterotrichea","Stentor","uncultured_ciliate"
"2ea05f0df2dd8278aa28ef78b2b333f9","d__Eukaryota","Ciliophora","Intramacronucleata","Conthreep",NA,NA,NA
"fb47c684bde5250ed83149391e9ad86c","d__Eukaryota","Ochrophyta","Chrysophyceae","Chrysophyceae","Chrysophyceae","Chrysophyceae","uncultured_Hydrurus"
"987a5f9d949379c639b65b03e2b55bd5","d__Bacteria","Proteobacteria","Alphaproteobacteria","Rhizobiales",NA,NA,NA
"ebee3cd0064f97efcc550191f099cef1","d__Eukaryota",NA,NA,NA,NA,NA,NA
"4c5e4bdd9c1694d4e98ad868087c6062","d__Eukaryota","Diatomea",NA,NA,NA,NA,NA
"9e1094715d0c534c67ff6e5494d31897","d__Eukaryota",NA,NA,NA,NA,NA,NA
"571030db51d1afcf04cbc9fbc578afa3","d__Eukaryota","Gastrotricha","Gastrotricha","Chaetonotida","Chaetonotida","Chaetonotida","Halichaetonotus_schromi"
"802b30b75024505a37bb582c06cc6371","d__Eukaryota","Platyhelminthes",NA,NA,NA,NA,NA
"aca49516c47fbe63c693b03478cb49c5","d__Eukaryota","Euglenozoa","Kinetoplastea",NA,NA,NA,NA
"a7d217259c3d7478b22a21d84d6005ee","d__Bacteria",NA,NA,NA,NA,NA,NA
"97e4951ef13914b316208db9fabe55a8","d__Eukaryota","Chytridiomycota","Chytridiomycetes","Cladochytriales","Nowakowskiellaceae","Nowakowskiella","Nowakowskiella_elegans"
"0d9736a718d67e3527063c9718f6afe8","d__Eukaryota","Ciliophora","Intramacronucleata",NA,NA,NA,NA
"859494a4ed8ec9af0bd1aab270875d34","d__Bacteria","Gemmatimonadota","Gemmatimonadetes","Gemmatimonadales","Gemmatimonadaceae","Gemmatimonas","Gemmatimonas_aurantiaca"
"354478a2d670334867b83ca2800bca3e","d__Bacteria","Planctomycetota","Planctomycetes","Pirellulales","Pirellulaceae","Pirellula","Pirellula_sp."
"d3a07ca48be8dec40db3b7d9dcb0bc6e","d__Eukaryota","Centrohelida","Centrohelida","Centrohelida",NA,NA,NA
"7f25838e1fdcaaed641cd41d088603b1","d__Eukaryota","Chlorophyta","Trebouxiophyceae","Trebouxiophyceae","Trebouxiophyceae","Trebouxiophyceae",NA
"b3987769b8bcf4f85fd2320937625b84","d__Eukaryota","Chytridiomycota","Chytridiomycetes",NA,NA,NA,NA
"d3a587d59417275d993b95a7dc14db6c","d__Eukaryota",NA,NA,NA,NA,NA,NA
"197dfd56f62d4acfd3d5f78457ac4169","d__Eukaryota","Dinoflagellata","Dinophyceae","Peridiniphycidae",NA,NA,NA
"efd0f8d046256eb2fe53b88b8907ea98","d__Eukaryota","Ciliophora","Postciliodesmatophora","Heterotrichea","Heterotrichea","Stentor","uncultured_ciliate"
"c3aef6c49159473b497500042def273c","d__Eukaryota",NA,NA,NA,NA,NA,NA
"d6503f88e3de3b8fd31aceb88f5c3ee7","d__Eukaryota",NA,NA,NA,NA,NA,NA
"e962aafe93909da6ae7dc26f4301b47c","d__Bacteria",NA,NA,NA,NA,NA,NA
"19789ba45aaec607d516616131cb21fc","d__Eukaryota",NA,NA,NA,NA,NA,NA
"4f7887c554d217cac4af1657c4b74b13","d__Eukaryota","Arthropoda","Insecta","Diptera","Diptera","Diptera","Chironomus_tentans"
"4c2763cab6f8aa0608af7ce96f199572","d__Eukaryota","Ciliophora","Intramacronucleata","Litostomatea",NA,NA,NA
"82b3930704ce2a302da1898f7db2ce99","d__Eukaryota","Phragmoplastophyta","Embryophyta","Magnoliophyta","Magnoliophyta","Magnoliophyta",NA
"8f27651284f6e7a745e3052c95383fa4","d__Eukaryota",NA,NA,NA,NA,NA,NA
"6881f063bb6d7218c4cb737d630e679a","d__Eukaryota",NA,NA,NA,NA,NA,NA
"1e3e23ab5027bfeffcce8c94a1a0420c","d__Eukaryota",NA,NA,NA,NA,NA,NA
"0df0733b0f9687936ddf2d236a0fc1fe","d__Bacteria","Proteobacteria","Alphaproteobacteria",NA,NA,NA,NA
"e915d1b984edd6e7166279b8cec629ba","d__Eukaryota","Apicomplexa","Conoidasida","Gregarinasina","Eugregarinorida","Ascogregarina",NA
"0fd9c10e45ed6ced764c428be9e20de6","d__Eukaryota","Ciliophora","Intramacronucleata","Conthreep","Oligohymenophorea","Peritrichia","Ophrydium_versatile"
"b5c85b9a77b255683b57ddd29e861810","d__Eukaryota","Apicomplexa","Conoidasida","Gregarinasina","Eugregarinorida","Monocystis","Monocystis_agilis"
"ad471dd30174ad15e046e67f126bb0f7","d__Eukaryota","Ochrophyta","Chrysophyceae",NA,NA,NA,NA
"23ddc781e53ebbb2827215a26e147466","d__Eukaryota","Ciliophora","Postciliodesmatophora","Heterotrichea","Heterotrichea","Stentor","Stentor_roeselii"
"c15bc85040854accb12652e89bdcf5a8","d__Eukaryota","Ochrophyta","Eustigmatophyceae","Eustigmatales","Eustigmatales","Nannochloropsis",NA
"8d76c2ec5370abad75e9bfdd9eb4df8e","d__Eukaryota","Cercozoa","Incertae_Sedis","Incertae_Sedis","Incertae_Sedis","Gymnophrys","uncultured_eukaryote"
"9b7d30166f99c67161eea821581113ba","d__Eukaryota","Centrohelida","Centrohelida","Centrohelida",NA,NA,NA
"6a0b2038cc3b448752d9836ec11fe552","d__Eukaryota","MAST-12","MAST-12C","MAST-12C","MAST-12C","MAST-12C","Stramenopile_sp."
"2c53e6ea02d2e57a5b615f49119ec3f0","d__Eukaryota",NA,NA,NA,NA,NA,NA
"a3ee3c634e111cfe8d45105ae0dee106","d__Eukaryota","Euglenozoa","Kinetoplastea",NA,NA,NA,NA
"3ad5a9b66e637028b877c50169119435","d__Bacteria",NA,NA,NA,NA,NA,NA
"995c822750fb51616988f501f0359f4c","d__Eukaryota","Ciliophora","Intramacronucleata","Spirotrichea","Hypotrichia","Hypotrichia","Urostyla_sp."
"e0f56daf21937fd1c47e3a23f5c525ee","d__Eukaryota",NA,NA,NA,NA,NA,NA
"1e47b944559a23bec5ca78e818793b1e","d__Eukaryota","Ciliophora","Intramacronucleata","Litostomatea","Haptoria","Hemiophrys",NA
"5f9ad875448fa259a195475be54175f2","d__Eukaryota","Chlorophyta","Chlorophyceae","Chlorophyceae","Chlorophyceae","Chlorophyceae","uncultured_Chlamydomonadales"
"094dce3d6e6bb07cb415de841dc46843","d__Eukaryota","Ochrophyta","Chrysophyceae",NA,NA,NA,NA
"c99442b24bc693d4e3718bc4ba672914","Unassigned",NA,NA,NA,NA,NA,NA
"4d2700365bdf9695ac65f44b153fd3e4","d__Eukaryota","Phragmoplastophyta","Embryophyta","Magnoliophyta","Magnoliophyta","Magnoliophyta",NA
"51330a954b9b0af3b76da0f8fd045d06","d__Eukaryota","Ascomycota",NA,NA,NA,NA,NA
"5bf77b1021d17caaa0d094aa86ddba2f","d__Eukaryota",NA,NA,NA,NA,NA,NA
"6c2b15e199be3a0fef61e1a257b6bde0","d__Eukaryota","Diatomea","Bacillariophyceae","Bacillariophyceae","Bacillariophyceae","Sellaphora",NA
"5c9cd2da733e342de828899f9a6beb3a","d__Bacteria","Proteobacteria","Alphaproteobacteria","Rhodobacterales","Rhodobacteraceae","Tabrizicola","Rhodobacteraceae_bacterium"
"fdfa53092f39254495012ed886f6dc68","d__Eukaryota",NA,NA,NA,NA,NA,NA
"00e0fd148cc2cd176b341610ee8aa44c","d__Bacteria",NA,NA,NA,NA,NA,NA
"94b67c349f58b9db3014e850595c999b","d__Eukaryota","Gastrotricha","Gastrotricha","Chaetonotida","Chaetonotida","Chaetonotida","uncultured_eukaryote"
"d8b06a0e00d49e35a6318842d9df7bba","d__Eukaryota","Diatomea","Bacillariophyceae","Bacillariophyceae","Bacillariophyceae","Navicula","Navicula_sp."
"c0512a1c703eb34618963a2a2df90336","d__Eukaryota",NA,NA,NA,NA,NA,NA
"5a69be83bc5b860c70fd0531c40e7227","d__Eukaryota","Ochrophyta","Chrysophyceae","P34.45","P34.45","P34.45","eukaryotic_picoplankton"
"bd9c7f1881156903d88e5483eecc4999","d__Bacteria","Proteobacteria","Alphaproteobacteria","Rhizobiales","Rhizobiales_Incertae_Sedis","uncultured","uncultured_Alphaproteobacteria"
"0d3a0d60ce6a5e8e9a46f1ddf728e97a","d__Bacteria","Proteobacteria","Alphaproteobacteria","Sphingomonadales","Sphingomonadaceae",NA,NA
"0810e838302f9f191dd188a16dadc92e","d__Eukaryota","Annelida","Clitellata","Haplotaxida","Haplotaxida","Haplotaxida","Stylaria_sp."
"58442d825feff5dfed150ea60ce61e43","d__Eukaryota","Chlorophyta","Chlorophyceae","Sphaeropleales","Sphaeropleales","Mychonastes","uncultured_Chlorophyta"
"54faef5a9f09faaa46ccbc958dff2d35","d__Bacteria","Proteobacteria","Alphaproteobacteria","Rhodobacterales","Rhodobacteraceae","Tabrizicola","Rhodobacteraceae_bacterium"
"66f4b014cb201b4ee7025cf67947eaf6","d__Eukaryota",NA,NA,NA,NA,NA,NA
"b584c49e69a27ef64db2ff7c0965e181","d__Eukaryota","Gastrotricha","Gastrotricha","Chaetonotida","Chaetonotida","Chaetonotida","Halichaetonotus_schromi"
"9f48f888a647d368af4c7e60c13d6475","d__Eukaryota",NA,NA,NA,NA,NA,NA
"3c95321fe3301190e5376d8c416e7c9d","d__Eukaryota","Arthropoda","Insecta","Ephemeroptera","Ephemeroptera","Ephemeroptera","Eurylophella_sp."
"74354a8d01c91ac0e7d6393ca7f545fc","d__Eukaryota","Rotifera","Bdelloidea","Adinetida","Adinetida","Adinetida",NA
"9f03861727545015334a12f94b5f154f","d__Eukaryota",NA,NA,NA,NA,NA,NA
"d12c5ce18116aa3624cf7b089023f137","d__Eukaryota","Ascomycota","Leotiomycetes","Helotiales",NA,NA,NA
"ee9e737350f57e81217ef7069198d793","d__Bacteria","Proteobacteria","Gammaproteobacteria",NA,NA,NA,NA
"d2d40f80cc2fbb4789fb76fefd2424fb","d__Eukaryota","Ciliophora","Intramacronucleata","Conthreep","Oligohymenophorea","Tetrahymena",NA
"42d9fdffde611c9061e85238148e0fb0","d__Bacteria","Proteobacteria","Alphaproteobacteria","Rhizobiales",NA,NA,NA
"1a4b603399548520dc435b5f5a4eae25","d__Eukaryota",NA,NA,NA,NA,NA,NA
"e2db9dbe3956dcdc7f2e0f49767544af","d__Eukaryota","Ciliophora","Intramacronucleata","Conthreep","Colpodea",NA,NA
"a1d54e20637d86b0befe0b8e7d42c4ba","d__Eukaryota","Ciliophora","Intramacronucleata","Spirotrichea","Hypotrichia",NA,NA
"81d1b75dcc77529e7bdba9217f97df16","d__Eukaryota","Diatomea","Bacillariophyceae","Bacillariophyceae","Bacillariophyceae","Gomphonema",NA
"2ceb6f4fb075c2bacd34bba4a0841d9f","d__Bacteria","Proteobacteria","Alphaproteobacteria","Sphingomonadales","Sphingomonadaceae",NA,NA
"60f0e29c685a09011b22ce7b2f6de54b","d__Eukaryota","Ciliophora","Intramacronucleata","Conthreep","Phyllopharyngea",NA,NA
"c266d4a1c98b797f97b3634f28f1cd48","d__Eukaryota","Ciliophora","Intramacronucleata","Conthreep","Oligohymenophorea",NA,NA
"98d140079fbded8026333de403f20015","d__Eukaryota","Rotifera","Monogononta","Ploimida","Ploimida","Ploimida",NA
"38ba6de0ba6fa6caaaaa439a0d434fe1","d__Eukaryota",NA,NA,NA,NA,NA,NA
"a4ddf0d87636ae136cb8674cf9be9dba","d__Eukaryota","Chytridiomycota","Chytridiomycetes",NA,NA,NA,NA
"3de9d521d969b070fb6f6eafd53bf8be","d__Eukaryota","Euglenozoa","Kinetoplastea",NA,NA,NA,NA
"a802e9f67a53a4848a94772db176f569","d__Eukaryota","Euglenozoa","Kinetoplastea",NA,NA,NA,NA
"8e4412218c9da890ffb6b38d6fac135c","d__Eukaryota",NA,NA,NA,NA,NA,NA
"2a4694bb89ff5debd682f9743eb2cd8b","d__Eukaryota",NA,NA,NA,NA,NA,NA
"cda9386a2b386c6610489d0bb2d80ab1","d__Eukaryota","Ciliophora","Postciliodesmatophora","Heterotrichea","Heterotrichea","Stentor","Stentor_roeselii"
"6eceae78db9dc5f29af33fae9b12dd6e","d__Eukaryota",NA,NA,NA,NA,NA,NA
"bad90222cb744a493fe0aff78e58dc73","d__Eukaryota","Chytridiomycota","Chytridiomycetes","Chytridiales","Incertae_Sedis","Incertae_Sedis","uncultured_Chytridiomycota"
"047c53aa04f57fd80c2993de03fa2bf1","d__Eukaryota","Ascomycota","Dothideomycetes","Capnodiales","Cladosporiaceae","Cladosporium",NA
"2cbabf296fef26bfaef7e68a12484c5f","d__Eukaryota","Chytridiomycota","Chytridiomycetes","Rhizophydiales","Rhizophydiales","Rhizophydiales","uncultured_Chytridiomycota"
"6fb4c1e9001426fb0d198cee5008bc45","Unassigned",NA,NA,NA,NA,NA,NA
"8d03bd378888ceaec7172e22b3adeb46","d__Eukaryota",NA,NA,NA,NA,NA,NA
"98076e69de77d7999b7d8fc2b9c3d158","d__Eukaryota","Platyhelminthes","Rhabditophora","Rhabdocoela","Neodalyellida","Neodalyellida",NA
"e9b9808a6ca92b46c9f371e7e69d6283","d__Eukaryota","Annelida","Clitellata","Haplotaxida","Haplotaxida","Haplotaxida","Rheomorpha_neiswestonovae"
"2461d49faf8c8999ee4c6210e5a2e1be","d__Eukaryota","Ascomycota",NA,NA,NA,NA,NA
"80a56d85aed87ee07529a9c811a85cda","d__Eukaryota","Centrohelida","Centrohelida","Centrohelida","CV1-B1-93","CV1-B1-93","metagenome"
"9ca2073b0f6a5ae86bf8859019e2e433","d__Bacteria","Proteobacteria","Gammaproteobacteria","Burkholderiales","Neisseriaceae",NA,NA
"9b56529470285361615a2980bb82a3a2","d__Eukaryota","Diatomea","Coscinodiscophytina","Fragilariales","Fragilariales",NA,NA
"c829a82c789004738d73192822bad587","d__Eukaryota","Ciliophora","Intramacronucleata","Spirotrichea","Choreotrichia",NA,NA
"4c49516d159021f258e5a60894403ded","d__Bacteria","Desulfobacterota","Desulfovibrionia","Desulfovibrionales","Desulfovibrionaceae","Desulfovibrio",NA
"16e5b4fef7e3e28e71a65ce250eaa1d4","d__Eukaryota","Cercozoa","Thecofilosea","Cryomonadida","Rhizaspididae","Rhogostoma","uncultured_freshwater"
"48a5829a1eec16e06d32709a2dcbd973","d__Bacteria","Proteobacteria","Alphaproteobacteria","Sphingomonadales","Sphingomonadaceae",NA,NA
"58ea1734100f0b9b6477762b38169723","d__Eukaryota","Ciliophora","Intramacronucleata","Conthreep",NA,NA,NA
"7da9271f4303c566af02b560994e77b5","d__Eukaryota",NA,NA,NA,NA,NA,NA
"5ccd577c5d85ea4a910e2f8080069b73","d__Eukaryota","Rotifera","Bdelloidea","Adinetida","Adinetida","Adinetida",NA
"35e338ab9547a9a96070b82213dc6131","d__Eukaryota","Chlorophyta","Ulvophyceae","Ulvophyceae","Ulvophyceae","Ulvophyceae","Hazenia_basiliensis"
"12ed61a32a72013b1113ced53b6ce12c","d__Bacteria","Bdellovibrionota","Oligoflexia","0319-6G20","0319-6G20","0319-6G20",NA
"6a5bccfcf08762afd58a209581918565","d__Eukaryota","Diatomea","Coscinodiscophytina","Coscinodiscophytina","Melosirids","Melosira","Melosira_varians"
"e22c1675d525ddcdf69d605f6ac536ba","d__Eukaryota","Ascomycota",NA,NA,NA,NA,NA
"9b20a83fa633f63029a6902b04140525","d__Eukaryota",NA,NA,NA,NA,NA,NA
"ea7be96ec1def6a1e8c24fb46b4c9305","d__Eukaryota",NA,NA,NA,NA,NA,NA
"193b528343eedf51efb8e5460a8c2b0c","d__Eukaryota","Ciliophora","Intramacronucleata","Spirotrichea","Euplotia","Euplotes",NA
"ccc09231391b9a9f464cc2cc71149a2e","d__Eukaryota","Ascomycota","Taphrinomycetes","Taphrinales","Taphrinaceae","Taphrina",NA
"f30de2f120425fd008965c52fdfbac5a","d__Eukaryota","Chlorophyta","Chlorophyceae","Sphaeropleales","Sphaeropleales","Mychonastes","uncultured_Chlorophyta"
"cf201e5d684e431ac31ba9f429b1e1bd","d__Eukaryota","Basidiomycota","Tremellomycetes","Tremellales","Bulleribasidiaceae",NA,NA
"fad2fef050eff3d9ec325c5f6ec37407","d__Eukaryota","Ciliophora","Intramacronucleata","Conthreep","Phyllopharyngea","Tokophrya",NA
"cb0b5906a49ce013062d6c3245615016","d__Eukaryota","Ciliophora","Intramacronucleata","Spirotrichea","Hypotrichia",NA,NA
"c1a1825829677a81bd15f9f4199f8e8d","d__Bacteria","Proteobacteria","Alphaproteobacteria","Sphingomonadales","Sphingomonadaceae",NA,NA
"5e43b062e77f60ba16bc956b996bccf0","d__Eukaryota",NA,NA,NA,NA,NA,NA
"983632f6cd5eda0b09aada3d1a094664","d__Eukaryota","Euglenozoa","Kinetoplastea","Neobodonida","Neobodonida","Rhynchomonas","marine_metagenome"
"4e74e61aaa265a7fb17f64ab26efafab","d__Eukaryota","Diatomea","Coscinodiscophytina","Fragilariales","Fragilariales","Fragilaria",NA
"23bb8e4243c7022658056b17d0f8d3ca","d__Eukaryota","Vertebrata","Mammalia","Mammalia","Mammalia","Mammalia",NA
"2f49db44cb20e2e5e468a361e09fe121","d__Eukaryota",NA,NA,NA,NA,NA,NA
"6d0891c6dbe86688d0fdebcc1e5d7c4d","d__Bacteria",NA,NA,NA,NA,NA,NA
"e32924c01ee6230e01aa6da764317d0a","d__Bacteria","Verrucomicrobiota","Verrucomicrobiae","Opitutales","Opitutaceae",NA,NA
"42c56aeeeb11c7dee007377539740dc8","d__Eukaryota","Rotifera","Bdelloidea","Adinetida","Adinetida","Adinetida","Hyalella_azteca"
"3c37e0962ba802f5b1cff5bb53404924","d__Eukaryota","Ciliophora","Intramacronucleata","Conthreep","Oligohymenophorea","Peniculia","Paranassula_sp."
"12343a23e422b4a9595edad1dd07ae7a","d__Eukaryota","Chlorophyta","Trebouxiophyceae","Trebouxiophyceae","Trebouxiophyceae","Trebouxiophyceae",NA
"b654618b6acc0eb50a64f999da7ca1b1","d__Bacteria",NA,NA,NA,NA,NA,NA
"147c08f57b2a9b3637fd2e4329d55f41","d__Eukaryota","Ciliophora","Intramacronucleata","Conthreep","Oligohymenophorea","Peritrichia","Ophrydium_versatile"
"37ca54e3186661e32bd9234622c6d15f","d__Eukaryota","Euglenozoa","Kinetoplastea",NA,NA,NA,NA
"272c667b2f55bc6a2fb93e3377056773","d__Eukaryota","Annelida","Clitellata","Haplotaxida","Haplotaxida","Haplotaxida",NA
"4a7fcd279cf83a5ced02d08c624bbb6f","d__Eukaryota",NA,NA,NA,NA,NA,NA
"61be68710b46709be316877220129766","d__Bacteria","Proteobacteria","Gammaproteobacteria","Burkholderiales",NA,NA,NA
"edace50cd2f5a238365dc7891956d8fb","d__Eukaryota","Ciliophora","Intramacronucleata","Spirotrichea","Hypotrichia","Hypotrichia","Holostichides_heterotypicus"
"55e74d7cacba31dd207ea6e7c48e94db","d__Eukaryota","Chytridiomycota","Chytridiomycetes","Chytridiales","Chytriomycetaceae","Rhizoclosmatium","Rhizoclosmatium_globosum"
"afcec6889871b00cb7c5f4d04408af67","d__Eukaryota",NA,NA,NA,NA,NA,NA
"00e42496750a8fa0f91193fc8f1d0e01","d__Eukaryota",NA,NA,NA,NA,NA,NA
"819fe2606718eca0bea1f47d832033ac","d__Eukaryota","Ciliophora","Intramacronucleata","Spirotrichea","Hypotrichia",NA,NA
"f1318ae02f75c5b2788aa10ee1e39ef6","d__Eukaryota",NA,NA,NA,NA,NA,NA
"c4c164a6749ef2ba03c1f11bb1d0976e","d__Eukaryota","MAST-12","MAST-12C","MAST-12C","MAST-12C","MAST-12C","Stramenopile_sp."
"e294769311270aaddda55a5e06f5769b","d__Eukaryota",NA,NA,NA,NA,NA,NA
"9683fccc6d070bcc5ecaa0cf151034c7","d__Eukaryota",NA,NA,NA,NA,NA,NA
"a2bb4b2d652697270a976b41d5f13eea","d__Eukaryota",NA,NA,NA,NA,NA,NA
"32997ec82a57f908d17b157009a0c29f","d__Eukaryota","Phragmoplastophyta","Embryophyta",NA,NA,NA,NA
"5999557b7da5433e665fbe587605cb6c","d__Eukaryota","Apicomplexa","Conoidasida","Gregarinasina","Eugregarinorida","Ascogregarina",NA
"2e5bd6d4e50ef05cf2401f215b79f186","d__Eukaryota","Chytridiomycota","Chytridiomycetes","Chytridiales",NA,NA,NA
"0a6e15bd08b6ec0f0206ef25bf96db4b","d__Eukaryota","Amoebozoa","Tubulinea","Arcellinida","Arcellinida","Arcellinida","metagenome"
"f26613dc66e4cd68136d0ab9e509f050","d__Eukaryota","Ciliophora","Intramacronucleata","Conthreep","Oligohymenophorea","Tetrahymena","Tetrahymena_empidokyrea"
"8b7fcf96ca1d2da530308e50c8601174","d__Eukaryota","Ciliophora","Intramacronucleata","Conthreep","Phyllopharyngea",NA,NA
"525e95914f37e4475d32abf0d8229634","d__Bacteria","Proteobacteria","Alphaproteobacteria","Sphingomonadales","Sphingomonadaceae",NA,NA
"b46fc3ec6a7fdc8d8413a53bbafec8ed","d__Eukaryota","Euglenozoa","Kinetoplastea","Neobodonida","Neobodonida","Rhynchomonas",NA
"a55c47973c9df53dffd8882890a6d26a","d__Eukaryota","Euglenozoa","Kinetoplastea",NA,NA,NA,NA
"d36e8fca9d65241cff876dd12d99a571","d__Eukaryota",NA,NA,NA,NA,NA,NA
"e05fc28d630e09b10eff36841b23edfd","d__Eukaryota","Ciliophora","Intramacronucleata","Conthreep","Oligohymenophorea",NA,NA
"5b550c005852099e5e5faa73a5304004","d__Eukaryota","Basidiomycota","Agaricomycetes",NA,NA,NA,NA
"63c11deefea3c85a1bd0b681260c02e7","d__Eukaryota","Vertebrata","Actinopterygii",NA,NA,NA,NA
"c4348a604a89da750ae4e040cf807851","d__Eukaryota","Ctenophora",NA,NA,NA,NA,NA
"2dc1cc2ad9380f20c2b58d8d892e6ca3","d__Bacteria","Proteobacteria","Alphaproteobacteria","Sphingomonadales","Sphingomonadaceae",NA,NA
"d111c30b509d12537bd9a5ef0771ebe3","d__Eukaryota","Ascomycota","Taphrinomycetes","Taphrinales","Taphrinaceae","Taphrina",NA
"a0151896e76b509f2a63c97f495a0157","d__Eukaryota","Phragmoplastophyta","Embryophyta","Magnoliophyta","Magnoliophyta","Magnoliophyta",NA
"07b9d547018626a468426c23fca41aa8","d__Bacteria","Proteobacteria","Alphaproteobacteria","Rhodobacterales","Rhodobacteraceae","Tabrizicola","Rhodobacteraceae_bacterium"
"31eab8ed224d181490b43e51a3f287e3","d__Eukaryota","Ochrophyta","Eustigmatophyceae","Eustigmatales","Eustigmatales","Nannochloropsis",NA
"bc0ccf3af9744dc97b417188868e54a3","d__Eukaryota",NA,NA,NA,NA,NA,NA
"76a0c11540b2bde0a0271725c3074497","d__Eukaryota","Ciliophora","Intramacronucleata","Spirotrichea","Hypotrichia",NA,NA
"0d615fa4a213840495cdb67d948b3e15","d__Eukaryota",NA,NA,NA,NA,NA,NA
"3ac00b370758168b1a2691615bd31b14","d__Eukaryota","Diatomea",NA,NA,NA,NA,NA
"e509b4d83f9592b34bc89833f1771328","d__Bacteria",NA,NA,NA,NA,NA,NA
"a9bece7911354ffe558413144130bb62","d__Eukaryota","Ciliophora","Intramacronucleata","Conthreep","Phyllopharyngea","Acineta","Acineta_tuberosa"
"b6aa4b0045135db24ebb548e65ebbf84","d__Eukaryota","Platyhelminthes",NA,NA,NA,NA,NA
"7aba9951fc62a9bbc0618de7ed15d998","d__Eukaryota","Rotifera","Bdelloidea","Adinetida","Adinetida","Adinetida",NA
"d2bad27bea62623f953c1cfe42417595","d__Bacteria","Planctomycetota","Planctomycetes","Pirellulales","Pirellulaceae","Pirellula","Pirellula_sp."
"60da65cfe75486849587a664b2ef3495","d__Eukaryota","Apicomplexa","Conoidasida","Gregarinasina","Eugregarinorida","Ascogregarina",NA
"17d2c021ee8ab72099760b1bef8f2dba","d__Eukaryota","Peronosporomycetes","Peronosporomycetes","Peronosporomycetes","Peronosporomycetes","Pythium",NA
"b135ced54cb9fa79ba620d4153667b76","d__Eukaryota",NA,NA,NA,NA,NA,NA
"a09d643373588a9bb8f6ae97cb244de7","d__Bacteria",NA,NA,NA,NA,NA,NA
"4d0067ed0bcde5526f180e134ae9a310","d__Eukaryota","Diatomea","Bacillariophyceae","Bacillariophyceae","Bacillariophyceae","Sellaphora",NA
"4116190f6c28af893abec43735e72215","d__Eukaryota","Diatomea","Bacillariophyceae","Bacillariophyceae","Bacillariophyceae","Navicula","Navicula_phyllepta"
"d18137f8e442ae28ec883bde46d4c14f","d__Eukaryota","Diatomea","Bacillariophyceae","Bacillariophyceae","Bacillariophyceae","Sellaphora",NA
"1dcab46df5ddee1c2d8e6ece43b17dd9","d__Eukaryota","Ascomycota","Eurotiomycetes","Eurotiales","Aspergillaceae","Aspergillus",NA
"41f22609767607969b0439f25c50c30b","d__Eukaryota",NA,NA,NA,NA,NA,NA
"fe9aff4a18ad8fb2195e3df35e1b667a","d__Eukaryota",NA,NA,NA,NA,NA,NA
"506c65866796079c4cc38e158d69990b","d__Bacteria","Proteobacteria","Alphaproteobacteria","Rhizobiales",NA,NA,NA
"c4fbc788ccc8e1acbd24b79e12c2cdf9","d__Eukaryota","Diatomea",NA,NA,NA,NA,NA
"4713f6a4ee0013b80a2f10b80eeaa6bf","d__Eukaryota","Phragmoplastophyta","Embryophyta","Magnoliophyta","Magnoliophyta","Magnoliophyta",NA
"aedcfd3ca568b93d5929f9c32344f741","d__Eukaryota","Cercozoa","Thecofilosea",NA,NA,NA,NA
"19277f740677a78d433c6c3dbc0f51d2","d__Eukaryota","Euglenozoa","Kinetoplastea","Prokinetoplastina","Prokinetoplastina","Ichthyobodo","Ichthyobodo_necator"
"3850f0a4e6f6dc984742483862626369","d__Eukaryota","Cercozoa","Imbricatea","Spongomonadida","Spongomonadida","Spongomonas",NA
"91ee91695cb823cb63152bab6d069f89","d__Eukaryota","Ochrophyta","Chrysophyceae","Chrysophyceae","Chrysophyceae","Chrysophyceae",NA
"ced30f77f3328315dcdd779ad8bb5cd8","d__Eukaryota","Ciliophora","Intramacronucleata","Conthreep",NA,NA,NA
"5b4a16e48afd013570bf8092eb05de84","d__Eukaryota",NA,NA,NA,NA,NA,NA
"df473b1c0680f48cf83f1301638d1c2a","d__Eukaryota",NA,NA,NA,NA,NA,NA
"ea5f2a8a9e92db4c89f035458a772846","d__Eukaryota","Arthropoda","Insecta","Trichoptera","Trichoptera","Trichoptera",NA
"dd5928eee5ddef8c1a78e1d232f129c9","d__Eukaryota",NA,NA,NA,NA,NA,NA
"b86fb5028860285c782a6a62bc93f513","d__Eukaryota",NA,NA,NA,NA,NA,NA
"653d8c7eaede785a5d744bfd87971fdf","d__Bacteria","Proteobacteria","Alphaproteobacteria","Sphingomonadales","Sphingomonadaceae",NA,NA
"1a00dafbf1144655b4871ea1c90d46a7","d__Eukaryota","Ochrophyta","Chrysophyceae","Chrysophyceae","Chrysophyceae","Chrysophyceae","Hydrurus_foetidus"
"623e7c6bea96369c99aeac1a14e927da","d__Eukaryota","Phragmoplastophyta","Embryophyta","Magnoliophyta","Magnoliophyta","Magnoliophyta",NA
"e864b78a8c202787d67b8d91e95450d7","d__Eukaryota",NA,NA,NA,NA,NA,NA
"9566d85867dd0f6514a9623fac0a2a99","d__Eukaryota",NA,NA,NA,NA,NA,NA
"537a4460d97d8874a5e40116bfb73ba8","d__Eukaryota",NA,NA,NA,NA,NA,NA
"828456b0b9ef129af81cea6149ad1a69","d__Eukaryota","Ascomycota","Leotiomycetes","Helotiales","Helotiaceae","Helotiaceae","Helotiales_sp."
"fd4a1957ed6b2febdd9ede8822b0228e","d__Eukaryota","Tardigrada","Eutardigrada","Parachela","Parachela","Parachela","Hypsibius_dujardini"
"45335debf1ec80195d98fc41cf953c08","d__Eukaryota","Ciliophora","Intramacronucleata","Litostomatea","Haptoria",NA,NA
"c0f5b13328f1ba234a4b73b18476eb05","d__Eukaryota","Ciliophora","Intramacronucleata","Conthreep","Colpodea","Colpodida","Bresslaua_vorax"
"826e747a82c98ff7375a58029c000781","d__Eukaryota",NA,NA,NA,NA,NA,NA
"c3fc608917a1857cf1be2602f3f84b76","d__Eukaryota",NA,NA,NA,NA,NA,NA
"c196e70179a2ce82cab5c6f2ea6a8d71","d__Eukaryota","Heterolobosea","Tetramitia","Tetramitia","Tetramitia","Allovahlkampfia","Plasmopara_viticola"
"3c134efeaf3da0c93a9bb18c5536e2c0","d__Eukaryota","Apicomplexa","Conoidasida","Gregarinasina","Eugregarinorida","Ascogregarina",NA
"54aba60b1089c65ccccedab504a1db31","d__Eukaryota","Incertae_Sedis","Incertae_Sedis","Incertae_Sedis","Incertae_Sedis","Telonema","uncultured_marine"
"d216f204e99185dac34cae3953f706e5","d__Eukaryota","Diatomea","Bacillariophyceae","Bacillariophyceae","Bacillariophyceae","Gomphonema",NA
"10ae2cb8fd89ddb3aa50b0c736017051","d__Eukaryota",NA,NA,NA,NA,NA,NA
"15f0b785e223a4012914a93f66508a2a","d__Eukaryota","Basidiomycota","Tremellomycetes","Cystofilobasidiales","Mrakiaceae","Itersonilia","Itersonilia_perplexans"
"6e95174d53959b8ca5c4911eb40f50d9","d__Bacteria","Myxococcota","Polyangia","Polyangiales","Polyangiaceae","Pajaroellobacter","uncultured_Byssovorax"
"1e7e0dba341b526f9de7a34c7b6a3582","d__Bacteria","Verrucomicrobiota","Verrucomicrobiae","Opitutales","Opitutaceae","Ereboglobus","Ereboglobus_luteus"
"28b21a87ac9327a3bfe66f864bea995d","d__Eukaryota","Platyhelminthes","Rhabditophora","Rhabdocoela","Neodalyellida","Neodalyellida",NA
"e60811d7580359e898c8f3fe7a4187fe","d__Eukaryota","Ciliophora","Intramacronucleata","Conthreep","Oligohymenophorea",NA,NA
"0821fc0d3c4d1f0319208a940922c4a3","d__Eukaryota","Ciliophora","Intramacronucleata","Spirotrichea","Hypotrichia",NA,NA
"6579cb61171c22f2f7e05116374f38c4","d__Eukaryota","Gastrotricha","Gastrotricha","Chaetonotida","Chaetonotida","Chaetonotida","Halichaetonotus_schromi"
"3fead5e8b9b5a69aa8f6962cfb4075e4","d__Eukaryota","Cercozoa","Incertae_Sedis","Incertae_Sedis","Incertae_Sedis","Gymnophrys","uncultured_freshwater"
"687bcd44a3f5ae820c046669021071de","d__Bacteria","Planctomycetota","Planctomycetes","Planctomycetales","Gimesiaceae",NA,NA
"00c4eeee981e3f8c9bdc96c07854466c","d__Eukaryota","Euglenozoa","Kinetoplastea",NA,NA,NA,NA
"160a97b9c25f760f6e362efb49243b72","d__Eukaryota","Ascomycota","Dothideomycetes","Pleosporales",NA,NA,NA
"73bc27fd0a58034b501b57c0bde1ee1b","d__Eukaryota","Ochrophyta","Chrysophyceae","Chromulinales","Chromulinales","Chrysochaete","Chrysochaete_britannica"
"fb1941afd55c05bbec4493e72274b339","d__Eukaryota","Ochrophyta","Chrysophyceae","Chromulinales","Chromulinales","Chrysochaete","Chrysochaete_britannica"
"c542b96d6fa412c8c0c254feaae4f3ed","d__Eukaryota",NA,NA,NA,NA,NA,NA
"d99ff80de736d60af13050d6fd6c06a8","d__Bacteria","Proteobacteria","Gammaproteobacteria","Burkholderiales","Chitinibacteraceae","Deefgea","Deefgea_rivuli"
"9cf42019f25e198188661b9b05c92e67","d__Eukaryota","Ascomycota","Dothideomycetes","Venturiales","Venturiaceae","Venturia","Venturia_pyrina"
"5b42e33c4feefbaed000a824ad6c91eb","d__Eukaryota",NA,NA,NA,NA,NA,NA
"ea70ada6325d9b1f84c074644f0b894a","d__Eukaryota","Phragmoplastophyta","Embryophyta","Magnoliophyta","Magnoliophyta","Magnoliophyta",NA
"f56ed77af51420781bfcc1012aeade33","d__Eukaryota","Ochrophyta","Chrysophyceae","Chromulinales","Chromulinales","Chrysochaete","Chrysochaete_britannica"
"807c1a3a41db3328c8a66244389b4976","d__Eukaryota","Basidiomycota","Exobasidiomycetes","Exobasidiales","Exobasidiaceae","Exobasidium","uncultured_Dikarya"
"01ebe206ae88a7cf556363427bd9a25f","d__Eukaryota","SAR","Labyrinthulomycetes","Labyrinthulomycetes","Labyrinthulomycetes","Sorodiplophrys","Sorodiplophrys_stercorea"
"0b3096f7fa6f46e62a0ab6692f59d4ad","d__Eukaryota","Ciliophora","Intramacronucleata","Spirotrichea","Hypotrichia",NA,NA
"bfc2ee6370099949dd999ad3c112b74d","d__Eukaryota","Annelida","Clitellata","Haplotaxida","Haplotaxida","Haplotaxida","Stylaria_sp."
"dea0f7e5d39539ece3879b6cacd23c72","d__Eukaryota","Basidiomycota","Microbotryomycetes","Sporidiobolales","Sporidiobolaceae","Rhodotorula",NA
"b97990a16f6f985cd54cabe4e69aef62","d__Eukaryota","Annelida","Clitellata","Haplotaxida","Haplotaxida","Haplotaxida","Stylaria_sp."
"15fac414512e63a3036d499244b26146","d__Bacteria","Verrucomicrobiota","Verrucomicrobiae",NA,NA,NA,NA
"ecd60d2ec9e0100f8dae67e789345e0a","d__Eukaryota","Ciliophora","Intramacronucleata","Spirotrichea","Hypotrichia","Hypotrichia",NA
"d44fb2e4baaee680db1452d8d091f2ba","d__Bacteria","Proteobacteria","Alphaproteobacteria",NA,NA,NA,NA
"fc52675b0925a7f9bbd76273b588e2f8","d__Eukaryota","Diatomea",NA,NA,NA,NA,NA
"ab36bb1956f008b0a51662592f07b363","d__Eukaryota","Chytridiomycota","Chytridiomycetes","Chytridiales","Incertae_Sedis","Incertae_Sedis","uncultured_Chytridiomycota"
"52e7e3ffef46f96abe02ee5900ac4c7f","d__Eukaryota","Chytridiomycota","Chytridiomycetes","Chytridiales",NA,NA,NA
"b7d07f3600897e064428de84747237b5","d__Eukaryota","Ochrophyta","Chrysophyceae","Chrysophyceae","Chrysophyceae","Chrysophyceae","Hydrurus_foetidus"
"6e5d8355b7217c2adc216c46e11a8f22","d__Eukaryota","Gastrotricha","Gastrotricha","Chaetonotida","Chaetonotida","Chaetonotida",NA
"894d5eef41007d922276807cc9d6a572","d__Bacteria","Planctomycetota","Planctomycetes","Pirellulales","Pirellulaceae","Pirellula","Pirellula_sp."
"ca6eba5fe209733b899d6d06a554ebce","d__Bacteria","Planctomycetota","Planctomycetes","Pirellulales","Pirellulaceae","Pirellula","Pirellula_sp."
"23a47faf4715f01308304e21bfdcf19a","d__Eukaryota","Diatomea","Bacillariophyceae","Bacillariophyceae","Bacillariophyceae","Diatoma",NA
"f63b68bb19c826903d0adc70f2fa1543","d__Eukaryota","Gastrotricha","Gastrotricha","Chaetonotida","Chaetonotida","Chaetonotida","Halichaetonotus_schromi"
"40a56798b0af79242a5068584237a45b","d__Eukaryota","Incertae_Sedis","Incertae_Sedis","Incertae_Sedis","Incertae_Sedis","Telonema","uncultured_marine"
"8a5485560f308f53b444046b30d9d94c","d__Eukaryota",NA,NA,NA,NA,NA,NA
"e69ce218c58b96d2563cc1a9f5aac0b0","d__Eukaryota","Chlorophyta","Ulvophyceae","Ulvophyceae","Ulvophyceae","Ulvophyceae",NA
"f56fd787705979ba831cf949a3e94a59","d__Eukaryota",NA,NA,NA,NA,NA,NA
"62ae96ab52aa99751538cf5127408860","d__Eukaryota","Ochrophyta","Chrysophyceae","Chrysophyceae","Chrysophyceae","Chrysophyceae",NA
"2b57b89ee48c036100d002c4cc3bde41","d__Eukaryota",NA,NA,NA,NA,NA,NA
"012fc29d6557d45b92b4b16b7d418cc3","d__Eukaryota","Ciliophora","Intramacronucleata","Spirotrichea","Choreotrichia",NA,NA
"e4558ba64468398e124c9bce75844d71","d__Eukaryota","Euglenozoa","Kinetoplastea",NA,NA,NA,NA
"80dcabc947200d8e2db6debfe2796acc","d__Eukaryota","Heterolobosea","Tetramitia","Tetramitia","Tetramitia","Allovahlkampfia","Plasmopara_viticola"
"e4c9ddf148e3d7933dc01ab92458e15d","d__Eukaryota",NA,NA,NA,NA,NA,NA
"c250fa0fc4c01ac834d1ad00ee9245b1","d__Eukaryota",NA,NA,NA,NA,NA,NA
"8a1d18aa4f0d6f6b960f5393d1a5fab6","d__Eukaryota","Arthropoda","Maxillopoda","Cyclopoida","Cyclopoida","Cyclopoida","Cyclops_kolensis"
"edebd83df79f0e6f5531f38a8d712a1e","d__Eukaryota","Rotifera","Monogononta","Ploimida","Ploimida","Ploimida",NA
"5dd8da6ee53ef4a059075e1393ffcd95","d__Eukaryota","Ascomycota","Dothideomycetes","Capnodiales",NA,NA,NA
"3126fa5547e1a398ffd1382be3dfd9cf","d__Eukaryota","Ochrophyta","Chrysophyceae",NA,NA,NA,NA
"2c7424f3c419bc7b9a904c0701136b06","d__Eukaryota","Incertae_Sedis","Incertae_Sedis","Incertae_Sedis","Incertae_Sedis","Telonema","uncultured_marine"
"ea036ed34f4de9f94272c9f5d813f668","d__Eukaryota","Gastrotricha","Gastrotricha","Chaetonotida","Chaetonotida","Chaetonotida","Halichaetonotus_schromi"
"6ecc106fd7352ef6f54b226eddcf4067","d__Eukaryota","Arthropoda","Insecta","Diptera","Diptera","Diptera","Chironomus_tentans"
"aa8aa0c1a4c58279382713aa43266703","d__Eukaryota","Euglenozoa","Kinetoplastea","Neobodonida","Neobodonida","Rhynchomonas","marine_metagenome"
"c54ec4219a6aee6466f0caaf2b2e568a","d__Eukaryota","Ciliophora","Intramacronucleata","Conthreep","Colpodea",NA,NA
"122accca247980c2476c178572ede30b","d__Eukaryota","Rotifera","Bdelloidea","Adinetida","Adinetida","Adinetida",NA
"bae23c0ef2c17991db03e1c75235f0d7","d__Eukaryota","Phragmoplastophyta","Embryophyta","Magnoliophyta","Magnoliophyta","Magnoliophyta",NA
"a125c4f70b16a2c7d8ac4bb7f5a0e4e8","d__Eukaryota",NA,NA,NA,NA,NA,NA
"befecc6eac01a241335c134fe8d32304","d__Eukaryota","Phragmoplastophyta","Embryophyta","Magnoliophyta","Magnoliophyta","Magnoliophyta",NA
"11e25c59106d66f2279c480aa75c9684","d__Eukaryota","Ciliophora","Intramacronucleata","Litostomatea","Haptoria","Hemiophrys",NA
"522a041d72b00ffe3e219e55623dfda6","d__Eukaryota","Ciliophora","Intramacronucleata","Spirotrichea","Euplotia","Euplotes",NA
"0cf145e76339e03fabca3ada37fc9bd0","d__Bacteria","Proteobacteria","Alphaproteobacteria","Rhizobiales","Rhizobiales_Incertae_Sedis","uncultured","uncultured_Alphaproteobacteria"
"66324f289676eca462570e5ef1687abd","d__Eukaryota","Ciliophora","Intramacronucleata","Spirotrichea","Hypotrichia",NA,NA
"b191872ae5663720b21928b05170815d","d__Bacteria","Verrucomicrobiota","Verrucomicrobiae","Opitutales","Opitutaceae",NA,NA
"3321b1c2f3ab8135b76fa1d5cedf511a","d__Eukaryota",NA,NA,NA,NA,NA,NA
"e56b1c355d9bed6827b6648e2e2dbbac","d__Eukaryota",NA,NA,NA,NA,NA,NA
"236aa024246e1fe8b905e3375a72aa7a","d__Eukaryota","Amoebozoa","Tubulinea","Tubulinea","Tubulinea","Tubulinea","Tubulinea_group"
"b1606724f0c8c4b26b49fd8ee8933faf","d__Eukaryota","MAST-7",NA,NA,NA,NA,NA
"632e53f0866f1444c234c03faed77ce4","d__Eukaryota",NA,NA,NA,NA,NA,NA
"633da0621f3e9432baa0afcd3f0831d4","d__Eukaryota",NA,NA,NA,NA,NA,NA
"c68fa2b38e8da6c2ada91f6ad1339b46","Unassigned",NA,NA,NA,NA,NA,NA
"5d6a9890f948d2071223cf20eeda93dd","d__Eukaryota","Ciliophora","Postciliodesmatophora","Heterotrichea","Heterotrichea","Stentor","uncultured_ciliate"
"6de8dbfcdb4bc4f39d70f11aae82de0a","d__Eukaryota","Vertebrata","Mammalia","Mammalia","Mammalia","Mammalia",NA
"f043502640feedc5c908d231ca0f9aea","d__Eukaryota","Nematozoa","Chromadorea","Monhysterida","Monhysterida","Monhysterida","Tridentulus_sp."
"77f8515fee94ab30827b78e7c2713733","d__Eukaryota",NA,NA,NA,NA,NA,NA
"69ffe48d6025f0bfdc8d816f06099bcf","d__Eukaryota","Ciliophora","Intramacronucleata","Conthreep","Oligohymenophorea","Peritrichia","Ophrydium_versatile"
"1281eacd48e5576b609c8de05a2631f4","d__Bacteria","Verrucomicrobiota","Verrucomicrobiae","Opitutales","Opitutaceae",NA,NA
"9dfac17636ff654e3b245b4604207c69","d__Eukaryota",NA,NA,NA,NA,NA,NA
"e566aa492d72b4cabb27d1b04d548b26","d__Eukaryota","Cercozoa","Incertae_Sedis","Incertae_Sedis","Incertae_Sedis","Kraken","metagenome"
"f5f1f980a5911b7003bb7fadea01945f","d__Bacteria","Planctomycetota","Planctomycetes","Planctomycetales","Rubinisphaeraceae","SH-PL14","uncultured_bacterium"
"8a463560c157a68106dc518de6708df1","d__Eukaryota","Phragmoplastophyta","Embryophyta","Magnoliophyta","Magnoliophyta","Magnoliophyta",NA
"58e497359d4cfc6d384ab3a6e773036d","d__Eukaryota","Gastrotricha","Gastrotricha","Chaetonotida","Chaetonotida","Chaetonotida","Halichaetonotus_schromi"
"573e27f37105ae52970b5b65a2484ced","d__Eukaryota",NA,NA,NA,NA,NA,NA
"613376215333407cb271ead56d62747b","d__Bacteria","Desulfobacterota","Desulfovibrionia","Desulfovibrionales","Desulfovibrionaceae","Desulfovibrio",NA
"8f15e06f929a3b6c3374296fce72cc92","d__Eukaryota","Ciliophora","Intramacronucleata","Spirotrichea","Hypotrichia",NA,NA
"dc5288dce953972dcc9c731014ce4a42","d__Eukaryota","Chytridiomycota","Chytridiomycetes","Chytridiales",NA,NA,NA
"98cf6787d93571fb167d7898fa4e6c61","d__Bacteria","Proteobacteria","Alphaproteobacteria","Rhizobiales",NA,NA,NA
"b20e3b90a7819a11d70447fc6473df97","d__Eukaryota","Ciliophora","Postciliodesmatophora","Heterotrichea","Heterotrichea","Stentor","Stentor_roeselii"
"1073934e0f0ef0eacc8d69bbf21b8ae0","d__Eukaryota",NA,NA,NA,NA,NA,NA
"322cba98a0513d866d8949f75fe8568d","d__Eukaryota","Chytridiomycota","Chytridiomycetes","Chytridiales","Incertae_Sedis","Incertae_Sedis","uncultured_Chytridiomycota"
"e3b2e832d1c4efa75021fb37a5b30924","d__Eukaryota","Annelida","Clitellata","Haplotaxida","Haplotaxida","Haplotaxida","Stylaria_sp."
"f134e2c480fb6991c17a7e03c62a4bd8","d__Eukaryota","Ciliophora","Intramacronucleata","Conthreep",NA,NA,NA
"e40efbe17079f01c58badfed15d4dee7","d__Bacteria","Verrucomicrobiota","Verrucomicrobiae","Opitutales","Opitutaceae",NA,NA
"3e4e5fa8a90aae8339d633f82e52c420","d__Eukaryota","Rotifera","Monogononta","Flosculariacea","Flosculariacea","Flosculariacea","Sinantherina_socialis"
"f17aaeac58b0f7e45f5844dd6c4ee349","d__Eukaryota","Diatomea","Coscinodiscophytina","Coscinodiscophytina","Melosirids","Melosira","Melosira_varians"
"97572fc69db07a1e7754b02995209ea3","d__Eukaryota",NA,NA,NA,NA,NA,NA
"db943c5bf4503e584c7209f69a44894f","d__Eukaryota","Basidiomycota","Agaricomycetes","Polyporales",NA,NA,NA
"4c817589575846ca9bfea933334966c6","d__Eukaryota","Arthropoda","Insecta","Trichoptera","Trichoptera","Trichoptera","Hydropsyche_sp."
"7f9500d519e333d8459abf9d65d9a47d","d__Eukaryota","Chytridiomycota","Chytridiomycetes","Chytridiales","Incertae_Sedis","Incertae_Sedis","uncultured_Chytridiomycota"
"a48770219634f30a61c34a630460fc77","d__Eukaryota","Ochrophyta","Chrysophyceae","Ochromonadales","Ochromonadales","Paraphysomonas","eukaryotic_picoplankton"
"8ab7f52de8e5b3236eb083811bba6dfd","d__Eukaryota","Dinoflagellata","Dinophyceae",NA,NA,NA,NA
"94f23ddbcd3c646dc0ba8d33bebb68d4","d__Eukaryota",NA,NA,NA,NA,NA,NA
"f82ba19dc9e1bc125be8578859e2d335","d__Eukaryota","Centrohelida","Centrohelida","Centrohelida",NA,NA,NA
"53f21ed1eaeb34ead9875e90b01b3ebe","Unassigned",NA,NA,NA,NA,NA,NA
"fd035e71030eaffd0651f1a7cceef038","d__Eukaryota","Phragmoplastophyta","Embryophyta","Magnoliophyta","Magnoliophyta","Magnoliophyta",NA
"52f75653e7f92c93e8855ccf2200dc43","d__Eukaryota","Chlorophyta","Chlorophyceae","Chlorophyceae","Chlorophyceae","Chlorophyceae","uncultured_Atractomorpha"
"1989e891f1d74594e2545ab2f0eefd77","d__Eukaryota",NA,NA,NA,NA,NA,NA
"54ba526ac4f52109640e14047d27f070","d__Eukaryota","Euglenozoa","Kinetoplastea",NA,NA,NA,NA
"82a5e0cfddcc698e5defc0dc0079e444","d__Eukaryota","Arthropoda","Insecta","Diptera","Diptera","Diptera","Rhyacophila_fasciata"
"184fd5ec7e4d5c2245703172cb17009c","d__Eukaryota","Chlorophyta","Ulvophyceae","Ulvophyceae","Ulvophyceae","Ulvophyceae",NA
"fef49abb8cdd0806ebdcbfb1a6afe56a","d__Eukaryota","Chlorophyta","Ulvophyceae","Ulvophyceae","Ulvophyceae","Ulvophyceae",NA
"f57c2274cc9ee8432d5c2b4b389b1b39","d__Eukaryota","Chytridiomycota","Chytridiomycetes","Lobulomycetales","Lobulomycetaceae","Lobulomyces","Lobulomyces_angularis"
"f0cd2f617139cde8b4f75f13df67914a","d__Eukaryota",NA,NA,NA,NA,NA,NA
"aac0bc245c4e488a35c3a1c1c9a13965","d__Eukaryota","Ochrophyta","Chrysophyceae","Chrysophyceae","Chrysophyceae","Chrysophyceae",NA
"0f8b322b9b61edb4fc836efbd5e1aabd","d__Eukaryota","Gastrotricha","Gastrotricha","Chaetonotida","Chaetonotida","Chaetonotida","Halichaetonotus_schromi"
"f762f2cf4ccab65e6de2495a99f5f6cb","d__Eukaryota","Basidiomycota","Microbotryomycetes","Sporidiobolales","Sporidiobolaceae","Rhodotorula",NA
"c06817b653b346a3992c521cd2db8f93","d__Eukaryota",NA,NA,NA,NA,NA,NA
"7e8051e57ac1925de588f779ae3f94cc","d__Eukaryota","Arthropoda","Insecta","Ephemeroptera","Ephemeroptera","Ephemeroptera","Eurylophella_sp."
"c8b62acacf82bd60571f471e2fef94bf","d__Eukaryota","Gastrotricha","Gastrotricha","Chaetonotida","Chaetonotida","Chaetonotida","uncultured_eukaryote"
"eed1fca6795366303553edc6786e2b06","d__Eukaryota","Arthropoda","Insecta","Ephemeroptera","Ephemeroptera","Ephemeroptera",NA
"817bccb63b9f63eac7e67a4fd410c8b5","d__Eukaryota","Ochrophyta","Chrysophyceae","Chromulinales","Chromulinales","Chrysochaete","Chrysochaete_britannica"
"e664879c83dfdeeb84882ed1ce71eb33","d__Eukaryota","Ochrophyta","Chrysophyceae","Chrysophyceae","Chrysophyceae","Chrysophyceae",NA
"a395d5e1010022338f619c79f3c76085","d__Eukaryota","Cercozoa","Cercomonadidae","Cercomonadidae","Cercomonadidae","Paracercomonas","metagenome"
"a097934e97cfad18e829c816022d5d3a","d__Bacteria","Proteobacteria","Gammaproteobacteria",NA,NA,NA,NA
"21369c0e98ddb53a6519b4888b044056","d__Eukaryota","Euglenozoa","Euglenida","Heteronematina","Heteronematina","Petalomonas","uncultured_eukaryote"
"35029ffca15860e29aa8b698fcda62ae","d__Eukaryota","Euglenozoa","Kinetoplastea","Prokinetoplastina","Prokinetoplastina","Ichthyobodo","Ichthyobodo_necator"
"4a7aa7c3cc2702032e610fc9a5acd2d1","d__Eukaryota","Nematozoa","Chromadorea","Monhysterida","Monhysterida","Monhysterida","Tridentulus_sp."
"0e21998bdd83fd7a1b6ae35cc5daed86","d__Eukaryota","Rotifera","Bdelloidea","Adinetida","Adinetida","Adinetida",NA
"2e332d386d0de5fbb532ba534b58e039","d__Eukaryota","Ciliophora","Intramacronucleata","Conthreep","Oligohymenophorea","Peritrichia","Ophrydium_versatile"
"509ee55c80e214a2683a563ca104ffa4","d__Eukaryota",NA,NA,NA,NA,NA,NA
"f1ffd6d02f0b9eb5d78936034a79f600","d__Bacteria","Proteobacteria","Alphaproteobacteria","Rhizobiales","Rhizobiales_Incertae_Sedis","uncultured","uncultured_Alphaproteobacteria"
"e5a9b18e073830d1b09a9824e5696c87","d__Eukaryota","Arthropoda","Insecta","Plecoptera","Plecoptera","Plecoptera","Bolotoperla_rossi"
"ba96b22e057aed0cacd095a13012a4a7","d__Eukaryota","Chytridiomycota","Chytridiomycetes","Rhizophydiales","Rhizophydiales","Rhizophydiales","uncultured_Chytridiomycota"
"f57c7dcdf26bbf7631079b7e1b543eaf","d__Eukaryota","Ciliophora","Intramacronucleata","Conthreep","Oligohymenophorea","Peritrichia","Ophrydium_versatile"
"7f1735563deabcff9b13f7268baf272c","Unassigned",NA,NA,NA,NA,NA,NA
"3cf7c066c92967b531bba6bc3d2de03a","d__Eukaryota","Chlorophyta","Ulvophyceae","Ulvophyceae","Ulvophyceae","Ulvophyceae","Cladophora_vagabunda"
"198dd9d57189a3396099b78ac54955bf","d__Eukaryota",NA,NA,NA,NA,NA,NA
"243a1c1cd7c551b8556f600c7a896c2d","d__Eukaryota","Ciliophora","Intramacronucleata","Conthreep",NA,NA,NA
"08bfb6cc3d1ece4eacdf5711ffb5c5de","d__Eukaryota",NA,NA,NA,NA,NA,NA
"8d14ab000610ef24f991f987fac77e54","d__Eukaryota","Retaria","Foraminifera","Rotaliida","Rotaliida","Rotaliida","Haynesina_orbiculare"
"caee5d9eff80ae8bf14987c38252f945","d__Eukaryota","Ochrophyta","Eustigmatophyceae","Eustigmatales","Eustigmatales","Nannochloropsis",NA
"fb2372080bddc45e6500388046bf95a1","d__Eukaryota","Ascomycota","Leotiomycetes","Helotiales","Sclerotiniaceae",NA,NA
"4ae4fef0f37e2550e7d08187ab9073cd","d__Eukaryota","Ciliophora","Postciliodesmatophora","Heterotrichea","Heterotrichea","Stentor","Stentor_roeselii"
"13ea0b32dd575216eef3ac132822ca17","d__Eukaryota","Arthropoda","Insecta","Diptera","Diptera","Diptera","Rhyacophila_fasciata"
"21c970aaa630766e44df3ca1da509bc8","d__Eukaryota","Rotifera","Bdelloidea","Adinetida","Adinetida","Adinetida","Hyalella_azteca"
"270910dd0990c36575f1eccd88021dac","d__Bacteria","Bdellovibrionota","Oligoflexia","0319-6G20","0319-6G20","0319-6G20",NA
"2c39a8388bc4addf58e34f6ccfbb9217","d__Eukaryota",NA,NA,NA,NA,NA,NA
"4b612b7df614fb81275f01ca6bb3ab9b","d__Eukaryota","Diatomea",NA,NA,NA,NA,NA
"6f61b7f17bb7d1ee0cd328770b08168b","d__Eukaryota","Diatomea",NA,NA,NA,NA,NA
"f588176f833e8a7b3acd22a680d82c66","d__Eukaryota",NA,NA,NA,NA,NA,NA
"cdf6832d52d83f21c2a9d5ffa400db0f","d__Eukaryota","Ciliophora","Intramacronucleata","Spirotrichea","Hypotrichia","Hypotrichia",NA
"abce41b2ea2aa995f8b4f5ef122dcae3","d__Eukaryota","Cercozoa",NA,NA,NA,NA,NA
"8a67fafc9e768d3d696d95b34c539dbd","d__Eukaryota",NA,NA,NA,NA,NA,NA
"58b9c0390501d6032663056af9a77b04","d__Eukaryota","Diatomea","Bacillariophyceae","Bacillariophyceae","Bacillariophyceae",NA,NA
"6ddc2166e36bb1019a4300c398a957fa","d__Eukaryota","Ciliophora","Intramacronucleata","Conthreep","Oligohymenophorea","Scuticociliatia","Cyclidium_marinum"
"0a008c26e05fe7e17f62483509829e7b","d__Eukaryota","Ciliophora","Intramacronucleata","Conthreep","Oligohymenophorea",NA,NA
"8ab363c7e897087bb5d8b6cddef26d02","d__Eukaryota",NA,NA,NA,NA,NA,NA
"43d87e14cf076596b7f8f48964dd0603","d__Eukaryota","Ciliophora","Postciliodesmatophora","Heterotrichea","Heterotrichea",NA,NA
"b06eef2a447bb5e0b6c48785fbe4320c","d__Eukaryota","Chlorophyta","Chlorophyceae","Chlorophyceae","Chlorophyceae","Chlorophyceae",NA
"ce0402a8b1040475fb4db6de5039f43e","d__Eukaryota",NA,NA,NA,NA,NA,NA
"2dea73510049a0189ff9c0b0ba75a6e2","d__Eukaryota","Cryptomycota","LKM11","LKM11","LKM11","LKM11","invertebrate_environmental"
"3ad5fb34d1e203d008df213fb1af65b1","d__Eukaryota",NA,NA,NA,NA,NA,NA
"1397781190937326894acfc2302440c1","d__Eukaryota",NA,NA,NA,NA,NA,NA
"5b9c69c245572db825ae2178efb11258","d__Eukaryota","Incertae_Sedis","Incertae_Sedis","Incertae_Sedis","Incertae_Sedis","Telonema","uncultured_marine"
"e1e88adfb2a112287663fa3b16994d6f","d__Eukaryota","Chytridiomycota","Chytridiomycetes","Chytridiales","Incertae_Sedis","Incertae_Sedis","uncultured_Chytridiomycota"
"3eadb4002af79db9fda94d5471c84208","d__Eukaryota","Cercozoa","Novel_Clade_2","Novel_Clade_2","Novel_Clade_2","Novel_Clade_2","uncultured_freshwater"
"67978245700afa7ce17a89f7f81e4203","d__Eukaryota","Diatomea",NA,NA,NA,NA,NA
"17858faab1d6c186cc9b6f4d8211ce05","d__Eukaryota","Ciliophora","Postciliodesmatophora","Heterotrichea","Heterotrichea","Stentor","Stentor_roeselii"
"f063b1efebd488ca8e3428254c477839","d__Eukaryota","Basidiomycota","Microbotryomycetes","Sporidiobolales","Sporidiobolaceae","Rhodotorula",NA
"8929cdcff4e32603a4e83a875a64e27f","d__Eukaryota","Ciliophora","Postciliodesmatophora","Heterotrichea","Heterotrichea","Stentor","Stentor_roeselii"
"7465626aae31089b5354a27c55e521f6","d__Eukaryota",NA,NA,NA,NA,NA,NA
"17858a727e5880f4ab523f0cda2cdccd","d__Eukaryota",NA,NA,NA,NA,NA,NA
"e94151a264e436785067ff10fe5cc75f","d__Eukaryota","Cercozoa","Glissomonadida","Glissomonadida","Glissomonadida","uncultured","metagenome"
"1deb019d4b0fa0edb7f4a3d38eefa5c7","d__Eukaryota","Incertae_Sedis","Incertae_Sedis","Incertae_Sedis","Incertae_Sedis","Telonema","uncultured_marine"
"5667b4d6e91facc85f2b76ad4a189858","d__Bacteria","Verrucomicrobiota","Verrucomicrobiae","Opitutales","Opitutaceae",NA,NA
"e2e7a0797133976e6e959a05be4b4bc7","d__Bacteria","Proteobacteria","Gammaproteobacteria","Pseudomonadales","Moraxellaceae","uncultured","uncultured_Pseudomonadaceae"
"7f40955afbb2aeba55f7998530e1ddf7","d__Eukaryota",NA,NA,NA,NA,NA,NA
"490e55586b8a7b837144bd0f6b3edc8f","d__Bacteria","Verrucomicrobiota","Verrucomicrobiae","Verrucomicrobiales","Verrucomicrobiaceae",NA,NA
"b28e8881c8698e1af21e6b2fe0e126d1","d__Eukaryota",NA,NA,NA,NA,NA,NA
"603a923e245b4f2b6967093790a146cb","d__Eukaryota","Ciliophora","Intramacronucleata","Spirotrichea","Hypotrichia",NA,NA
"2267e1002cdc0edb244a21b0a94d71c2","d__Eukaryota","Annelida","Clitellata","Haplotaxida","Haplotaxida","Haplotaxida","Rheomorpha_neiswestonovae"
"888a48feb45773f0e3b572c81255d583","d__Eukaryota","Ochrophyta","Chrysophyceae","Chrysophyceae","Chrysophyceae","Chrysophyceae","Hydrurus_foetidus"
"21c666ba83da150d6a4e3f60c3c651eb","d__Eukaryota","Basidiomycota","Agaricomycetes","Polyporales",NA,NA,NA
"8df16c815a9a3418d05f8995ce6e0d44","d__Eukaryota",NA,NA,NA,NA,NA,NA
"f835fadcb63dc0b4d1daf8675205e601","d__Bacteria",NA,NA,NA,NA,NA,NA
"0b12f9eb8e2395558e485585eaf4e385","d__Eukaryota",NA,NA,NA,NA,NA,NA
"bff857c55735a1969c0a26daf8220e2f","d__Eukaryota","Ciliophora","Intramacronucleata","Litostomatea","Mesodiniidae","Mesodiniidae","Mesodinium_pulex"
"6911cb9e4016c93934d3fe8fc5d101a1","d__Eukaryota",NA,NA,NA,NA,NA,NA
"216957a0159524424121adad055ef886","d__Eukaryota","Phragmoplastophyta",NA,NA,NA,NA,NA
"57ccfd19cfe1ab5104eef7fb2d6037b2","d__Eukaryota","Nematozoa","Chromadorea","Monhysterida","Monhysterida","Monhysterida","Tridentulus_sp."
"321f276018380cf6f79b5e820b2ac37e","d__Eukaryota","Arthropoda","Insecta","Diptera","Diptera","Diptera","Rhipidia_sejuga"
"769880359a7c23227322009d8f560c0b","d__Eukaryota","Ciliophora","Intramacronucleata","Spirotrichea","Euplotia","Euplotes",NA
"df1781ff0d26816c52d9b9b107f56333","d__Eukaryota",NA,NA,NA,NA,NA,NA
"e74548ca7c36987ae90d253d07a6c6e3","Unassigned",NA,NA,NA,NA,NA,NA
"fdd6760d904d56b6dae7566662a914fe","d__Eukaryota","Ascomycota","Dothideomycetes","Pleosporales",NA,NA,NA
"6150eb0459a6622f26c94a1b3f0735f6","d__Eukaryota","Diatomea",NA,NA,NA,NA,NA
"a1f01f25fd8f0e8b122d1c7f7c9aa32c","d__Eukaryota","Arthropoda","Insecta",NA,NA,NA,NA
"6e89dac229a37ff2f60db31a23f0c6d4","d__Eukaryota","Ochrophyta","Chrysophyceae","Ochromonadales","Ochromonadales","Paraphysomonas",NA
"9fa9376c816f2ab79a7b6032abb728df","d__Eukaryota",NA,NA,NA,NA,NA,NA
"08e02e534407772c68146bd29b9fad61","d__Eukaryota","Ciliophora","Intramacronucleata","Conthreep","Oligohymenophorea","Tetrahymena",NA
"6dc128dd1543981a2c2b7ec4f0edcbe9","Unassigned",NA,NA,NA,NA,NA,NA
"05790536a95bafb0e4a597ff7cfe171d","d__Bacteria","Verrucomicrobiota","Verrucomicrobiae","Opitutales",NA,NA,NA
"06eea621c0b465772b3e1fc5d99a526d","d__Bacteria",NA,NA,NA,NA,NA,NA
"e77641ba9023221806b14708213a6952","d__Eukaryota","Vertebrata","Mammalia","Mammalia","Mammalia","Mammalia",NA
"ca5cee16b5998860c97b58a713c51c0a","d__Eukaryota","Rotifera","Monogononta","Ploimida","Ploimida","Ploimida","Synchaeta_tremula"
"19235bb0c6994be3927c02faf7cc366a","d__Eukaryota",NA,NA,NA,NA,NA,NA
"f314de53938f840589be2f4691e9c9de","d__Eukaryota","Annelida","Clitellata","Haplotaxida","Haplotaxida","Haplotaxida","Stylaria_sp."
"ca0dabd17bd724348c77e016288f1e99","d__Eukaryota","Ascomycota","Leotiomycetes",NA,NA,NA,NA
"19ca32ff4d9789585a2035cc6e9346b0","d__Eukaryota",NA,NA,NA,NA,NA,NA
"4f529ed6ac0c1754092b71969a1c4de5","d__Eukaryota","Chytridiomycota","Chytridiomycetes","Chytridiales",NA,NA,NA
"03ebcc8ed557315b6c0265a4e1eb0b88","d__Eukaryota",NA,NA,NA,NA,NA,NA
"6a7cde9ad0760ef44230b30893a07f5c","d__Eukaryota",NA,NA,NA,NA,NA,NA
"002d117478d9ba29a0d01cf1a7f5c152","d__Eukaryota","Ciliophora","Intramacronucleata","Spirotrichea","Hypotrichia","Hypotrichia",NA
"ad6377b34695fce0b99b3939d493b9b4","d__Eukaryota",NA,NA,NA,NA,NA,NA
"c9a258238f3565e39044f53bb5e5974b","d__Eukaryota",NA,NA,NA,NA,NA,NA
"29dfd81d0ef3f61222d22d829e73a187","d__Eukaryota",NA,NA,NA,NA,NA,NA
"9c9f8feb4a41e5570ddaec466a7ef4a4","Unassigned",NA,NA,NA,NA,NA,NA
"2dbb6146f6cbfa83821accd81f250b52","d__Bacteria","Proteobacteria","Alphaproteobacteria",NA,NA,NA,NA
"83f9055eadd0dfe0ab74e630c6ad7d6d","d__Eukaryota",NA,NA,NA,NA,NA,NA
"b1e12d343416e199bafebbe4b628d5a2","d__Eukaryota","Gastrotricha","Gastrotricha","Chaetonotida","Chaetonotida","Chaetonotida",NA
"c3548552fec13b1423f21d5370b21fd7","d__Bacteria","Proteobacteria","Alphaproteobacteria","Sphingomonadales","Sphingomonadaceae",NA,NA
"09d335b10e302ee14fae23620bd930a5","d__Eukaryota","Ciliophora","Postciliodesmatophora","Heterotrichea","Heterotrichea","Stentor","Stentor_roeselii"
"c21dec7b10b37c555dfecbab7b218bc5","d__Eukaryota","Apicomplexa","Conoidasida","Gregarinasina","Eugregarinorida","Ascogregarina",NA
"e21dc0ac6002d5447dfe973fab08e064","d__Eukaryota","Heterolobosea","Tetramitia","Tetramitia","Tetramitia","Allovahlkampfia","Plasmopara_viticola"
"e3451e196ba705789a7500668fc80314","d__Eukaryota","Bicosoecida","Bicosoecida","Bicosoecida","Bicosoecida","Bicosoeca","uncultured_stramenopile"
"b247c2ddf2bd6fd75edc636f86f831b3","d__Eukaryota",NA,NA,NA,NA,NA,NA
"954f29af0538b4d55da29ea29fbb40ee","d__Eukaryota","Diatomea",NA,NA,NA,NA,NA
"64f4f1c1f9b982406d042e0904475adf","d__Eukaryota","Ciliophora","Intramacronucleata","Conthreep","Oligohymenophorea",NA,NA
"43ba88fb449bebeed5f29ac1380fea1e","d__Bacteria","Proteobacteria","Alphaproteobacteria","Sphingomonadales","Sphingomonadaceae","Sphingobium",NA
"827633cb10eda0de6af8762b09bc315a","d__Bacteria","Proteobacteria","Alphaproteobacteria","Rhizobiales","Rhizobiales_Incertae_Sedis","uncultured","uncultured_Alphaproteobacteria"
"981de25ccf0ab981f4ce966fbf177329","d__Eukaryota","Ascomycota",NA,NA,NA,NA,NA
"985e7e1db89cae447adb505ae15d8c3b","d__Eukaryota",NA,NA,NA,NA,NA,NA
"59c8eda7ec7c207615731ff7f5c30489","d__Eukaryota","Platyhelminthes",NA,NA,NA,NA,NA
"657e8c6d1eaaad81cb49f0a7e354ab7c","d__Eukaryota","Ciliophora","Intramacronucleata","Conthreep","Oligohymenophorea",NA,NA
"c4e4b15d235a57f92d10af4ec6f525a1","d__Eukaryota","Vertebrata","Mammalia","Mammalia","Mammalia","Mammalia",NA
"e142bcb9509ff4a6abadef81a43839f6","d__Eukaryota","Chytridiomycota","Chytridiomycetes","Chytridiales","Incertae_Sedis","Incertae_Sedis","uncultured_Chytridiomycota"
"99aadb64055f058125981d16282a3e84","d__Eukaryota",NA,NA,NA,NA,NA,NA
"b968b7d6669d2da31ae32ad9c8fad82a","d__Eukaryota",NA,NA,NA,NA,NA,NA
"e02bfe976c791a42f85376b5a414b20b","d__Eukaryota",NA,NA,NA,NA,NA,NA
"a4cf70c2583ed81bd0c075d9c327d648","d__Bacteria","Planctomycetota","Planctomycetes","Pirellulales","Pirellulaceae","Pirellula","Pirellula_sp."
"80a995c206237436d18898b513be2216","d__Eukaryota","Euglenozoa","Kinetoplastea","Neobodonida","Neobodonida","Lake_Biwa_clade","uncultured_kinetoplastid"
"91bb3947e59aaf15241c4d6d752c558b","d__Eukaryota","Ciliophora","Intramacronucleata","Conthreep","Oligohymenophorea",NA,NA
"bcf9e9b68f8350c68efbe59dd7a6f91b","d__Eukaryota",NA,NA,NA,NA,NA,NA
"4dcebc8b25a7ff2d1e88ade910a23955","d__Eukaryota","Chlorophyta","Chlorophyceae","Chlorophyceae","Chlorophyceae","Chlorophyceae","Scenedesmus_armatus"
"c5f75d754aebacff6d370fa8c7b91a82","Unassigned",NA,NA,NA,NA,NA,NA
"625c8936ebb15ba5db693e95dc31fdbd","d__Eukaryota","Ciliophora","Intramacronucleata","Spirotrichea","Euplotia","Euplotes",NA
"dc69e720f80367722e10e574fbb96f1b","d__Eukaryota","Ascomycota","Dothideomycetes","Capnodiales",NA,NA,NA
"dbc8823ef0561342108b9331f486037e","d__Eukaryota",NA,NA,NA,NA,NA,NA
"5468391273dd59033fcf31c3b5be2539","d__Eukaryota","Ciliophora","Intramacronucleata","Conthreep","Oligohymenophorea","Peritrichia","Ophrydium_versatile"
"eaed3822b6a20924d2c9b405c5ca6a5f","d__Bacteria","Proteobacteria","Alphaproteobacteria","Rhodobacterales","Rhodobacteraceae","Tabrizicola","Rhodobacteraceae_bacterium"
"c22efd943cf5c66c7b9651b4b232221b","d__Eukaryota",NA,NA,NA,NA,NA,NA
"0af1d62e550107a413fc732a681a1ead","d__Bacteria","Proteobacteria","Alphaproteobacteria","Rhodobacterales","Rhodobacteraceae","Tabrizicola","Rhodobacteraceae_bacterium"
"deb57690cb571a374852cda1f9919ffd","d__Eukaryota",NA,NA,NA,NA,NA,NA
"eb463f0d85c7803ebd78e402924836ba","d__Eukaryota","Euglenozoa","Kinetoplastea","Prokinetoplastina","Prokinetoplastina","Ichthyobodo","Ichthyobodo_necator"
"778ec26c8aa0fb8824df4abb10af766c","d__Eukaryota","Incertae_Sedis","Incertae_Sedis","Incertae_Sedis","Incertae_Sedis","Telonema","uncultured_marine"
"92f54ed2fe53bc6c6f7dccb41ccc319a","d__Eukaryota",NA,NA,NA,NA,NA,NA
"db527de95f6ccf5114ec48c62a97644e","d__Eukaryota","Tardigrada","Eutardigrada","Parachela","Parachela","Parachela",NA
"5dd31964f2554fc18f570ccfaad33029","d__Eukaryota","Ochrophyta","Chrysophyceae","Chrysophyceae","Chrysophyceae","Chrysophyceae","Hydrurus_foetidus"
"090fb6742b558f06d88f4b33d68d2630","d__Eukaryota","Diatomea",NA,NA,NA,NA,NA
"0d3e302aae6150a453e6d622ee7f35ad","d__Eukaryota",NA,NA,NA,NA,NA,NA
"edf986ecb3f7780ef2844abc1434a341","d__Eukaryota",NA,NA,NA,NA,NA,NA
"0d353c1f8778da3782faf00fc9e29114","d__Eukaryota",NA,NA,NA,NA,NA,NA
"89f59bcb0af8e7a6330b4f5d11ab3453","Unassigned",NA,NA,NA,NA,NA,NA
"1b92c94ed5558bb134f7767898634990","d__Eukaryota","Ochrophyta","Chrysophyceae","Ochromonadales","Ochromonadales","Paraphysomonas","eukaryotic_picoplankton"
"f20cb72a4305077939e2e484b79de93f","Unassigned",NA,NA,NA,NA,NA,NA
"66c95dced73298983b1ed3d11ee7795a","d__Eukaryota",NA,NA,NA,NA,NA,NA
"bd68dab60504e4f1861f14019f97e059","d__Eukaryota","Ochrophyta","Chrysophyceae","Chromulinales","Chromulinales","Chrysochaete","Chrysochaete_britannica"
"8b79e935d0c68d99d84fbf3851a0565e","d__Eukaryota","Diatomea","Bacillariophyceae","Bacillariophyceae","Bacillariophyceae","Navicula","Navicula_phyllepta"
"5ffaa2a51bb19740ab70e86038621631","d__Eukaryota","Ciliophora","Intramacronucleata","Conthreep","Oligohymenophorea","Hymenostomatia","Agolohymena_aspidocauda"
"b22e07bb0f15a0b614ef237ed724d9ea","d__Eukaryota","Ciliophora","Intramacronucleata","Litostomatea","Mesodiniidae","Mesodiniidae","Mesodinium_pulex"
"ab37adc29b8d998044525e8c8d366f3a","d__Eukaryota","Ciliophora","Intramacronucleata","Conthreep","Oligohymenophorea","Scuticociliatia",NA
"89e3ed2fa9622aba9ffad9e79ea87f1a","d__Eukaryota","Cercozoa","Incertae_Sedis","Incertae_Sedis","Incertae_Sedis","Gymnophrys","uncultured_freshwater"
"16d9f60296de9a97d529e6976c272e4e","d__Eukaryota","Basidiomycota","Malasseziomycetes","Malasseziales","Malasseziaceae","Malassezia","Malassezia_slooffiae"
"386d29353cd31d50cc8e265739d472d8","d__Bacteria","Verrucomicrobiota","Verrucomicrobiae","Opitutales","Opitutaceae",NA,NA
"70265374ae7685b7f13c5bf13522fa3f","d__Eukaryota",NA,NA,NA,NA,NA,NA
"198c6b1f261c91af1fc60694751a1871","d__Eukaryota","Chytridiomycota","Chytridiomycetes",NA,NA,NA,NA
"f47b822e7ca7957985dcaba5a569e869","d__Eukaryota",NA,NA,NA,NA,NA,NA
"9f0caa81f2e6fb9b919fe3c532444528","d__Eukaryota","Ciliophora","Postciliodesmatophora","Heterotrichea","Heterotrichea","Stentor","Stentor_roeselii"
"40a77b6daf399229452f86b0dc3cca5f","d__Eukaryota","Gastrotricha","Gastrotricha","Chaetonotida","Chaetonotida","Chaetonotida",NA
"f44af249ee2ac997215c4856e6bd9310","d__Eukaryota","Ochrophyta","Chrysophyceae",NA,NA,NA,NA
"0d30806e095ca56bbafbb476589b47bd","d__Eukaryota",NA,NA,NA,NA,NA,NA
"5fddff47cb1cb99a2c45d22a80f5dfd8","d__Eukaryota","Arthropoda","Insecta","Diptera","Diptera","Diptera","Ablabesmyia_rhamphe"
"bc8fd97fb470ba1195b3968d73b8cc65","d__Eukaryota","Ascomycota","Eurotiomycetes","Eurotiales","Trichocomaceae",NA,NA
"0f929fe97cac496d1b953ecd00b309fd","d__Eukaryota","Ciliophora","Intramacronucleata","Conthreep","Oligohymenophorea",NA,NA
"8ab68bb803170729cfcca0730281bee8","d__Eukaryota","Ciliophora","Intramacronucleata","Conthreep","Oligohymenophorea",NA,NA
"6ec98cbfb5be83015f9aa7a6ec574967","d__Eukaryota",NA,NA,NA,NA,NA,NA
"4de0a5ffddec9e87b7e414fdb8085d78","d__Eukaryota",NA,NA,NA,NA,NA,NA
"7cea1ce4732cefd6c83f411b68deb4b1","d__Eukaryota","Ciliophora","Intramacronucleata","Conthreep",NA,NA,NA
"eac2a8aefd5c1c44ab0b12f2874f301e","d__Eukaryota","Chytridiomycota","Chytridiomycetes","Chytridiales","Incertae_Sedis","Incertae_Sedis",NA
"05baaa0d25226668db6321dce35b53e3","d__Eukaryota","Amoebozoa","Discosea","Vannellida","Vannellida",NA,NA
"ba0b76189fe53f5016875212eb4d2634","d__Eukaryota","Ochrophyta","Chrysophyceae",NA,NA,NA,NA
"cce45b8c102e2d38ed02c8fb81e1cd06","d__Eukaryota","Ciliophora","Intramacronucleata","Litostomatea",NA,NA,NA
"fe8c24ee7ebcd21ee29630dae7bad6f1","d__Eukaryota","Chlorophyta","Chlorophyceae","Sphaeropleales","Sphaeropleales","Mychonastes","uncultured_Chlorophyta"
"5bc47a0cd8bd440a2942d1aa872f221f","d__Eukaryota","Chlorophyta","Chlorophyceae","Chlorophyceae","Chlorophyceae","Chlorophyceae","Stigeoclonium_farctum"
"eb4ba2bc82a9bbec9943c19e6ca080bf","d__Eukaryota","Ascomycota","Taphrinomycetes","Taphrinales","Taphrinaceae","Taphrina",NA
"531542243db9a5d17af7da6aff20ffe2","d__Eukaryota",NA,NA,NA,NA,NA,NA
"1b733e314ff100e9f1b394649996ca14","d__Bacteria","Proteobacteria","Alphaproteobacteria","Rhizobiales","Rhizobiales_Incertae_Sedis","uncultured","uncultured_Alphaproteobacteria"
"7a3f0551e82f405e4d43aa1939157a65","d__Eukaryota","Ciliophora","Intramacronucleata","Litostomatea",NA,NA,NA
"08d54ddfa2684026e43e67fecda3307c","d__Eukaryota",NA,NA,NA,NA,NA,NA
"82c8f3cca0d96acbd73768b88e1dc0d6","d__Eukaryota","Ciliophora","Intramacronucleata","Spirotrichea","Hypotrichia",NA,NA
"863b786dc38d5d6e02f1fcc8ec16ea08","d__Eukaryota","Chytridiomycota","Chytridiomycetes","Rhizophydiales","Rhizophydiales","Rhizophydiales","uncultured_Chytridiomycota"
"91c8bcd00fb733740149997be3ecb3ad","d__Eukaryota","Ciliophora","Intramacronucleata","Conthreep","Oligohymenophorea",NA,NA
"6ec9eadb7f259a65a705e2cdbd78c4db","d__Eukaryota","Gastrotricha","Gastrotricha","Chaetonotida","Chaetonotida","Chaetonotida","Halichaetonotus_schromi"
"cc88ac931e2b40567199b24eb0b1d9e2","d__Eukaryota","LKM15","LKM15","LKM15","LKM15","LKM15","uncultured_Eimeriidae"
"3cb3e9cc438f4628aaae7a3c03865200","d__Eukaryota",NA,NA,NA,NA,NA,NA
"d568a8fb8c3219c8ea539561a095d4a8","d__Eukaryota",NA,NA,NA,NA,NA,NA
"7f495c51f60a62bb21fe5e6d5c68041e","d__Eukaryota","Rotifera","Bdelloidea","Adinetida","Adinetida","Adinetida",NA
"c874e1dc946c8a0caaf2b218664b04b3","d__Eukaryota","Apicomplexa","Conoidasida","Gregarinasina","Eugregarinorida","Ascogregarina",NA
"1b2b2e92e439276029b1255bac313a7f","d__Eukaryota","Ciliophora","Intramacronucleata","Litostomatea","Haptoria","Hemiophrys",NA
"9a2fbdce10bb3fc066a600f790aa9099","d__Eukaryota","Ciliophora","Intramacronucleata","Conthreep","Oligohymenophorea",NA,NA
"37edae107c22f2262e804136fabfa107","d__Eukaryota","Ciliophora","Intramacronucleata","Litostomatea",NA,NA,NA
"bccc7c4ecf2db9147f5674914c573fcb","d__Eukaryota",NA,NA,NA,NA,NA,NA
"cc93486e7e472dc93d1e89a8636e17cd","d__Eukaryota","Arthropoda","Insecta","Diptera","Diptera","Diptera","Rhyacophila_fasciata"
"2eb2abb7ceecec9e447cc529d9f73974","d__Eukaryota",NA,NA,NA,NA,NA,NA
"c1612692a6e11908c333d09cf206ae1f","d__Eukaryota",NA,NA,NA,NA,NA,NA
"4d6e1a4b4833ff5a1de0bf8f96b37f68","d__Eukaryota","Basidiomycota","Tremellomycetes","Cystofilobasidiales","Mrakiaceae","Itersonilia","Itersonilia_perplexans"
"54c754554db5d69539246428fa3d2d19","d__Eukaryota",NA,NA,NA,NA,NA,NA
"ade3f46cf9d3e93ecdf3adf4c60b7312","d__Eukaryota","Ciliophora","Intramacronucleata","Conthreep","Oligohymenophorea",NA,NA
"f3cea3b85b222013cc10e81cf697a33f","d__Eukaryota","Phragmoplastophyta","Embryophyta","Magnoliophyta","Magnoliophyta","Magnoliophyta","Daucus_carota"
"449ece3b542f75703c8ffbd9bcf1c90c","d__Eukaryota","Cercozoa","Thecofilosea","Cryomonadida",NA,NA,NA
"cf056b901b541668d7f596800702a6c9","d__Eukaryota","Cryptophyceae","Cryptophyceae","Cryptomonadales","Cryptomonadales",NA,NA
"45e7df34287278519c82e9d4bc88ae00","d__Eukaryota","Dinoflagellata","Dinophyceae",NA,NA,NA,NA
"e72c7d2212100e5dbdec689f7a1600a1","d__Eukaryota",NA,NA,NA,NA,NA,NA
"e68bbfbd6356d597ad1b5c10d121d30f","d__Eukaryota","Arthropoda","Insecta","Ephemeroptera","Ephemeroptera","Ephemeroptera","Eurylophella_sp."
"a94d1e7e02a14624e1e3e900006015a3","d__Eukaryota","Rotifera","Monogononta","Ploimida","Ploimida","Ploimida","Brachionus_calyciflorus"
"6d4d0ab1509606872728bc74944632ec","d__Eukaryota","Diatomea",NA,NA,NA,NA,NA
"5a06b2ab084e032ad01729ce7367249d","d__Eukaryota",NA,NA,NA,NA,NA,NA
"4f523d7451732c909d5e50ce35fa6645","d__Eukaryota","Ochrophyta","Chrysophyceae","Chromulinales","Chromulinales","Poteriospumella",NA
"41cf8bccccf0580d4f0d8c2352137d07","d__Eukaryota","Diatomea","Bacillariophyceae","Bacillariophyceae","Bacillariophyceae",NA,NA
"5de4b4158d431667ec8579afc155726d","d__Bacteria",NA,NA,NA,NA,NA,NA
"986339e09adec8eb56dffbda9b6193ca","d__Eukaryota",NA,NA,NA,NA,NA,NA
"cd637d0a66f45b97b2bfb5fac5ed6cf8","d__Eukaryota",NA,NA,NA,NA,NA,NA
"596b4ac7d7bdfdc688437780f106e61f","d__Eukaryota",NA,NA,NA,NA,NA,NA
"8cb44eafd85556d23fc34bc7271fd52a","d__Eukaryota","Ciliophora","Intramacronucleata","Spirotrichea","Hypotrichia","Hypotrichia",NA
"814f344ed9e0a386cabbb2381f0546ac","d__Eukaryota","Chlorophyta","Trebouxiophyceae","Trebouxiophyceae","Trebouxiophyceae","Trebouxiophyceae","Chloroidium_saccharophilum"
"50534551a92513b3bdb8e02d4f9bbe23","d__Eukaryota","Arthropoda","Maxillopoda","Harpacticoida","Harpacticoida","Harpacticoida",NA
"5cd979b7c9e3e7e2643d459b9595fc6d","d__Eukaryota","Heterolobosea","Tetramitia","Tetramitia","Tetramitia","Allovahlkampfia","Plasmopara_viticola"
"1a665b53ba297803c3ed59afc4cf365c","d__Eukaryota","Vertebrata","Mammalia","Mammalia","Mammalia","Mammalia",NA
"82b1f509159d11ed2d954a61fc475679","d__Eukaryota","Ochrophyta","Chrysophyceae","Chrysophyceae","Chrysophyceae","Chrysophyceae",NA
"b503a0c7e9861511641ef72876457bd0","d__Eukaryota",NA,NA,NA,NA,NA,NA
"d259883593d81489c356e93ef8bdc5f7","d__Eukaryota","Ciliophora","Intramacronucleata","Spirotrichea","Choreotrichia",NA,NA
"9c0c70fbcb76a9099ee7f1f15e7c6e81","d__Eukaryota","Cercozoa","Glissomonadida","Glissomonadida","Glissomonadida","uncultured","metagenome"
"383232b4b1bcf2e58b8ac94653dd7451","d__Eukaryota","Diatomea","Bacillariophyceae","Bacillariophyceae","Bacillariophyceae","Gomphonema",NA
"5d4222cb66984e43a463633fb4613799","d__Eukaryota","Diatomea","Bacillariophyceae","Bacillariophyceae","Bacillariophyceae",NA,NA
"079af87119c30aab475b4f1221ea953e","d__Eukaryota","SAR","Labyrinthulomycetes","Labyrinthulomycetes","Labyrinthulomycetes","Sorodiplophrys","Sorodiplophrys_stercorea"
"2a97094826e52520b141f4de789bb9bd","d__Bacteria","Proteobacteria","Alphaproteobacteria",NA,NA,NA,NA
"9d2b2402ab8a76804e210f90875f20a4","d__Eukaryota","Amoebozoa","Tubulinea","Euamoebida","Euamoebida","Euamoebida","Hartmannella_cantabrigiensis"
"288a8256c89be6c7becfa5f4096c6aa0","d__Eukaryota",NA,NA,NA,NA,NA,NA
"26032feab6fb021b1136e38c9bdfdd15","Unassigned",NA,NA,NA,NA,NA,NA
"55d1c262bcec0f7a142f9be002553877","d__Eukaryota",NA,NA,NA,NA,NA,NA
"b008d994a4496b1c143f86fb9bbc7dfe","d__Eukaryota","Chlorophyta","Chlorophyceae","Sphaeropleales","Sphaeropleales","Mychonastes","uncultured_Chlorophyta"
"24cde73f6d049075e6cad42c247e2ac2","d__Eukaryota",NA,NA,NA,NA,NA,NA
"157089b698b5ffe2840b66713bd1b117","d__Eukaryota","Chytridiomycota","Chytridiomycetes","Chytridiales","Incertae_Sedis","Incertae_Sedis","uncultured_Chytridiomycota"
"35948f21a39fd4d86445cb46593e19ae","d__Eukaryota","Apicomplexa","Conoidasida","Gregarinasina","Eugregarinorida","Ascogregarina",NA
"2dab80ef40f363636603240417bc7253","d__Eukaryota",NA,NA,NA,NA,NA,NA
"d8f34748080cede0ceb24c93e9bf7ac4","d__Eukaryota","Ciliophora","Intramacronucleata","Conthreep","Oligohymenophorea",NA,NA
"7f38dd1ebb1d250a4b108e747118abd6","d__Eukaryota","Rotifera","Monogononta","Flosculariacea","Flosculariacea","Flosculariacea","Sinantherina_socialis"
"01bea6f48ccdb11b683f54ff00f73c0f","d__Eukaryota",NA,NA,NA,NA,NA,NA
"98d00b0f05e65089aad71ee926a66a5d","d__Eukaryota",NA,NA,NA,NA,NA,NA
"45d039521bf154cc6f79b48aca4ac4f5","d__Eukaryota","Euglenozoa","Kinetoplastea","Prokinetoplastina","Prokinetoplastina","Ichthyobodo","Ichthyobodo_necator"
"f808fa7b87543264895c54924e46e721","d__Eukaryota","Basidiomycota","Tremellomycetes","Tremellales","Bulleribasidiaceae","Vishniacozyma",NA
"3f2a3ebfc5a5b247c230529c69949128","d__Eukaryota","LKM15","LKM15","LKM15","LKM15","LKM15",NA
"ebe7d8fb0ec8dcda8399aae80edd425c","d__Eukaryota","Cercozoa","Novel_Clade_Gran-3","Novel_Clade_Gran-3","Novel_Clade_Gran-3","Novel_Clade_Gran-3","uncultured_freshwater"
"0e15fdd0f53c12c25ac798faa4395b81","d__Eukaryota","Basidiomycota","Agaricomycetes","Agaricales",NA,NA,NA
"6c26bc0b02e4f24f1a0c367955c1ccb8","d__Eukaryota","Platyhelminthes","Catenulida","Catenulida","Stenostomidae","Stenostomidae","Stenostomum_sp."
"c2bf54d04d3260211519d0756b001848","d__Eukaryota",NA,NA,NA,NA,NA,NA
"6326596caf5730a67163014698e1819a","d__Eukaryota","Ascomycota","Dothideomycetes","Capnodiales",NA,NA,NA
"fc31fc9ebc4b070797cb8155fdda3e98","d__Eukaryota",NA,NA,NA,NA,NA,NA
"23d4ca144d8f956d9e2ffb5ac01d4920","d__Eukaryota","Chlorophyta","Chlorophyceae","Chlorophyceae","Chlorophyceae","Chlorophyceae",NA
"4006ab971900032c93b841680ab2a7eb","d__Eukaryota","Apicomplexa","Conoidasida","Gregarinasina","Eugregarinorida","Ascogregarina",NA
"aa9bc23b0337fe839529f05cd6770bad","d__Eukaryota","Apicomplexa","Conoidasida","Gregarinasina","Eugregarinorida","Ascogregarina",NA
"86c110bbd57ee660c836b02b0878c8d3","d__Eukaryota","Diatomea","Bacillariophyceae","Bacillariophyceae","Bacillariophyceae","Gomphonema",NA
"58a88e2118bca1bbd1de525e3e96feb6","d__Bacteria","Proteobacteria","Alphaproteobacteria","Rhodobacterales","Rhodobacteraceae","Tabrizicola","Rhodobacteraceae_bacterium"
"02718864ae2b2db06dd41f427c50166d","d__Eukaryota","Ascomycota","Leotiomycetes","Helotiales","Helotiaceae","Helotiaceae","Helotiales_sp."
"3b3de79ccd41cd5b391b3ac0bdd953e2","d__Eukaryota","Ciliophora","Intramacronucleata","Conthreep",NA,NA,NA
"2e3aa4f695615de94b78540c25a0f033","d__Eukaryota","Ciliophora","Intramacronucleata","Conthreep","Oligohymenophorea",NA,NA
"1074aeb5835d7d71f346c040f0845cb2","d__Bacteria","Desulfobacterota","uncultured","uncultured","uncultured","uncultured","uncultured_delta"
"da035dc68b1274f869f671178c757d11","d__Eukaryota","Ciliophora","Intramacronucleata","Conthreep","Oligohymenophorea",NA,NA
"8223966b599ee52b379bf60842b3cae5","d__Eukaryota","Platyhelminthes",NA,NA,NA,NA,NA
"f99910f3a9d67d372a2108fb17e275af","d__Eukaryota","Ascomycota",NA,NA,NA,NA,NA
"bf563d7e0fb9d1d3d4e0b5e82e11ab56","d__Eukaryota","Arthropoda","Insecta","Diptera","Diptera","Diptera","Chironomus_tentans"
"0df6046e00b481dce9d668c703b9577a","d__Eukaryota","Chytridiomycota","Chytridiomycetes",NA,NA,NA,NA
"9c20f39c3f56d01aa8269407e294922f","d__Eukaryota","Ascomycota","Leotiomycetes","Helotiales","Sclerotiniaceae",NA,NA
"26d36815ee3bfc7eae91a61b52da0ec6","d__Eukaryota","Ciliophora","Intramacronucleata","Spirotrichea","Oligotrichia",NA,NA
"c0998874fc6d3abf9eff7c5ed68ebab4","d__Eukaryota",NA,NA,NA,NA,NA,NA
"c794463f0041a776b772d575d9114c11","d__Eukaryota","Vertebrata","Mammalia","Mammalia","Mammalia","Mammalia",NA
"2ce7cc2e133826c49949bc6219090e67","d__Eukaryota","Cercozoa","uncultured","uncultured","uncultured","uncultured","uncultured_Cercozoa"
"b22df57b2765269887d669f933b41a6d","d__Eukaryota","Chytridiomycota","Chytridiomycetes","Chytridiales",NA,NA,NA
"0d97cce0e5447126b4b8126c15d88527","d__Eukaryota",NA,NA,NA,NA,NA,NA
"13158a55e9c7b986b2829161588bf251","d__Eukaryota",NA,NA,NA,NA,NA,NA
"62acdda3281a06d7f8b6fde98e613fae","d__Eukaryota","Ascomycota","Saccharomycetes","Saccharomycetales",NA,NA,NA
"9b5d864b05a33be9d19e9bb7e3c7d369","d__Eukaryota","Cercozoa","Thecofilosea","Ebriacea","Ebriacea","Ebria","Cercozoa_sp."
"80ca31b1045fb53dd076a9ecedfeed16","d__Eukaryota",NA,NA,NA,NA,NA,NA
"69a3566173ab304126cbbd111cc24c94","d__Eukaryota",NA,NA,NA,NA,NA,NA
"96f6ebf3adc69728a9219b2786484862","d__Eukaryota","Basidiomycota","Microbotryomycetes","Sporidiobolales","Sporidiobolaceae","Rhodotorula",NA
"4a67bd4f5fc8812db85912d58ba57a95","d__Eukaryota",NA,NA,NA,NA,NA,NA
"7c64107a009fe91d0d9d7612ab599602","d__Eukaryota",NA,NA,NA,NA,NA,NA
"4225f522b2e7499bc61426f69a1dc2e5","d__Eukaryota","Ciliophora","Intramacronucleata","Conthreep","Oligohymenophorea","Tetrahymena",NA
"aeaa598fe480508915ebefdbf1967f00","d__Eukaryota","Cercozoa","Vampyrellidae","Vampyrellidae","Vampyrellidae","Vampyrellidae","Cercozoa_sp."
"7789b54541baafd9eb50255652dd2ce5","d__Eukaryota","Arthropoda","Insecta","Ephemeroptera","Ephemeroptera","Ephemeroptera",NA
"cccc91abfff3830f929e14f0000cd0d6","d__Eukaryota","Platyhelminthes",NA,NA,NA,NA,NA
"d4dfca357ef79bab176e68b1f17741b6","d__Eukaryota","Diatomea","Bacillariophyceae","Bacillariophyceae","Bacillariophyceae","Navicula","Navicula_phyllepta"
"9a130a440807594258130039360dae35","d__Eukaryota","Ciliophora","Intramacronucleata","Conthreep","Oligohymenophorea","Peritrichia","Ophrydium_versatile"
"73c614b5bd39783664d32b83c93f2505","d__Eukaryota",NA,NA,NA,NA,NA,NA
"40a94727d9ed73bc64e70e4472c36064","d__Eukaryota","Ciliophora","Intramacronucleata","Conthreep","Oligohymenophorea",NA,NA
"b99a5574343df5e42ca16b8ff0f28c0b","d__Eukaryota","Chlorophyta","Ulvophyceae","Ulvophyceae","Ulvophyceae","Ulvophyceae",NA
"9b6bc103b64d03aacc4fbde00c56b5b8","Unassigned",NA,NA,NA,NA,NA,NA
"0eafcfe06d68e77dc31337378b1ae803","d__Bacteria","Proteobacteria","Gammaproteobacteria","Burkholderiales","Comamonadaceae",NA,NA
"6090337b9713eeb326951068ddf1562b","d__Eukaryota","Rotifera","Monogononta","Ploimida","Ploimida","Ploimida",NA
"2386a32b237a05907166b867900db84e","d__Eukaryota","LKM15","LKM15","LKM15","LKM15","LKM15","uncultured_Eimeriidae"
"10f4b353391ca6fe9fa3ad1cfff7a291","d__Eukaryota","Basidiomycota","Malasseziomycetes","Malasseziales","Malasseziaceae","Malassezia",NA
"6e94b955bb6ed343d8383adbc63dd414","d__Eukaryota","Diatomea","Coscinodiscophytina","Fragilariales","Fragilariales","Fragilaria",NA
"28184a6beaa5450189f8f7b70eb2214f","d__Eukaryota","Chytridiomycota","Chytridiomycetes","Cladochytriales","Nowakowskiellaceae","Nowakowskiella","Nowakowskiella_elegans"
"ce067605c058a768ffec55befdaf2083","d__Eukaryota","Diatomea","Coscinodiscophytina","Coscinodiscophytina","Melosirids","Aulacoseira",NA
"53b0bb0ada33841cd061dea4e13cc852","d__Eukaryota","Ciliophora","Intramacronucleata","Spirotrichea","Hypotrichia","Hypotrichia","Tachysoma_pellionellum"
"d2456c61e1a7bf680b7684cf125998e2","d__Eukaryota","Rotifera","Monogononta","Ploimida","Ploimida","Ploimida",NA
"e41550e0bf17081e6bbe7a780e1285a6","d__Eukaryota",NA,NA,NA,NA,NA,NA
"4a8e4415695e62c56671ca0084332646","d__Eukaryota",NA,NA,NA,NA,NA,NA
"c7c2fd18131fd6dbb31d909cf220c2be","d__Eukaryota","Gastrotricha","Gastrotricha","Chaetonotida","Chaetonotida","Chaetonotida","Halichaetonotus_schromi"
"906292d098b7d9e6a63f6cba364e3e83","d__Eukaryota",NA,NA,NA,NA,NA,NA
"621f50186349af26cea68a48bd7d000a","d__Eukaryota",NA,NA,NA,NA,NA,NA
"188b30552e9c5268925f3eb358056090","d__Bacteria","Verrucomicrobiota",NA,NA,NA,NA,NA
"55e8ea2b119a42f6c259517b4c47dea2","d__Eukaryota","Cercozoa","Incertae_Sedis","Incertae_Sedis","Incertae_Sedis","Gymnophrys","Gymnophrys_cometa"
"74e2e8f4fb3e532116c2c6c38332829e","d__Eukaryota","Apicomplexa","Conoidasida","Gregarinasina","Eugregarinorida","Ascogregarina",NA
"01fef06914caa85cfa1676d640c704dc","d__Bacteria","Verrucomicrobiota","Verrucomicrobiae","Pedosphaerales","Pedosphaeraceae","DEV114","uncultured_Crater"
"bacd0b166f16485a5c0a1174b87aaa29","d__Eukaryota",NA,NA,NA,NA,NA,NA
"d1a3529f448f36a60ee54c87227e1ac4","d__Eukaryota","Dinoflagellata","Dinophyceae","Peridiniphycidae","Thoracosphaeraceae",NA,NA
"88bd75b39d216a0b45590c98e89984d4","Unassigned",NA,NA,NA,NA,NA,NA
"7a22de9bc72bce685c64b4a4565e3fe9","d__Eukaryota","Phragmoplastophyta","Embryophyta","Magnoliophyta","Magnoliophyta","Magnoliophyta",NA
"6ead9747707f082b92cb71b75e4fd736","d__Bacteria",NA,NA,NA,NA,NA,NA
"fcea007fcb69aed9550ea8fa54769cef","d__Eukaryota",NA,NA,NA,NA,NA,NA
"e6b1bca0c074bd4f6d689f84f7bc7d28","d__Eukaryota","Diatomea","Bacillariophyceae","Bacillariophyceae","Bacillariophyceae",NA,NA
"52c5fc5baddd897dde08934f8dd48ce5","d__Eukaryota",NA,NA,NA,NA,NA,NA
"54ba859fed17a7ebc541c371d8399b42","d__Eukaryota",NA,NA,NA,NA,NA,NA
"a411c23e9166f36578f6d06aa939b0f2","d__Eukaryota",NA,NA,NA,NA,NA,NA
"ad313e6e4062adb447a23bb74940c0c2","d__Eukaryota","Ciliophora","Intramacronucleata","Conthreep","Oligohymenophorea","Tetrahymena",NA
"62616b87049d2f157e0d037b1868cf78","d__Eukaryota","Ciliophora","Intramacronucleata","Conthreep",NA,NA,NA
"58e5bcbbe4057aca443056b735432c3e","d__Eukaryota",NA,NA,NA,NA,NA,NA
"27fd6b90b15509aa0942f9b4feb12346","d__Eukaryota","Amoebozoa","Discosea","Dactylopodida","Dactylopodida","Korotnevella","uncultured_eukaryote"
"e098c88c1bb73f007ecb9482f4c4a931","d__Eukaryota","Arthropoda","Insecta","Ephemeroptera","Ephemeroptera","Ephemeroptera",NA
"95f5c9326b0bfbeacbe35afffd4414a5","d__Eukaryota","Incertae_Sedis","Incertae_Sedis","Incertae_Sedis","Incertae_Sedis","Telonema","uncultured_marine"
"e19d18be2e78219bbc97943b09824420","d__Eukaryota","Euglenozoa","Kinetoplastea","Neobodonida","Neobodonida","Neobodonida","Rhynchobodo_sp."
"f784f52f2cab9807edfc41d7b4675eaa","d__Bacteria","Verrucomicrobiota","Verrucomicrobiae","Verrucomicrobiales","Verrucomicrobiaceae",NA,NA
"f9342a2c352d48629c565bb6a756b185","d__Eukaryota","Cercozoa","Cercomonadidae","Cercomonadidae","Cercomonadidae","Paracercomonas",NA
"9e9534af7908fc1d61c5b23dc1c5f55e","d__Eukaryota","Rotifera","Monogononta","Ploimida","Ploimida","Ploimida",NA
"79f4a2bdd7e2e13a94fcba8e9dc32f18","d__Eukaryota",NA,NA,NA,NA,NA,NA
"a2260ea4fbcf7cbb2cd5132aa9bc421f","d__Eukaryota",NA,NA,NA,NA,NA,NA
"193cff259b4edd253b25c1400838e4ed","d__Eukaryota","Ciliophora","Postciliodesmatophora","Heterotrichea","Heterotrichea","Stentor","Stentor_roeselii"
"2a897c52f915c0e27dd4c983adf1b863","d__Eukaryota","Chytridiomycota","Chytridiomycetes","Rhizophydiales","Rhizophydiales","Rhizophydiales","uncultured_Chytridiomycota"
"1bbd0d45f57954acbeaf5c3726256350","d__Bacteria",NA,NA,NA,NA,NA,NA
"173dba3fb56114aaf7b93916e8ca1788","d__Eukaryota",NA,NA,NA,NA,NA,NA
"875a09454f04bd10a44f2a8967cd2982","d__Eukaryota","Tardigrada","Eutardigrada","Parachela","Parachela","Parachela","Hypsibius_dujardini"
"6f61a7f5d556ec9be98a73851dd14c78","d__Eukaryota","Ochrophyta","Chrysophyceae","Chromulinales","Chromulinales","Chrysochaete","Chrysochaete_britannica"
"be07f8e4ee20b6be42763354511e752f","Unassigned",NA,NA,NA,NA,NA,NA
"fabadda19c7df73098f3a38331266252","d__Eukaryota","Arthropoda","Insecta","Diptera","Diptera","Diptera",NA
"438e255fecd60fe7349b1d40d927509f","d__Eukaryota","Apicomplexa","Conoidasida","Gregarinasina","Eugregarinorida","Eugregarinorida","Apicomplexa_sp."
"9aa6f37dfc44b251dc7d40dc45c82f6a","d__Eukaryota","Ascomycota","Dothideomycetes","Capnodiales",NA,NA,NA
"cf8c1d7dcaeef4cef616518253725fae","d__Bacteria","Planctomycetota","Planctomycetes","Planctomycetales","Rubinisphaeraceae",NA,NA
"46f1db0f78a5fe65e596221bddaf71bc","d__Eukaryota","Platyhelminthes",NA,NA,NA,NA,NA
"a9734ec97efad046da5b652c1c45a7d6","d__Eukaryota","SAR","Labyrinthulomycetes","Labyrinthulomycetes","Labyrinthulomycetes","Sorodiplophrys","Sorodiplophrys_stercorea"
"73b351b8237db17d42a130d6f2cf795b","d__Eukaryota","Annelida","Clitellata","Haplotaxida","Haplotaxida","Haplotaxida","Stylaria_sp."
"6287ffbf7770d64925b59ec45e2e65f8","d__Eukaryota","Cercozoa","Cercomonadidae","Cercomonadidae","Cercomonadidae","Cercomonas","Paracercomonas_sp."
"1a17330a2b508d3591fa7e41041863f0","d__Eukaryota","Euglenozoa","Euglenida","Heteronematina","Heteronematina","Petalomonas","uncultured_eukaryote"
"cca6ae26d27f569b67d3fa1087a7fd03","d__Eukaryota",NA,NA,NA,NA,NA,NA
"3a760a7b625d662dc4834cd6ca08a43b","d__Eukaryota",NA,NA,NA,NA,NA,NA
"e475b2ae2b9642b77c27f2a08b496f32","d__Bacteria","Proteobacteria","Gammaproteobacteria",NA,NA,NA,NA
"2fbcc8cd9dc56a31ee00e2140b9bbc1d","d__Eukaryota",NA,NA,NA,NA,NA,NA
"c5b70e087b0ba1c909983838a2b0ba00","d__Eukaryota",NA,NA,NA,NA,NA,NA
"d709eb491b167163da90c2acf1b150f5","d__Eukaryota","Ochrophyta","Chrysophyceae","Chrysophyceae","Chrysophyceae","Chrysophyceae",NA
"095677a35ff463e896c8148167ce7e50","Unassigned",NA,NA,NA,NA,NA,NA
"1edcb4c0a769384ea971ef4c607be9ec","d__Bacteria","Nitrospirota","Nitrospiria","Nitrospirales","Nitrospiraceae","Nitrospira","Nitrospira_japonica"
"8033a4aed918489810b2b23deaf649b3","d__Bacteria","Proteobacteria","Alphaproteobacteria",NA,NA,NA,NA
"80845a05ed10d9b4fa4a5e8859591fea","d__Eukaryota","Ciliophora","Intramacronucleata","Spirotrichea","Hypotrichia",NA,NA
"6e622f28614b508b9a93ab7106b9e164","d__Eukaryota","Rotifera","Bdelloidea","Adinetida","Adinetida","Adinetida",NA
"b15029b12012d8f70db4d26b4523aa2e","d__Eukaryota","Ciliophora","Postciliodesmatophora","Heterotrichea","Heterotrichea","Stentor","Stentor_roeselii"
"e0e548979ff513c6e8d439eb09d76983","d__Eukaryota","Ascomycota","Dothideomycetes","Capnodiales",NA,NA,NA
"0ca13d43c3cc58a5ef7f79c6a741ede1","d__Eukaryota",NA,NA,NA,NA,NA,NA
"e34530b10f4b6e9fec02f8a7596a6c30","d__Eukaryota",NA,NA,NA,NA,NA,NA
"a89f4bbfa6adeb7ff5f8d3b5b07791b5","d__Eukaryota","Diatomea","Bacillariophyceae","Bacillariophyceae","Bacillariophyceae","Navicula","Navicula_phyllepta"
"1215b8e552248511f6b1b430f909639b","d__Eukaryota","Centrohelida","Centrohelida","Centrohelida",NA,NA,NA
"e8513b987ba0e94a4cd6e9552090eb2e","d__Eukaryota","Euglenozoa","Kinetoplastea","Prokinetoplastina","Prokinetoplastina","Ichthyobodo","Ichthyobodo_necator"
"421875ba500e118250698a56c93c1f03","d__Bacteria",NA,NA,NA,NA,NA,NA
"c6ccabf21d61933800c25de86a7e93e3","d__Eukaryota","Cercozoa","Cercomonadidae","Cercomonadidae","Cercomonadidae",NA,NA
"5a13f792bd6335bddcba7a40ed00a037","Unassigned",NA,NA,NA,NA,NA,NA
"ec69300095dafe12b5c14c9e8658b80d","d__Bacteria","Proteobacteria","Gammaproteobacteria","Burkholderiales",NA,NA,NA
"b3ff42f6c202d773753188118261a40b","d__Eukaryota","Ciliophora","Intramacronucleata","Spirotrichea","Hypotrichia",NA,NA
"b0019ab7eade94049e6e2ae7fe9031e2","d__Bacteria",NA,NA,NA,NA,NA,NA
"df04dcbd6dca86ab741571bb5c9cccca","d__Eukaryota","Phragmoplastophyta","Embryophyta","Magnoliophyta","Magnoliophyta","Magnoliophyta",NA
"9fa03e2f5df83a303eca83f315572e88","d__Eukaryota","Chlorophyta","Ulvophyceae","Ulvophyceae","Ulvophyceae","Ulvophyceae","Hazenia_basiliensis"
"f897a0b709b847011fab4b344a8d8b35","d__Eukaryota",NA,NA,NA,NA,NA,NA
"14894e9222cbccda4ac9d8cddd22355b","d__Eukaryota","Ascomycota","Dothideomycetes","Pleosporales",NA,NA,NA
"3790fe9f52b38b9a4010fede49ee1ae5","d__Eukaryota",NA,NA,NA,NA,NA,NA
"1daa930feadc87988b3487c6de253f8d","d__Eukaryota","Diatomea","Bacillariophyceae","Bacillariophyceae","Bacillariophyceae",NA,NA
"6e11e98e7b56b838a68e74a973f8da6c","d__Eukaryota","Apicomplexa","Conoidasida","Gregarinasina",NA,NA,NA
"f7825e0e36be4c01ba12f8145002e2b0","d__Bacteria","Proteobacteria","Alphaproteobacteria","Rhodobacterales","Rhodobacteraceae",NA,NA
"2d513fe76d0a1ef4c31361b0dd591186","d__Eukaryota","SAR","Labyrinthulomycetes","Labyrinthulomycetes","Labyrinthulomycetes","Sorodiplophrys","Sorodiplophrys_stercorea"
"d74780dd8a6dfcbbe4ffac0ab7e8a2a9","d__Eukaryota","Ciliophora","Intramacronucleata","Spirotrichea","Choreotrichia","Tintinnidium",NA
"8ba25be278150a63251be61ab79c41e8","d__Bacteria",NA,NA,NA,NA,NA,NA
"e633e2d89b51ef958b6878a9617f98ed","d__Eukaryota","Zoopagomycota","Incertae_Sedis","Harpellales",NA,NA,NA
"a2ae53ed9b0bed53a968bf4ced338a50","d__Eukaryota",NA,NA,NA,NA,NA,NA
"bc483dd90702f52e47c95b55c295537e","d__Eukaryota","Chytridiomycota","Chytridiomycetes","Chytridiales","Incertae_Sedis","Incertae_Sedis","uncultured_Chytridiomycota"
"24920fe2989ce0f581cd18a81f7e16e8","d__Eukaryota","Cercozoa","uncultured","uncultured","uncultured","uncultured","uncultured_Cercozoa"
"fd378284eba7fca424790c76f26ad628","d__Eukaryota","Arthropoda","Insecta","Diptera","Diptera","Diptera",NA
"1a86bb6ce97de7b4409a6566c050ea4d","d__Eukaryota","Ochrophyta","Chrysophyceae","Ochromonadales","Ochromonadales","Paraphysomonas","eukaryotic_picoplankton"
"3cb4f28e97fefc0b915da9e880c91232","d__Eukaryota","Arthropoda","Insecta","Diptera","Diptera","Diptera",NA
"0e9157abf6befc7717380960f9f5f98b","d__Eukaryota","Platyhelminthes","Catenulida","Catenulida","Stenostomidae","Stenostomidae","Stenostomum_sp."
"980a25f5093954c131910c66be33f7c2","d__Eukaryota",NA,NA,NA,NA,NA,NA
"f5c57b09a759800729e3ff1f86adc747","d__Eukaryota","Ciliophora","Intramacronucleata","Conthreep","Oligohymenophorea","Dexiotricha","Dexiotricha_elliptica"
"3f6ea157454dd1b1f2c786a4b388921e","Unassigned",NA,NA,NA,NA,NA,NA
"4f03830a9214a9f3b52cec50ceff1e11","d__Eukaryota","Ciliophora","Intramacronucleata","Spirotrichea","Hypotrichia","Hypotrichia",NA
"0c9fa49f6ed1322166d160ac83902bc5","d__Eukaryota",NA,NA,NA,NA,NA,NA
"5cb2e6938a8be5800fcce5b4cc026f6e","Unassigned",NA,NA,NA,NA,NA,NA
"6e108259279fff6bf0cdf526f598e55e","d__Eukaryota","LKM15","LKM15","LKM15","LKM15","LKM15","metagenome"
"7e5311d945fdd44d9b0ffaecf7572e9d","d__Eukaryota","Euglenozoa","Kinetoplastea","Trypanosomatida","Trypanosomatida",NA,NA
"f950d60967a6c52db137608f611a2d61","d__Eukaryota",NA,NA,NA,NA,NA,NA
"04d355ee7b21c86d10e9f9da4c3275fe","d__Eukaryota","Ochrophyta","Chrysophyceae","P34.45","P34.45","P34.45","eukaryotic_picoplankton"
"c501fb0ee323aa0dc75c8c8a11f5229b","d__Eukaryota","Cercozoa","Thecofilosea","Cryomonadida",NA,NA,NA
"bcb5e3c3b58296323e31192d147f17a2","d__Eukaryota",NA,NA,NA,NA,NA,NA
"2243722c6055668096c50c361b3dfe26","d__Eukaryota",NA,NA,NA,NA,NA,NA
"48f058b44bf64ee7b57bae93b41de860","d__Bacteria","Planctomycetota","Planctomycetes","Pirellulales","Pirellulaceae","Pirellula","Pirellula_sp."
"3513790d83c15f8a2c660138cefa1af1","d__Eukaryota",NA,NA,NA,NA,NA,NA
"e919b53992e1a4688720a56e0459d043","d__Eukaryota",NA,NA,NA,NA,NA,NA
"35a190cb9be5d85d52a3a77822e7f690","d__Eukaryota","Ciliophora","Intramacronucleata","Conthreep","Oligohymenophorea","Peritrichia","uncultured_eukaryote"
"4f6ae2969fac3c0dc3efc1c29af54425","d__Eukaryota","Apicomplexa","Conoidasida","Gregarinasina","Eugregarinorida","Ascogregarina",NA
"45f87e076ccce4d320f1a9ddec2a95ed","d__Eukaryota","Ciliophora","Intramacronucleata","Spirotrichea","Euplotia","Euplotes",NA
"73a51989fcf3f4cdd991b8ac975e7db6","d__Eukaryota","Rotifera","Monogononta","Ploimida","Ploimida","Ploimida",NA
"ea595d1dd313e0da90ba51ee9d0d7f40","d__Eukaryota","Ochrophyta","Eustigmatophyceae","Eustigmatales","Eustigmatales","Nannochloropsis",NA
"37ce0749d66f8246f79a742dd19337b7","d__Eukaryota",NA,NA,NA,NA,NA,NA
"a041f95e67f8fe2c2f4820c763c50ca2","d__Eukaryota","Apicomplexa","Conoidasida","Gregarinasina","Eugregarinorida","Gregarina","Enterocystis_dorypterygis"
"a5c8a730116fb97a29ad1e0d53fbc973","d__Bacteria","Verrucomicrobiota","Verrucomicrobiae","Pedosphaerales","Pedosphaeraceae",NA,NA
"908fb9f3125736bc2fce4381ba11477a","d__Eukaryota","Cercozoa","Thecofilosea","Cryomonadida",NA,NA,NA
"9bfb798ff31a9631c46ed52ff83928a7","d__Eukaryota","Basidiomycota","Agaricomycetes","Agaricales",NA,NA,NA
"93d9b5e593f7292539490d1b730efbb7","d__Eukaryota","Chlorophyta","Ulvophyceae","Ulvophyceae","Ulvophyceae","Ulvophyceae",NA
"f5836ffd9915acc1947bcba174392b66","d__Eukaryota","Ciliophora","Intramacronucleata","Spirotrichea","Hypotrichia",NA,NA
"2e067abdb8ff34038c9577ec6ab6a1d0","d__Bacteria","Verrucomicrobiota","Verrucomicrobiae",NA,NA,NA,NA
"e3d48ed0dc8521ac3c94a1d62bd6093b","d__Eukaryota","Ascomycota","Dothideomycetes","Pleosporales",NA,NA,NA
"1e0c69e11edd86fe88b4f50c65e792f2","d__Eukaryota",NA,NA,NA,NA,NA,NA
"0f56dfeaedac3c5c2ce4224af91dc526","d__Eukaryota","Ciliophora","Intramacronucleata","Conthreep","Oligohymenophorea","Peritrichia","Ophrydium_versatile"
"6a62773be78e754cdd50ce5102c8a3d6","d__Eukaryota","Basidiomycota","Agaricomycetes","Agaricales",NA,NA,NA
"124dfa7042b24c8e3bd9829a37f6ae73","d__Eukaryota","Gastrotricha","Gastrotricha","Chaetonotida","Chaetonotida","Chaetonotida","uncultured_eukaryote"
"55b7ebad4ec79bff681fc4b410db401f","d__Eukaryota","Ciliophora","Intramacronucleata","Conthreep","Oligohymenophorea","Peritrichia","Ophrydium_versatile"
"69b5d3dd96d0ab5aa6fed1b5ae3969cb","Unassigned",NA,NA,NA,NA,NA,NA
"7a2526de457b213e208d36d91deccaf3","d__Eukaryota","Ciliophora","Intramacronucleata","Conthreep","Oligohymenophorea","Scuticociliatia","uncultured_ciliate"
"733e13a7a1f5d71db8ff471f4724b616","d__Eukaryota","Amoebozoa","Tubulinea","Tubulinea","Tubulinea","Tubulinea","Tubulinea_group"
"4a983c323f1a9282f82b7127621224fc","d__Eukaryota","Diatomea","Bacillariophyceae","Bacillariophyceae","Bacillariophyceae","Navicula","Navicula_phyllepta"
"f56d64229d3f3c53ed91aed26610002a","d__Eukaryota","Ochrophyta","Chrysophyceae","Chromulinales","Chromulinales","Chrysochaete","Chrysochaete_britannica"
"7e5bb36cbb70985c0c5b1cecdc4ac9f5","d__Eukaryota",NA,NA,NA,NA,NA,NA
"7116a59e49cb6e06b527a5b1e9ffeb77","d__Eukaryota",NA,NA,NA,NA,NA,NA
"3d743dd2a332b56fc5daa799d5c16189","d__Eukaryota",NA,NA,NA,NA,NA,NA
"b3001c90fb5c0d495e6069c5dcc17e29","d__Eukaryota","Ciliophora","Intramacronucleata","Conthreep","Oligohymenophorea","Peritrichia","Carchesium_polypinum"
"cb8e7c6bafd2ace5207d1a16f8c992dd","d__Eukaryota","Chytridiomycota","Chytridiomycetes",NA,NA,NA,NA
"9a023ea51a4183b563d4cd06bdcc207a","d__Eukaryota","Centrohelida","Centrohelida","Centrohelida",NA,NA,NA
"6b462ff38d84ffa991ff35648457871b","d__Eukaryota","Chytridiomycota","Chytridiomycetes","Rhizophydiales",NA,NA,NA
"16452142927d10a43718f16326041ec6","d__Eukaryota","Peronosporomycetes","Peronosporomycetes","Peronosporomycetes","Peronosporomycetes","Pythium","Pythium_monospermum"
"423776d89919372ab634c06521c6c532","Unassigned",NA,NA,NA,NA,NA,NA
"3dfadefd6d0a99de21a1f5c9c3912ffb","d__Eukaryota","Euglenozoa","Kinetoplastea",NA,NA,NA,NA
"b40aae8e8931365a388d7155f8c3a533","d__Eukaryota","Ciliophora",NA,NA,NA,NA,NA
"d97e3e986c81d7038535bc178d2386ce","d__Eukaryota","Ciliophora","Intramacronucleata","Spirotrichea","Hypotrichia","Hypotrichia",NA
"7487271b182c5770e8978e68359b5bf5","d__Bacteria","Proteobacteria","Gammaproteobacteria","Burkholderiales","Rhodocyclaceae",NA,NA
"16aded81890684344cdeba6a6892df99","d__Eukaryota","Chlorophyta","Chlorophyceae","Chlorophyceae","Chlorophyceae","Chlorophyceae",NA
"54ccc4e47201d6def167ad24ab8b9393","d__Eukaryota","Cercozoa","Thecofilosea","Incertae_Sedis","Incertae_Sedis","Pseudodifflugia","Pseudodifflugia_cf."
"583439647134d3fa81b2a857228cedd1","d__Eukaryota","SAR","Labyrinthulomycetes","Labyrinthulomycetes","Labyrinthulomycetes","Sorodiplophrys","Sorodiplophrys_stercorea"
"0c5d812f925f25c5d1935ce80348fe95","d__Eukaryota","Euglenozoa","Kinetoplastea","Trypanosomatida","Trypanosomatida",NA,NA
"085e63097ee49c95735b9a8b6f8eaa1c","d__Eukaryota","Ciliophora","Intramacronucleata","Litostomatea",NA,NA,NA
"56a9fdbfa7b4f95443e197d86fe365fe","d__Eukaryota","Ochrophyta","Chrysophyceae","Chromulinales","Chromulinales","Chrysochaete","Chrysochaete_britannica"
"89ad219bf69dc472ab82907e1bbb030c","d__Eukaryota",NA,NA,NA,NA,NA,NA
"36b77e67da23de982dc676d3fb8a002c","d__Eukaryota",NA,NA,NA,NA,NA,NA
"aee8eab947d15edcc69a66eb38b55848","d__Bacteria","Proteobacteria","Gammaproteobacteria",NA,NA,NA,NA
"7d36b59938050dd38ebf15af44e184e6","d__Eukaryota","Ciliophora","Intramacronucleata","Conthreep","Oligohymenophorea","Peritrichia","Ophrydium_versatile"
"c20446b8814b189f44bd6404fd17f46f","d__Bacteria","Desulfobacterota","uncultured","uncultured","uncultured","uncultured","uncultured_delta"
"dd2364f69776631f2c15d048f4b80f7e","d__Eukaryota",NA,NA,NA,NA,NA,NA
"5eb1b3cde29953f043747c1b5c45e45c","d__Bacteria","Verrucomicrobiota","Verrucomicrobiae","Verrucomicrobiales","Verrucomicrobiaceae",NA,NA
"e39a040350eeabdb99bf03bc80774fc8","d__Bacteria","Proteobacteria","Alphaproteobacteria","Acetobacterales","Acetobacteraceae",NA,NA
"a79d453125312fe33242aa784417297b","d__Eukaryota","Euglenozoa","Kinetoplastea",NA,NA,NA,NA
"3dd907091bb8ce301e6846ce6976b9bd","d__Eukaryota","Ciliophora","Intramacronucleata","Conthreep","Oligohymenophorea",NA,NA
"cc4801084eb37718232a34ede38b0fff","d__Eukaryota","SAR","Labyrinthulomycetes","Labyrinthulomycetes","Labyrinthulomycetes","Sorodiplophrys","Sorodiplophrys_stercorea"
"439fe5a00ffb85fc36897cfa92872058","d__Eukaryota","Ciliophora","Intramacronucleata","Litostomatea","Haptoria",NA,NA
"a8016782598fb1b10898ba89eabbee76","d__Eukaryota","Annelida",NA,NA,NA,NA,NA
"2e65ee34c83e048b55cd6bd737f31726","d__Eukaryota","Euglenozoa","Kinetoplastea",NA,NA,NA,NA
"e3b8b2341b344f14d07fa1763898e666","d__Eukaryota","Basidiomycota","Tremellomycetes","Tremellales",NA,NA,NA
"5005b462256fc1b495e97101fba1c3d3","d__Eukaryota",NA,NA,NA,NA,NA,NA
"c270702ace63903f420ef5a6169e5132","d__Eukaryota","Dinoflagellata","Dinophyceae",NA,NA,NA,NA
"0383b7bf6489be64311fdd90094ad946","d__Eukaryota","Peronosporomycetes","Peronosporomycetes","Peronosporomycetes","Peronosporomycetes",NA,NA
"19c9f6e9f8f04231d8759d0c0f48f57a","d__Eukaryota","Holozoa","Ichthyosporea","Pseudoperkinsidae","Pseudoperkinsidae","Anurofeca","Anurofeca_sp."
"510308aebafff07d2b7b08b5fdbfa2f9","d__Eukaryota","Diatomea",NA,NA,NA,NA,NA
"05efd8cb353ea1930f122c56fe07b7f0","d__Eukaryota","Gastrotricha","Gastrotricha","Chaetonotida","Chaetonotida","Chaetonotida","uncultured_eukaryote"
"7f3e4b4067cbe593f2c09ea49f7dd0f5","d__Eukaryota","Ascomycota","Dothideomycetes","Capnodiales",NA,NA,NA
"0a68ef166d0e741316793ed0f9d7ea8c","d__Eukaryota",NA,NA,NA,NA,NA,NA
"429395561322e38adb02b2270817bf53","d__Eukaryota",NA,NA,NA,NA,NA,NA
"ed6b89d574178fe9b2abed37a1d16da4","d__Eukaryota","Ochrophyta","Chrysophyceae","Ochromonadales","Ochromonadales","Paraphysomonas","eukaryotic_picoplankton"
"84f40df011009c300e7e2e42de7053a6","d__Eukaryota",NA,NA,NA,NA,NA,NA
"9ee730af77b4af681922fb7ff7547f2a","d__Bacteria","Verrucomicrobiota","Verrucomicrobiae","Opitutales","Opitutaceae",NA,NA
"d13e0f9cee584c418d363316bb109513","d__Eukaryota","Diatomea","Bacillariophyceae","Bacillariophyceae","Bacillariophyceae","Navicula","Navicula_phyllepta"
"8a69d7eb9ccc6a235f2f16f18ba0413b","d__Eukaryota","Cercozoa","uncultured","uncultured","uncultured","uncultured","uncultured_Cercozoa"
"02967860d2c0a00c4852ff5e52375250","d__Eukaryota","Ciliophora","Intramacronucleata","Armophorea",NA,NA,NA
"673769cdbaf109e1f1c1c818a0552e7c","Unassigned",NA,NA,NA,NA,NA,NA
"2f972c218be938d358565788382a2e82","d__Eukaryota","Apicomplexa","Conoidasida","Gregarinasina","Neogregarinorida","Neogregarinorida",NA
"2e62b3c8694c794001e2b7d375254153","d__Eukaryota",NA,NA,NA,NA,NA,NA
"833e1ef2acf38a8fd49966b5f77a9ccb","d__Eukaryota","Chytridiomycota","Chytridiomycetes","Chytridiales",NA,NA,NA
"65787ea914cc5f867d9e916862b568ed","d__Eukaryota","Ascomycota","Leotiomycetes",NA,NA,NA,NA
"adb5d66389de5af2acd89fa86b6372fa","d__Bacteria",NA,NA,NA,NA,NA,NA
"19cfd896bbfe30375f1a548a8a35ec27","d__Eukaryota","Amoebozoa","Tubulinea","Euamoebida","Euamoebida","Euamoebida","Saccamoeba_sp."
"1cb3e62164482e3653685985a95191c3","d__Eukaryota",NA,NA,NA,NA,NA,NA
"6033f7f3d9daa0cf1a08c184e4eeb10d","d__Bacteria","Verrucomicrobiota","Verrucomicrobiae",NA,NA,NA,NA
"c74dd973ab3aa73e8c81c6589574283c","d__Eukaryota","Ciliophora","Intramacronucleata","Litostomatea","Haptoria",NA,NA
"fb68122418cdd5cc44b6e3717c9c7e6d","d__Eukaryota","Ciliophora","Intramacronucleata","Litostomatea","Haptoria","Litonotus","Litonotus_sp."
"c26f724f4402ee1ab4e6983a3e6b0469","d__Eukaryota","Ciliophora","Intramacronucleata","Conthreep","Oligohymenophorea","Zoothamnium",NA
"87775e66ca5761aa9a60a95f7ae48245","d__Bacteria","Proteobacteria","Gammaproteobacteria",NA,NA,NA,NA
"0a49aea9dc3431a224928cd4dccaa6c1","d__Bacteria","Planctomycetota","Planctomycetes","Planctomycetales","Rubinisphaeraceae","uncultured","uncultured_sludge"
"53ab3c6ec87cea13f703455a179521cd","d__Eukaryota","Euglenozoa","Kinetoplastea",NA,NA,NA,NA
"5d21a07384337d21d219fad7dd6986a0","d__Eukaryota",NA,NA,NA,NA,NA,NA
"5517f7b41de208c5cdb87e8a693116e3","d__Eukaryota","Ciliophora","Intramacronucleata","Spirotrichea","Choreotrichia",NA,NA
"93e9af185bef6d7c7701fc41fe7299c8","d__Eukaryota",NA,NA,NA,NA,NA,NA
"6fac9783337dd2978d09db87fc769efd","d__Eukaryota","Chytridiomycota","Chytridiomycetes","Chytridiales",NA,NA,NA
"0322f9f5669808c4a5ddcbde77a9c016","d__Eukaryota","Cercozoa","Thecofilosea","Cryomonadida","Rhizaspididae","Rhogostoma",NA
"5e3daa173d545fbdda7ad78ab0345339","d__Eukaryota","Chlorophyta","Chlorophyceae","Sphaeropleales","Sphaeropleales","Mychonastes","uncultured_Chlorophyta"
"0a0590df0b70e5674c8c31b92c3e07bb","d__Eukaryota","Chlorophyta","Chlorophyceae","Chlorophyceae","Chlorophyceae","Chlorophyceae",NA
"225788babcebc5d59801ca12cd6424f3","d__Eukaryota","Cryptophyceae","Cryptophyceae","Cryptomonadales","Cryptomonadales","Cryptomonas","metagenome"
"8641e6c2527f8879735063377759f58a","d__Eukaryota",NA,NA,NA,NA,NA,NA
"1abaacb007ce595a6794051f2e22d650","d__Eukaryota","Ascomycota","Eurotiomycetes","Chaetothyriales","Trichomeriaceae",NA,NA
"38b4c2348dcac0a35c8be1531a8ed600","d__Eukaryota",NA,NA,NA,NA,NA,NA
"62a959cb6db2a7a72fe3ff3c1ed86242","d__Bacteria","Desulfobacterota","uncultured","uncultured","uncultured","uncultured","uncultured_sludge"
"fa7c7d9e37b4b38254ec50527500159a","d__Eukaryota",NA,NA,NA,NA,NA,NA
"1ab7e5c1ad6940674bbed74df2c3dcda","d__Eukaryota","Platyhelminthes",NA,NA,NA,NA,NA
"a159672f6d26062aafc11909a228b031","d__Eukaryota","Ciliophora","Intramacronucleata","Spirotrichea","Hypotrichia","Hypotrichia","Pseudonotohymena_antarctica"
"afa8c248397b264a83c74a8ec8da8bcc","d__Eukaryota",NA,NA,NA,NA,NA,NA
"169af84e939fa6cabc621bdc082acabf","d__Eukaryota","Amoebozoa","Tubulinea","Tubulinea","Tubulinea","Tubulinea","Tubulinea_group"
"e9decdac35a6c52576ecbb3d88599cd5","d__Eukaryota",NA,NA,NA,NA,NA,NA
"3db90064e264e734c111edff61c4f64f","d__Bacteria","Proteobacteria","Alphaproteobacteria","Reyranellales","Reyranellaceae","Reyranella","Reyranella_sp."
"3eb185e0c0b969b0213b9a196083a7cc","d__Eukaryota","Chytridiomycota","Chytridiomycetes",NA,NA,NA,NA
"4b90c7ba1c01da7e260a5297ee3be22e","d__Eukaryota","Gastrotricha","Gastrotricha","Chaetonotida","Chaetonotida","Chaetonotida",NA
"8ba403bf375b4625f719ad224769449b","d__Bacteria",NA,NA,NA,NA,NA,NA
"6f408c0352daabf4f88e988c6675d4f6","d__Eukaryota",NA,NA,NA,NA,NA,NA
"eab194a6b65eaced409d57a6ba7a41b4","d__Eukaryota","Cercozoa","Thecofilosea","Thecofilosea","Thecofilosea","Thecofilosea","metagenome"
"d014dcc643f93924c8f9626363c920a9","d__Eukaryota",NA,NA,NA,NA,NA,NA
"d562a98e5aeebe84c242f98b127c30d4","d__Eukaryota","Ciliophora","Intramacronucleata","Spirotrichea","Hypotrichia",NA,NA
"f4e1db071b8394a3239ae99f28bedf93","d__Eukaryota","Arthropoda","Insecta","Diptera","Diptera","Diptera",NA
"8a1daa0659f62112da629c36178f8a6d","d__Eukaryota","Ciliophora","Intramacronucleata","Conthreep","Oligohymenophorea",NA,NA
"f2388211bdf70e862fe3eb442d284688","d__Eukaryota","Ciliophora","Intramacronucleata","Litostomatea","Haptoria","Didinium","Fuscheria_nodosa"
"ba6c193f1bcd0523771898b17322ddd9","d__Bacteria","Planctomycetota","Planctomycetes","Planctomycetales","Rubinisphaeraceae","uncultured","uncultured_sludge"
"064206534fe21cdac8cad7a0efcbc818","d__Eukaryota","Chlorophyta","Chlorophyceae","Chlorophyceae","Chlorophyceae","Chlorophyceae",NA
"34c4da0473b7c5ef9fb57dcda73cc9c2","d__Eukaryota",NA,NA,NA,NA,NA,NA
"ee96811eace830bbad3fe8136ea750a7","d__Eukaryota",NA,NA,NA,NA,NA,NA
"b58339f2a08782920a204b9a77588f80","d__Eukaryota","Ciliophora","Intramacronucleata","Conthreep","Oligohymenophorea",NA,NA
"7a866c277c451112fdc33f3813201258","d__Eukaryota","Ascomycota","Dothideomycetes","Pleosporales",NA,NA,NA
"874f094b5d02ac1d52e236669e4fbe3c","d__Eukaryota","Annelida","Clitellata","Haplotaxida","Haplotaxida","Haplotaxida","Rheomorpha_neiswestonovae"
"c030ebf50cd57e4c17d057137f3eaf72","d__Eukaryota",NA,NA,NA,NA,NA,NA
"bcb3c7243889e3c13dde88ad0f9bfb0b","d__Eukaryota","Gastrotricha","Gastrotricha","Chaetonotida","Chaetonotida","Chaetonotida","Halichaetonotus_schromi"
"4febaf61f1d2169da24decc37862cc71","d__Eukaryota","Cryptomycota","uncultured","uncultured","uncultured","uncultured","uncultured_Eimeriidae"
"07e6cd3148de8dc79a05d40209354f86","d__Eukaryota","Diatomea",NA,NA,NA,NA,NA
"33c5ef4714855479fa0c2e27c34afbb7","d__Eukaryota","Ochrophyta","Chrysophyceae","Chromulinales","Chromulinales","Chrysochaete","Chrysochaete_britannica"
"9d3788875f99dd125a7f138bf75d34b5","d__Eukaryota","Arthropoda","Insecta","Diptera","Diptera","Diptera","Chironomus_tentans"
"7a92ee43df1cd2f75f107016511a8877","d__Eukaryota","Phragmoplastophyta","Embryophyta","Magnoliophyta","Magnoliophyta","Magnoliophyta","Glycine_max"
"3ddba65c261432dd2b4725e2f18e07bf","d__Eukaryota",NA,NA,NA,NA,NA,NA
"ba2e2bb16726f9935bd209056c8db5b9","d__Eukaryota","Ciliophora","Postciliodesmatophora","Heterotrichea","Heterotrichea","Stentor","Stentor_roeselii"
"e6472e0a510c6cd41e416b63b4d4cfe4","d__Eukaryota","Cercozoa","Incertae_Sedis","Incertae_Sedis","Incertae_Sedis","Gymnophrys","uncultured_eukaryote"
"ee1d405c36a0cbb5ad26f9abda85ff87","d__Eukaryota","Ochrophyta","Chrysophyceae",NA,NA,NA,NA
"3c2792b9b4d49498d4770bb932698f15","d__Eukaryota",NA,NA,NA,NA,NA,NA
"e3c8be08ba4212b2812564984073d891","Unassigned",NA,NA,NA,NA,NA,NA
"a719a003122d45c1510aa57c9efa7f68","d__Eukaryota",NA,NA,NA,NA,NA,NA
"1f7cccf79c28ce135305c58968405aca","d__Eukaryota","Cercozoa","Thecofilosea",NA,NA,NA,NA
"e7d6d39c46f10c8954f9a248c93ce305","d__Eukaryota",NA,NA,NA,NA,NA,NA
"69713cfc9601c240a5ee4aa22b80f5bb","d__Eukaryota","Ochrophyta","Chrysophyceae","Ochromonadales","Ochromonadales","Paraphysomonas","eukaryotic_picoplankton"
"4a06c05ef4c279e680307af74516f10f","d__Eukaryota","Ciliophora","Intramacronucleata","Conthreep","Phyllopharyngea","Tokophrya",NA
"3d9f3485f792344fb4039e6681f20039","d__Bacteria",NA,NA,NA,NA,NA,NA
"877b6fa00c3a2733579cfe9da79a0546","d__Eukaryota","Ochrophyta","Chrysophyceae",NA,NA,NA,NA
"365af7d08d5fc3c31c8b408c43e31b24","d__Eukaryota",NA,NA,NA,NA,NA,NA
"f33b5ff551a134e34b8d8dc1ecf41ee4","d__Eukaryota","Cryptophyceae","Cryptophyceae","Cryptomonadales","Cryptomonadales",NA,NA
"5bb2d0b8a8e865a9df13a5a910d298e9","d__Eukaryota","Chytridiomycota","Chytridiomycetes",NA,NA,NA,NA
"1c1b301417fbb76b926a1f76fcb6dddc","d__Eukaryota","Basidiomycota","Exobasidiomycetes","Exobasidiales","Exobasidiaceae","Exobasidium","uncultured_Dikarya"
"ba631776f4dba2773b58efaa9341f512","d__Bacteria","Proteobacteria","Alphaproteobacteria",NA,NA,NA,NA
"8b1993c5cd40801484f008d619bdd4fd","d__Eukaryota",NA,NA,NA,NA,NA,NA
"17084a2458ff10d32fa62451ff7e0232","d__Eukaryota","Chytridiomycota","Chytridiomycetes","Chytridiales",NA,NA,NA
"3374a68dcd5fd9e7a78b9f239918b2c5","d__Eukaryota",NA,NA,NA,NA,NA,NA
"7b6c26f61804dfd654c3e20e4bc1627e","d__Bacteria","Proteobacteria","Gammaproteobacteria",NA,NA,NA,NA
"33801b23c0be314dc324f5bbddb32437","d__Eukaryota","Ciliophora","Intramacronucleata","Conthreep","Prostomatea",NA,NA
"3b1a158cfc6c6da99fd5e4977fc794f6","d__Eukaryota","Ciliophora","Intramacronucleata","Litostomatea",NA,NA,NA
"c2aaeb93eaa0ac0e08cf13fbad8a12b4","d__Eukaryota","Ochrophyta","Chrysophyceae",NA,NA,NA,NA
"1ea483ecffa5945aa0500ff4c97a765e","d__Bacteria","Proteobacteria","Gammaproteobacteria","Pseudomonadales","Moraxellaceae","Moraxella",NA
"8cac3724532e85bb5f35e9ff1b3f2df8","d__Eukaryota","Platyhelminthes","Rhabditophora","Tricladida","Continenticola","Continenticola","Dugesia_japonica"
"ea569a640cd89bd1c3d5ea46932c8f0e","d__Eukaryota","Ochrophyta","Chrysophyceae","Ochromonadales","Ochromonadales","Paraphysomonas","eukaryotic_picoplankton"
"fb643a0593cc10cc0e2d3233440c5d49","d__Bacteria","Proteobacteria","Alphaproteobacteria",NA,NA,NA,NA
"e0140064793b38560734aad49eb69bcd","d__Eukaryota","Basidiomycota",NA,NA,NA,NA,NA
"0d3ba6a53f4b86a95e960f4c4828d00d","d__Eukaryota",NA,NA,NA,NA,NA,NA
"7e17ae4607449e86e41642022843e0db","d__Eukaryota","Euglenozoa","Euglenida",NA,NA,NA,NA
"51323b138ff6c9c7c3b60755e0261096","d__Eukaryota","Nematozoa","Chromadorea","Monhysterida","Monhysterida","Monhysterida","Tridentulus_sp."
"5d891778ae4172e0efffc5bb060fbc9b","d__Eukaryota","Chytridiomycota","Chytridiomycetes","Chytridiales",NA,NA,NA
"8b883d00343ce5ed205b52d4cc0ba960","d__Eukaryota","Ciliophora","Intramacronucleata","Conthreep",NA,NA,NA
"738286ebe1625a44c20053e21db5b7fd","d__Eukaryota","Chytridiomycota","Chytridiomycetes",NA,NA,NA,NA
"ba65de3664ebfbc6a6e830e339e095a6","d__Eukaryota",NA,NA,NA,NA,NA,NA
"55fba3ce1b984bddb45e4295744e631d","d__Eukaryota","Cercozoa","Incertae_Sedis","Incertae_Sedis","Incertae_Sedis","Gymnophrys","uncultured_freshwater"
"5adfaa29e389a13000fb9d0fd8fa6f38","d__Eukaryota","Chlorophyta","Chlorophyceae","Chlorophyceae","Chlorophyceae","Chlorophyceae","Oedogonium_cylindrosporum"
"2d933a8093bab9452c46f57352ed510d","d__Eukaryota",NA,NA,NA,NA,NA,NA
"6530a52eede7ac0f3a3eb1a23e5c0782","d__Eukaryota",NA,NA,NA,NA,NA,NA
"ad207e91630295180b3e7acee5775cf6","d__Eukaryota",NA,NA,NA,NA,NA,NA
"c1985368e84a00eacd39dabc62bca679","d__Eukaryota","Cercozoa","Incertae_Sedis","Incertae_Sedis","Incertae_Sedis","Gymnophrys","uncultured_eukaryote"
"dea9f5a64d476fe3acfa2eeeef4cc074","d__Eukaryota",NA,NA,NA,NA,NA,NA
"dbd2de6c1439d892b65c6005f6a210b5","d__Eukaryota","Annelida","Clitellata","Haplotaxida","Haplotaxida","Haplotaxida","Stylaria_sp."
"d1481d6cca2e8b50b63b323aa8cc0eee","d__Eukaryota",NA,NA,NA,NA,NA,NA
"295eea36e711c4a486e4082e56fe8bb9","d__Eukaryota",NA,NA,NA,NA,NA,NA
"6476f2d2821d871b18c714d43df94055","d__Eukaryota","Ciliophora","Intramacronucleata","Litostomatea",NA,NA,NA
"f85f881b25ea94a8da6b936586987004","d__Eukaryota",NA,NA,NA,NA,NA,NA
"d1c89b0d76d28b79a9cc1595c4ada89f","d__Bacteria","Proteobacteria","Gammaproteobacteria","Burkholderiales",NA,NA,NA
"64647fa10ebd1c3a6a842c043c23ca2c","d__Eukaryota","Incertae_Sedis","Incertae_Sedis","Incertae_Sedis","Incertae_Sedis","Telonema","uncultured_marine"
"b2e58480e3d38de9aab2ce858b94699b","d__Eukaryota",NA,NA,NA,NA,NA,NA
"a8452682a8a9105f566824294f26fcd0","d__Eukaryota","Euglenozoa","Kinetoplastea","Prokinetoplastina","Prokinetoplastina","Ichthyobodo","Ichthyobodo_necator"
"dcaa26932e052d3c9766b05b173e80b2","d__Eukaryota","Euglenozoa","Kinetoplastea",NA,NA,NA,NA
"d2235a5ba9e0bb623e0da4e85449d6e9","d__Eukaryota",NA,NA,NA,NA,NA,NA
"37ed16524469ca7b7ea0d7209992cbfb","d__Eukaryota","Vertebrata","Mammalia","Mammalia","Mammalia","Mammalia",NA
"212b1c69047efc8bf2316328db5e119f","d__Eukaryota","SAR","Labyrinthulomycetes","Labyrinthulomycetes","Labyrinthulomycetes","Sorodiplophrys","Sorodiplophrys_stercorea"
"8876675b3f44eded2f0fe1dfdf3f8580","d__Eukaryota",NA,NA,NA,NA,NA,NA
"bc406abd77a065d6a06ad42764a9c53b","d__Eukaryota",NA,NA,NA,NA,NA,NA
"5aa8d1303f2f504f05f6a59f095ab7d3","d__Eukaryota","Ciliophora","Intramacronucleata","Spirotrichea","Hypotrichia","Hypotrichia",NA
"02efa6d24fc1638fd6e2e7d50e240da8","d__Eukaryota","Ciliophora","Intramacronucleata","Litostomatea","Haptoria",NA,NA
"1c86b859c5274d066a6707832d571bbf","d__Eukaryota","Centrohelida","Centrohelida","Centrohelida",NA,NA,NA
"db6b6f0bccba4516b743b18c6c8de68a","d__Eukaryota","Holozoa","Choanoflagellida",NA,NA,NA,NA
"a0ba41e53b175848953bd0f171916884","d__Eukaryota","Amoebozoa","Discosea","Dactylopodida","Dactylopodida","Korotnevella","uncultured_eukaryote"
"a193db3488c154ea88df473c924b6993","d__Eukaryota","Euglenozoa","Euglenida","Euglenophyceae",NA,NA,NA
"f62f1f653e882cf2e9d17c074684626b","d__Eukaryota","Euglenozoa","Kinetoplastea",NA,NA,NA,NA
"af9936d486cdfd6a4ec0b6cea1697888","d__Eukaryota","Ciliophora","Intramacronucleata","Spirotrichea","Hypotrichia","Hypotrichia","Holostichides_heterotypicus"
"5d4f3e219dee53552c47ecadf4854e9e","d__Bacteria","Verrucomicrobiota","Verrucomicrobiae","Opitutales","Opitutaceae",NA,NA
"af5c822c48d780dfe96940a501b09bfb","d__Eukaryota","Ochrophyta","Chrysophyceae","Chromulinales","Chromulinales","Chrysochaete","Chrysochaete_britannica"
"004b305b99f249d140527479092650e6","d__Eukaryota","Arthropoda","Insecta","Plecoptera","Plecoptera","Plecoptera","Bolotoperla_rossi"
"5ec6abd5a6d071ee3f3ee26f811a8687","d__Eukaryota","Ciliophora","Intramacronucleata","Conthreep","Oligohymenophorea",NA,NA
"b71300636940b4f50c4ea0112ddc3bc9","d__Eukaryota","Vertebrata","Actinopterygii","Teleostei","Teleostei","Teleostei",NA
"0814c1bfd191cfc7dadf1d2cd36811db","d__Eukaryota","Rotifera","Bdelloidea","Adinetida","Adinetida","Adinetida",NA
"0484f3c7da52012a67a5b9daa7521de1","d__Eukaryota","Ascomycota",NA,NA,NA,NA,NA
"10d12aa26927a3d8530a9376de6d8cd4","d__Eukaryota",NA,NA,NA,NA,NA,NA
"5283a8f70876948f3a1aab7b40b11e04","d__Eukaryota","Apicomplexa","Conoidasida",NA,NA,NA,NA
"a53aa9b7c013955573db6177b8c68776","d__Eukaryota","Rotifera","Monogononta","Ploimida","Ploimida","Ploimida","metagenome"
"59b89c7bf1a073fd559b660e1e19b336","d__Eukaryota","Euglenozoa","Kinetoplastea","Neobodonida","Neobodonida","Neobodo","Kinetoplastida_sp."
"db7121310a3eb1f956c1dcb6d4621120","d__Eukaryota",NA,NA,NA,NA,NA,NA
"6567a351b9d54ea2c0dbbe6990bc0cac","d__Eukaryota","Euglenozoa","Kinetoplastea","Neobodonida","Neobodonida","Rhynchomonas","marine_metagenome"
"acb0f8724c7d144450872b953ae4fc5a","d__Eukaryota","Ciliophora","Postciliodesmatophora","Heterotrichea","Heterotrichea","Stentor","Stentor_roeselii"
"a2826d726b230b415e6490840a98cafb","d__Bacteria",NA,NA,NA,NA,NA,NA
"d52a66ef882c051edda50e76ba5b5379","d__Eukaryota","Euglenozoa","Kinetoplastea",NA,NA,NA,NA
"44ec8bfc69fbebe90919119848094b0f","d__Eukaryota","Cercozoa","Imbricatea","Imbricatea","Euglyphida","Euglypha","Euglypha_filifera"
"cd3acf0d391a901cf49498c79c736b8d","d__Eukaryota","Ciliophora","Intramacronucleata","Conthreep","Oligohymenophorea",NA,NA
"07d11145e0cdcbec4155a35dd90ea611","d__Bacteria",NA,NA,NA,NA,NA,NA
"d845669c4bd586fbcea7838fffb994d7","d__Eukaryota","Chytridiomycota","Chytridiomycetes",NA,NA,NA,NA
"88857464e42b0192b6c7aa81576bfd34","d__Eukaryota","Ochrophyta","Chrysophyceae","P34.45","P34.45","P34.45","eukaryotic_picoplankton"
"ea6253dc88103b4c00a0f40c794098d6","d__Eukaryota","Platyhelminthes","Rhabditophora","Tricladida","Continenticola","Continenticola","Schmidtea_polychroa"
"b0926ad2fd5ae287fc1bd4c0aa6d7a67","d__Eukaryota","Ochrophyta","Chrysophyceae",NA,NA,NA,NA
"a7384962b0ebd0adf22d1389629e6b78","d__Eukaryota","Annelida","Clitellata","Haplotaxida","Haplotaxida","Haplotaxida","Stylaria_sp."
"3439509bce666ce7cb7676a464af3e83","d__Eukaryota","Ciliophora","Intramacronucleata","Conthreep","Phyllopharyngea",NA,NA
"dcfa83aa853c8d3996a41a4951ba56ad","d__Bacteria","Proteobacteria","Alphaproteobacteria",NA,NA,NA,NA
"c1d97f858983fa4140e30bdbd97a92ea","d__Bacteria","Proteobacteria","Gammaproteobacteria",NA,NA,NA,NA
"afdd2fc87b44660087218dfced3b4ca3","d__Eukaryota","Euglenozoa","Euglenida","Heteronematina","Heteronematina","Petalomonas","Petalomonas_cantuscygni"
"aaf0535c1e1febf85b73c503e30ab8d2","d__Eukaryota","Arthropoda","Insecta","Trichoptera","Trichoptera","Trichoptera",NA
"b09016dba1c4e67e0932fb4e3ce15a9e","d__Eukaryota",NA,NA,NA,NA,NA,NA
"0a406c6ca2a4265570ac91c8067a7927","d__Eukaryota","Diatomea","Coscinodiscophytina","Fragilariales","Fragilariales","Fragilaria",NA
"653da952332fe027e126d4410e936379","d__Eukaryota","Gastrotricha","Gastrotricha","Chaetonotida","Chaetonotida","Chaetonotida","Halichaetonotus_schromi"
"a5bbd8617986a3976411547b3ca81b3b","d__Eukaryota",NA,NA,NA,NA,NA,NA
"13b786340ed5ff4ac931416a08e9d887","d__Eukaryota","Ciliophora","Intramacronucleata","Conthreep","Oligohymenophorea",NA,NA
"5cde54654fba1278bd1e4e30d0131f2d","d__Eukaryota","Euglenozoa","Kinetoplastea",NA,NA,NA,NA
"3458fec706bd8f41cc77927e76762c2d","d__Eukaryota","Ascomycota","Leotiomycetes","Helotiales","Sclerotiniaceae",NA,NA
"fa043142fd8fe1087126a850d830a33b","d__Eukaryota",NA,NA,NA,NA,NA,NA
"15c43603c196a469790c39d532fbb74f","d__Eukaryota",NA,NA,NA,NA,NA,NA
"6f86e428918150797a56acce133d919f","d__Eukaryota",NA,NA,NA,NA,NA,NA
"4d8755c86a8ccedb69e641a177acfe54","d__Eukaryota","Ciliophora","Intramacronucleata","Litostomatea","Haptoria","Didinium",NA
"e3e084bc71b3fcaa6ca905bdb8823b06","d__Eukaryota","Arthropoda","Insecta","Diptera","Diptera","Diptera","Chironomus_tentans"
"fc871e572da46dde4bec7c3b6146365f","d__Eukaryota","Diatomea","Coscinodiscophytina","Fragilariales","Fragilariales","Ulnaria","Synedra_angustissima"
"b7cab4471ed00aca834859bb73ec8f59","d__Eukaryota","Ochrophyta","Chrysophyceae","Chrysophyceae","Chrysophyceae","Chrysophyceae","Hydrurus_foetidus"
"6324e2fdedaed46c3c7f5662c8964b9f","d__Eukaryota","Ciliophora","Intramacronucleata","Conthreep","Oligohymenophorea","Cothurnia","Vaginicola_sp."
"21011895e87a475f07f1afcfff6669f1","d__Eukaryota","Apicomplexa","Conoidasida","Gregarinasina","Eugregarinorida","Ascogregarina",NA
"b20d7214ff27f4c34967a447e58a2950","d__Eukaryota","Diatomea","Coscinodiscophytina","Fragilariales","Fragilariales","Fragilaria",NA
"07cd096413b97d5b672aeeb52a263192","d__Eukaryota",NA,NA,NA,NA,NA,NA
"428a6f1fb14a7b3f41b41b817daa2d46","d__Eukaryota","Chlorophyta","Trebouxiophyceae","Trebouxiophyceae","Trebouxiophyceae","Trebouxiophyceae",NA
"4fc93f9629dedfaa3046424e5e1ed452","d__Eukaryota",NA,NA,NA,NA,NA,NA
"54b02425cbe66aa8d2159b31ed525f91","d__Eukaryota","Arthropoda","Insecta","Diptera","Diptera","Diptera","Chironomus_tentans"
"018ea3773bfe3de27e43e2b421ad795e","d__Eukaryota","Annelida","Clitellata","Haplotaxida","Haplotaxida","Haplotaxida","Stylaria_sp."
"74a1c1eada3e00da72c3f85b74fbbab5","d__Bacteria","Myxococcota","Polyangia","Haliangiales","Haliangiaceae","Haliangium","uncultured_sludge"
"ea29fbeb32528240dca302e6068f98cb","d__Eukaryota","Ciliophora","Intramacronucleata","Spirotrichea","Hypotrichia",NA,NA
"5298a7c49a51307cbae55e2d8c1c5abc","d__Eukaryota",NA,NA,NA,NA,NA,NA
"0b49d44948b181a540ad561207408fa2","d__Bacteria","Proteobacteria",NA,NA,NA,NA,NA
"3a6ec1c6d48a8ae0d60275085f920306","d__Eukaryota","Chytridiomycota","Chytridiomycetes","uncultured","uncultured","uncultured","uncultured_fungus"
"7480b073c4dfc8f7ac38a0dafe9c0453","d__Eukaryota",NA,NA,NA,NA,NA,NA
"666049dba47679d097e5e752f5116def","d__Bacteria","Proteobacteria","Alphaproteobacteria","Rickettsiales","Mitochondria","Mitochondria","Alphaproteobacteria_bacterium"
"bfc6a08be6dc1ed0bcd00f588450027a","d__Eukaryota",NA,NA,NA,NA,NA,NA
"a9586c85e138fdad5a9f79f4e3323ba8","d__Eukaryota",NA,NA,NA,NA,NA,NA
"b392a61fd27a9b7581f5d019b483abd6","d__Eukaryota",NA,NA,NA,NA,NA,NA
"3f223a2a3df67df3944fc57dc25e9785","d__Eukaryota",NA,NA,NA,NA,NA,NA
"56276e1e68641e7aee19a99e1e9af2bd","d__Eukaryota","Cercozoa","Thecofilosea",NA,NA,NA,NA
"2f20a98211b1c435e6a110c2f5a7e7f3","Unassigned",NA,NA,NA,NA,NA,NA
"12991c082184cbb2813a57332606705e","d__Eukaryota","Arthropoda","Insecta","Ephemeroptera","Ephemeroptera","Ephemeroptera",NA
"d8294d8389740b5719fae5c330b921ed","d__Eukaryota",NA,NA,NA,NA,NA,NA
"19d2f63b76b75d2f4d7f7edc1d485775","d__Eukaryota","Ciliophora","Intramacronucleata","Conthreep","Oligohymenophorea","Peritrichia","Ophrydium_versatile"
"752d760beb726d6cf2bc1707a05a3229","d__Eukaryota","Arthropoda","Insecta","Plecoptera","Plecoptera","Plecoptera","Utacapnia_logana"
"9c589fbd9f9270ea7c6567e6a7143791","d__Eukaryota",NA,NA,NA,NA,NA,NA
"2a02f163dc3614e5b8e8dcd2e9e9bced","d__Eukaryota","Gastrotricha","Gastrotricha","Chaetonotida","Chaetonotida","Chaetonotida","uncultured_eukaryote"
"c6ae9aaae9a8a96afb2b5c2d1bb5142a","d__Eukaryota",NA,NA,NA,NA,NA,NA
"d34fa1c47908e4a13a82e7676831c122","d__Eukaryota",NA,NA,NA,NA,NA,NA
"9037af7b09f82596dc2817259047b33b","d__Eukaryota","Ascomycota",NA,NA,NA,NA,NA
"16290aceb12a602b20444030a27458d0","d__Eukaryota","Diatomea",NA,NA,NA,NA,NA
"d3326b7fe887d4fc4f3351bf549c1cd7","Unassigned",NA,NA,NA,NA,NA,NA
"1b33bd89dfb50230734112b91f9f2d79","d__Eukaryota","Diatomea","Bacillariophyceae","Bacillariophyceae","Bacillariophyceae",NA,NA
"589dbc4d1b21c2712f9e9675ed4d7591","d__Eukaryota","Ciliophora","Intramacronucleata","Litostomatea",NA,NA,NA
"b292b320298c926da9128f9d7944d102","d__Eukaryota","Ciliophora","Intramacronucleata","Conthreep","Colpodea",NA,NA
"6b5651771f4c12958d962494ff20b470","d__Eukaryota",NA,NA,NA,NA,NA,NA
"67befb4192ca7d5c1e1fbcf29f3c8024","d__Eukaryota","Cercozoa","Thecofilosea","Thecofilosea","Thecofilosea","Thecofilosea","metagenome"
"8ae0f0ce9cf993840e649b80c32efd79","d__Eukaryota","Diatomea","Bacillariophyceae","Bacillariophyceae","Bacillariophyceae","Navicula","Navicula_phyllepta"
"f35ca397535bedd7e7ac68f5d2a696a0","d__Bacteria","Proteobacteria","Alphaproteobacteria","Rhizobiales","Rhizobiales_Incertae_Sedis","uncultured","uncultured_Alphaproteobacteria"
"8fd7606ac0f90f3b11052a581ac9f455","d__Eukaryota","Ciliophora","Postciliodesmatophora","Heterotrichea","Heterotrichea","Stentor","Stentor_roeselii"
"484ef679d76624ad88c347fe2cbe4af2","d__Eukaryota","Diatomea",NA,NA,NA,NA,NA
"cf99d60c3a6ac9f4ce865e1527316e24","d__Eukaryota","Euglenozoa","Kinetoplastea","Prokinetoplastina","Prokinetoplastina","Ichthyobodo","Ichthyobodo_necator"
"28fd2ca3d9f6d8d66f6bf45252bfe920","d__Eukaryota","Chytridiomycota","Chytridiomycetes",NA,NA,NA,NA
"4db2942b5cd1ed40e062289ac8e0103d","d__Eukaryota","Florideophycidae","Nemaliophycidae","Nemaliophycidae","Nemaliophycidae","Nemaliophycidae","Nothocladus_nodosus"
"686c4a1076763a342fbf13a0e5d66ab8","d__Eukaryota","Chytridiomycota","Chytridiomycetes","Chytridiales",NA,NA,NA
"a9f4ba927962989463ed44ee45966920","d__Eukaryota","Ciliophora","Intramacronucleata","Litostomatea","Haptoria",NA,NA
"e94b8b91c2e9f37f7a850ce7c1c15708","d__Eukaryota","Ciliophora","Intramacronucleata","Litostomatea",NA,NA,NA
"7e729efbda385cf7a336c1cd0a257740","d__Eukaryota","Phragmoplastophyta","Embryophyta","Magnoliophyta","Magnoliophyta","Magnoliophyta",NA
"a67564e648892a8d41a1bf6eebf57a86","d__Eukaryota","Ciliophora","Intramacronucleata","Conthreep","Oligohymenophorea","Peritrichia","Ophrydium_versatile"
"cbe9e523c0c3d5aa273ad5c387d26a9b","d__Eukaryota",NA,NA,NA,NA,NA,NA
"67fe7b224074d3e7fe65c77eb0773ae7","d__Bacteria",NA,NA,NA,NA,NA,NA
"9260e1ed4229a686a659e14325ad693a","d__Eukaryota","Ochrophyta","Chrysophyceae","Chrysophyceae","Chrysophyceae","Chrysophyceae",NA
"b01b96ff5cc469df808f45fa0432b987","d__Eukaryota","Centrohelida","Centrohelida","Centrohelida",NA,NA,NA
"9aab1f87fa15c91ffec29f1361f70325","d__Eukaryota","Heterolobosea","Tetramitia","Tetramitia","Tetramitia","Allovahlkampfia",NA
"21e0a46d0f931449ceabb60eef4fb1e0","d__Eukaryota","Apicomplexa","Conoidasida","Gregarinasina","Eugregarinorida","Eugregarinorida","Syncystis_mirabilis"
"4ca82460338d17e97782343e670a9f13","d__Eukaryota",NA,NA,NA,NA,NA,NA
"0f15d697274ee5c8ac8da8ebf076da9e","d__Eukaryota","Ciliophora","Intramacronucleata","Spirotrichea","Choreotrichia","Tintinnidium",NA
"3d5b7d32931614bc11c10b8f58b714ca","d__Eukaryota","Ochrophyta","Chrysophyceae","P34.45","P34.45","P34.45","eukaryotic_picoplankton"
"9dd3e51fee946450e79cfe1470d822f4","d__Eukaryota","Ciliophora",NA,NA,NA,NA,NA
"0514a8f98c9f36e9eabaa1cb524b1b91","d__Eukaryota","Ciliophora","Intramacronucleata","Spirotrichea","Hypotrichia","Strongylidium",NA
"0401accd2bb134e139e5e83c67f74bce","d__Eukaryota","Peronosporomycetes","Peronosporomycetes","Peronosporomycetes","Peronosporomycetes","Aphanomyces","Aphanomyces_astaci"
"9cd77897aa2a269c0b1ad98a17d58b9c","d__Eukaryota","Ciliophora","Intramacronucleata","Conthreep","Colpodea",NA,NA
"235dcdf688c9741f8d5b7918def62f01","d__Eukaryota","Chytridiomycota","Chytridiomycetes","Chytridiales",NA,NA,NA
"6dee2b03adcc28f5bf62393821e60a39","d__Eukaryota","Rotifera","Bdelloidea","Adinetida","Adinetida","Adinetida","Hyalella_azteca"
"80bbf35bfdeab75ced59798cf71f56f5","d__Eukaryota",NA,NA,NA,NA,NA,NA
"591d478badac66a91648d91f6155095a","d__Eukaryota",NA,NA,NA,NA,NA,NA
"ebb8117fe7a876267c28d0b966dc7bec","d__Eukaryota","Diatomea",NA,NA,NA,NA,NA
"14cc393369a6783f33f5a128ce8a3e1c","d__Eukaryota","Zoopagomycota","Incertae_Sedis","Harpellales","Legeriomycetaceae","Smittium","Smittium_mucronatum"
"e768b1031f05e3a5477491f4de897da2","d__Eukaryota","Euglenozoa","Kinetoplastea","Neobodonida","Neobodonida","Rhynchomonas","marine_metagenome"
"49d60e00c881dc21abdfacbcb53411c9","d__Eukaryota","Dinoflagellata","Dinophyceae","Peridiniphycidae","Thoracosphaeraceae",NA,NA
"0d3221fbd52716e3957607e11437411d","d__Eukaryota","Ciliophora","Intramacronucleata","Conthreep","Oligohymenophorea",NA,NA
"ab7874bcd4e8a44e5131c81ad99475e4","d__Eukaryota","Chytridiomycota","Chytridiomycetes",NA,NA,NA,NA
"6bbdf65b21122c8526d66a30a1be6b24","d__Eukaryota","Basidiomycota","Tremellomycetes","Tremellales","Bulleribasidiaceae","Vishniacozyma",NA
"7945dc3bd638e7212edc9bdedb83ece3","d__Bacteria",NA,NA,NA,NA,NA,NA
"42ad808058cc242ef6ca0c606b37eb3a","d__Eukaryota","Rotifera","Bdelloidea","Adinetida","Adinetida","Adinetida",NA
"70afa2004a2d979818fbadbb407fd598","d__Eukaryota",NA,NA,NA,NA,NA,NA
"2cae726f49d4801156e5e805a1450068","d__Eukaryota",NA,NA,NA,NA,NA,NA
"8ce974843f6fae72aa30abbfb73bdf12","d__Eukaryota","Bicosoecida","Bicosoecida","Bicosoecida","Bicosoecida","Bicosoecida","uncultured_stramenopile"
"97d489bf00b84f3a4512c49e474b7deb","d__Bacteria","Gemmatimonadota","Gemmatimonadetes","Gemmatimonadales","Gemmatimonadaceae",NA,NA
"8767cdd9fc38ba32d17b4c954bb189a9","d__Eukaryota","Ochrophyta","Chrysophyceae","P34.45","P34.45","P34.45","eukaryotic_picoplankton"
"d6004a4cf1a7e6ee55f3bb88510ccfde","d__Bacteria",NA,NA,NA,NA,NA,NA
"5a170fcc43d5f3ab15703fdc7f72bf1e","d__Eukaryota","Arthropoda",NA,NA,NA,NA,NA
"eff429e2354180a2ca835ef5a8aa1269","Unassigned",NA,NA,NA,NA,NA,NA
"932e01688a43f7dcd243ed339de83290","d__Eukaryota","Chlorophyta","Chlorophyceae","Chlorophyceae","Chlorophyceae","Chlorophyceae","uncultured_Atractomorpha"
"55f60af6ca0aad414c79fc940cb06f27","d__Eukaryota","Arthropoda","Insecta","Diptera","Diptera","Diptera","Belgica_antarctica"
"6ee7431a0b8160669f4791b81e45467a","d__Eukaryota",NA,NA,NA,NA,NA,NA
"97f9a5121090bb16b570ad6f43edac58","d__Eukaryota","Phragmoplastophyta","Embryophyta","Magnoliophyta","Magnoliophyta","Magnoliophyta",NA
"99229f2501c373d7215560aa89a55186","d__Eukaryota","Gastrotricha","Gastrotricha","Chaetonotida","Chaetonotida","Chaetonotida","uncultured_eukaryote"
"339b9028b07843fa10230cf1cde2b2a5","d__Eukaryota",NA,NA,NA,NA,NA,NA
"fde3164f504b3431a5722144dc15ba4b","d__Eukaryota","Arthropoda","Insecta","Trichoptera","Trichoptera","Trichoptera","Rhyacophila_fasciata"
"a0de6cb164acada8e5a583cf94422e32","d__Eukaryota","Chytridiomycota","Chytridiomycetes","Rhizophydiales",NA,NA,NA
"fb7b0ebdee41d4177a2becd1d7565ab4","d__Eukaryota","Zoopagomycota","Incertae_Sedis","Zoopagales","Zoopagales","Acaulopage","Acaulopage_dichotoma"
"c328ffc4e0b404195ae54ab225bcc74d","d__Eukaryota","Dinoflagellata","Dinophyceae",NA,NA,NA,NA
"1be0f2e76037d641d2718a1c2d1eedb5","d__Eukaryota","Ciliophora","Intramacronucleata","Conthreep","Oligohymenophorea",NA,NA
"58bc5b0ca1585c93c296ef4ca42ec074","d__Eukaryota","Apicomplexa","Conoidasida","Gregarinasina","Eugregarinorida",NA,NA
"007332b80d16eaede449df2db51e79ac","d__Eukaryota","Heterolobosea","Tetramitia","Tetramitia","Tetramitia","Vahlkampfia","Vahlkampfia_avara"
"ce1edb46c39fa2ad54fb5db405bdfe53","d__Eukaryota","SAR","Labyrinthulomycetes","Labyrinthulomycetes","Labyrinthulomycetes","Sorodiplophrys","Sorodiplophrys_stercorea"
"bef3e2c162c6d77600c40418a841f435","d__Eukaryota","Rotifera","Bdelloidea","Adinetida","Adinetida","Adinetida",NA
"f3f5472481222ec7b3790063d2dc338b","d__Bacteria","Proteobacteria","Alphaproteobacteria",NA,NA,NA,NA
"37e3daba4a460cf532d1ad66ea824d1f","d__Eukaryota","Incertae_Sedis","Incertae_Sedis","Incertae_Sedis","Incertae_Sedis","Telonema","uncultured_marine"
"b7fdf39ee5da9ea266d844c8492b879f","d__Eukaryota","Arthropoda","Insecta","Ephemeroptera","Ephemeroptera","Ephemeroptera",NA
"552574fc9199c0cc8e1b88ae630afb8b","d__Eukaryota","Cercozoa","Imbricatea","Imbricatea","Euglyphida","Trinema","Trinema_enchelys"
"9081ba6190a9105a424088f3a908b9c8","d__Eukaryota","Amoebozoa","Tubulinea","Tubulinea","Tubulinea","Tubulinea","Tubulinea_group"
"659aa27164966de7e2215a3d495eab5c","d__Eukaryota",NA,NA,NA,NA,NA,NA
"20291bee8b078f610795e2e24b51b5dd","d__Eukaryota",NA,NA,NA,NA,NA,NA
"be6c608ca44ccd9cbdfdde684fb071f6","d__Eukaryota",NA,NA,NA,NA,NA,NA
"a9622566f3911b817681610b7d2e87a9","d__Eukaryota","Ochrophyta","Chrysophyceae","Chromulinales","Chromulinales","Chrysochaete","Chrysochaete_britannica"
"91edc62c0e7df63e8243b6e3fdec3f60","d__Eukaryota",NA,NA,NA,NA,NA,NA
"394a514b56a3d67ff609477074232d01","d__Eukaryota","Chytridiomycota","Chytridiomycetes","Rhizophydiales","uncultured","uncultured","uncultured_fungus"
"a1c002a74025eb651aaf5ee7750026c4","d__Eukaryota","Ciliophora","Postciliodesmatophora","Heterotrichea","Heterotrichea","Stentor","Stentor_roeselii"
"62f191bce6b4b5231b0b20dd261404c0","d__Bacteria","Verrucomicrobiota",NA,NA,NA,NA,NA
"c27a695480d82e552aefd5192b1eeca8","d__Eukaryota",NA,NA,NA,NA,NA,NA
"9911d222393e224fd0556c7d3f55414b","d__Eukaryota","Annelida","Clitellata","Haplotaxida","Haplotaxida","Haplotaxida",NA
"23e0426bd5725697bdfc32795797c8b2","d__Eukaryota","Vertebrata","Mammalia","Mammalia","Mammalia","Mammalia",NA
"681b8533ad701d32a88f8ce32d96c4d0","d__Eukaryota","Chytridiomycota","Chytridiomycetes",NA,NA,NA,NA
"6e85d548349175986c1aac51e457ac27","d__Eukaryota",NA,NA,NA,NA,NA,NA
"b6b25a259f7da4a32bd69f9c5413e1d0","d__Eukaryota","Ascomycota","Dothideomycetes","Capnodiales","Cladosporiaceae","Cladosporium",NA
"64dc2c4a72bd028b28162b3f25be19e0","d__Eukaryota","Ochrophyta","Chrysophyceae","Ochromonadales","Ochromonadales","Paraphysomonas","eukaryotic_picoplankton"
"a13a913e14a11fbc6799f09c4ff48e5e","d__Eukaryota","Ochrophyta","Chrysophyceae",NA,NA,NA,NA
"93f760c9c6c3c72f75a5da21d206e143","d__Bacteria","Verrucomicrobiota",NA,NA,NA,NA,NA
"eb5bccd105057ffd79c273a64deabcf8","d__Eukaryota","Ciliophora","Intramacronucleata",NA,NA,NA,NA
"261e026d6653b90b1c63db7d6fc881aa","d__Eukaryota",NA,NA,NA,NA,NA,NA
"65af0dfff0757d3a61f6265ddf8edee7","d__Eukaryota","Euglenozoa","Kinetoplastea","Prokinetoplastina","Prokinetoplastina","Ichthyobodo","Ichthyobodo_necator"
"e9220e0721cb3f362fd73bb0e4651213","d__Eukaryota",NA,NA,NA,NA,NA,NA
"89c5e8fce80b21e002c6adcb37112fff","d__Eukaryota",NA,NA,NA,NA,NA,NA
"8e9d7c88ff01111f902ae8fe7dff7396","d__Bacteria",NA,NA,NA,NA,NA,NA
"5c20a8b3735684b60e5b1ecb54a52359","d__Eukaryota","Tardigrada","Eutardigrada","Parachela","Parachela","Parachela","metagenome"
"a3208fa6cefb93a6a6b724b6d081922c","d__Eukaryota","Platyhelminthes","Rhabditophora","Rhabdocoela","Neodalyellida","Neodalyellida",NA
"2f784c272ab297c31d1b9b773a0ba28c","d__Eukaryota","Ochrophyta","Chrysophyceae","Chromulinales","Chromulinales","Chrysochaete","Chrysochaete_britannica"
"12184670b46d2c5a3ab940346e73001f","d__Bacteria","Proteobacteria","Gammaproteobacteria",NA,NA,NA,NA
"cd9716af80b43eb54b8a2a7c2d41dcb9","d__Eukaryota","Rotifera","Bdelloidea","Adinetida","Adinetida","Adinetida",NA
"82151ed8c54ca0bc81c252f36a70daf8","d__Eukaryota","Ascomycota","Dothideomycetes","Pleosporales","Didymellaceae","Boeremia","Boeremia_exigua"
"ecf0c060cea2c89958a1394d93b3856f","d__Eukaryota","Chlorophyta","Ulvophyceae","Ulvophyceae","Ulvophyceae","Ulvophyceae",NA
"0023c3e5b273669844e2d05fd411aa32","d__Bacteria",NA,NA,NA,NA,NA,NA
"16cd39e2bc1fdc77c696af610e76c395","Unassigned",NA,NA,NA,NA,NA,NA
"b404ca09d78c6b42b11239e5638eb357","d__Eukaryota",NA,NA,NA,NA,NA,NA
"7a6cec4ebcea19360c5c43a754cdbf5b","d__Bacteria","Verrucomicrobiota","Verrucomicrobiae","Opitutales",NA,NA,NA
"3db0ffe429047979847e4799bb052798","d__Eukaryota","Cercozoa","Thecofilosea",NA,NA,NA,NA
"1e4c6e787dc2eaaefa059c8e556f36ef","d__Eukaryota",NA,NA,NA,NA,NA,NA
"d7fabfc60b614fffd5d6641ec01bc3ab","d__Bacteria","Planctomycetota","Planctomycetes","Pirellulales","Pirellulaceae","Pirellula","Pirellula_sp."
"2abdb66d6e0450c5d78ce3f328e66c6e","d__Eukaryota","Ascomycota","Dothideomycetes","Capnodiales","Cladosporiaceae","Cladosporium",NA
"320db36884e43439b331c58973e60ce1","d__Eukaryota",NA,NA,NA,NA,NA,NA
"339aa05e72a0558861555245395d0b18","d__Eukaryota","Ciliophora","Intramacronucleata","Conthreep","Oligohymenophorea",NA,NA
"8c9c4e42c324b56905de617c3fc8b6cc","d__Bacteria","Proteobacteria","Alphaproteobacteria",NA,NA,NA,NA
"a2dfec489c0eabe7b5552d61c6fe8ba9","d__Eukaryota","Centrohelida","Centrohelida","Centrohelida","Acanthocystidae","Pterocystis",NA
"62a356623dd186207d83d607a2fd534b","d__Eukaryota",NA,NA,NA,NA,NA,NA
"bed1c927316d90261db914d8aad3ca11","d__Eukaryota","Euglenozoa","Kinetoplastea","Neobodonida","Neobodonida","Rhynchomonas","marine_metagenome"
"87078103f34cbeea3033a4d1dd99ebba","d__Eukaryota","Nematozoa","Chromadorea","Monhysterida","Monhysterida","Monhysterida","Tridentulus_sp."
"1bd7b8da84c1440cfd0ed3a93fd0c97c","d__Eukaryota","Ochrophyta","Chrysophyceae","Chrysophyceae","Chrysophyceae","Chrysophyceae",NA
"35a64694ba1ad112534918eb879c5209","d__Eukaryota",NA,NA,NA,NA,NA,NA
"c02f4769ec9522a5cfffcfed2ca3ee74","d__Eukaryota","Ciliophora","Intramacronucleata","Conthreep","Phyllopharyngea","Tokophrya",NA
"16d1bc6d717953fd376e9a69115ec2c8","d__Eukaryota","Chlorophyta","Chlorophyceae","Chlorophyceae","Chlorophyceae","Chlorophyceae",NA
"1bf1860679a7f70393c9285547e65935","d__Eukaryota","Arthropoda","Insecta","Diptera","Diptera","Diptera","Rhyacophila_fasciata"
"0494389c08e76c919ffdf29675101d11","d__Eukaryota","Cercozoa","Thecofilosea","Cryomonadida","Rhizaspididae","Rhogostoma","invertebrate_environmental"
"40dc4e375b37ec06596e5283d6774ce7","d__Eukaryota","Ciliophora","Intramacronucleata","Spirotrichea","Hypotrichia","Hypotrichia",NA
"d8e0b421e01fed730d59b518fd1a8bf6","d__Eukaryota","Cercozoa","Vampyrellidae","Vampyrellidae","Vampyrellidae","Vampyrellidae","Cercozoa_sp."
"63de936b3bcddf98b4d66e5fe492b615","d__Eukaryota","Ciliophora","Intramacronucleata","Conthreep","Oligohymenophorea","Scuticociliatia","uncultured_ciliate"
"94bad2bb25635e778f55b0fd1b5b3a53","d__Eukaryota","Ascomycota","Leotiomycetes","Helotiales","Helotiales","Helotiales","Marssonina_brunnea"
"36ac3ede349ea112cffc978971016d30","d__Eukaryota","Ciliophora","Intramacronucleata","Conthreep",NA,NA,NA
"3f8af68821e4e6909298c5bbebc6c629","d__Eukaryota","Chlorophyta","Chlorophyceae","Chlorophyceae","Chlorophyceae","Chlorophyceae",NA
"d747e74a72c473991a129d624adfa78d","d__Eukaryota",NA,NA,NA,NA,NA,NA
"d20abcf5e4eab06fc967560bd2c5e287","d__Eukaryota",NA,NA,NA,NA,NA,NA
"334f32c2070ae2fd50128421dc4a6bdd","d__Eukaryota",NA,NA,NA,NA,NA,NA
"06d111b46933e31eeb7319dc71d00133","d__Eukaryota","Chlorophyta","Ulvophyceae","Ulvophyceae","Ulvophyceae","Ulvophyceae","Lithotrichon_pulchrum"
"6003cb7cee76f91e7b4f7523e564ed2e","d__Eukaryota",NA,NA,NA,NA,NA,NA
"bc03ae88837fce9d57355d72d872ea5c","d__Eukaryota","Amoebozoa","Discosea","Vannellida","Vannellida","Vannella","Amoebozoa_sp."
"cf2b1a1fd5a4186e175bb7a819e970a8","d__Eukaryota","Ciliophora","Intramacronucleata","Conthreep","Phyllopharyngea","Tokophrya",NA
"8d870c4b0d2160591554daafe3572d9c","d__Bacteria","Verrucomicrobiota","Verrucomicrobiae","Opitutales",NA,NA,NA
"713d36cd3d10f979aae1da693a6f6754","d__Eukaryota",NA,NA,NA,NA,NA,NA
"6c3034c7d4f2eae8f214920fb5b40336","d__Eukaryota","Arthropoda","Maxillopoda",NA,NA,NA,NA
"ec06ed9af9b646582b36a1c4d3a744fe","d__Eukaryota","Cercozoa","Cercomonadidae","Cercomonadidae","Cercomonadidae","Cercomonas","Cercomonas_jendrali"
"0f4250973afee42ed4fd37e7292ad187","d__Eukaryota",NA,NA,NA,NA,NA,NA
"02d9920aeb9c85fe67b3743a4d427ef4","d__Eukaryota",NA,NA,NA,NA,NA,NA
"5727441e9907cd7276dac37c0167ea68","d__Eukaryota","Chlorophyta","Ulvophyceae","Ulvophyceae","Ulvophyceae","Ulvophyceae","Planophila_laetevirens"
"1615219625ef25e8f317f67d2a87bb8a","d__Eukaryota","Rotifera","Monogononta","Flosculariacea","Flosculariacea","Flosculariacea","Sinantherina_socialis"
"8401fdbc300e60d300480a43340c52fa","d__Eukaryota","Euglenozoa","Kinetoplastea","Neobodonida","Neobodonida","Rhynchomonas","marine_metagenome"
"da1ecc3424cf400853e1d1174ab18a55","d__Eukaryota","Cercozoa",NA,NA,NA,NA,NA
"1a3901c7ed9ece2c74f81db1935595dd","d__Eukaryota","Chlorophyta","Chlorophyceae",NA,NA,NA,NA
"9571b6b4ade2971adac2445500fc0144","d__Eukaryota","Ciliophora","Intramacronucleata","Spirotrichea","Hypotrichia",NA,NA
"c40b850a9af0b2a907ad533b928f1e25","d__Eukaryota",NA,NA,NA,NA,NA,NA
"3bd029dae3916f2c27e216968afa8918","d__Eukaryota",NA,NA,NA,NA,NA,NA
"58e5399b76400586c642e5ede94a0752","d__Bacteria","Proteobacteria","Gammaproteobacteria","Burkholderiales",NA,NA,NA
"f48b38722a196409cd0889ce019c1267","d__Eukaryota",NA,NA,NA,NA,NA,NA
"15f69cb88db4ee991997f50f104d9ec8","d__Eukaryota","Ciliophora","Intramacronucleata","Conthreep","Oligohymenophorea","Peritrichia","uncultured_eukaryote"
"62f9c8dd2fdacd071021a7e7338faf48","d__Bacteria","Verrucomicrobiota","Verrucomicrobiae","Verrucomicrobiales","Rubritaleaceae","Luteolibacter","uncultured_Crater"
"455a12d58bd0a3014af764af84e6af7e","d__Eukaryota","Ciliophora","Intramacronucleata","Conthreep","Oligohymenophorea","Tetrahymena",NA
"577be47ee45efc435cb22e9761b8e5f4","d__Bacteria","Gemmatimonadota","Gemmatimonadetes","Gemmatimonadales","Gemmatimonadaceae","uncultured","uncultured_soil"
"b83a9d6e778ebb31bd38ad7e75fadbc6","d__Eukaryota",NA,NA,NA,NA,NA,NA
"907648cfaac8c19cb723ccc582c4bb89","d__Eukaryota","Ciliophora","Intramacronucleata",NA,NA,NA,NA
"d53ca0f81fb3c1c140fbc91ceb85d230","d__Eukaryota",NA,NA,NA,NA,NA,NA
"a2b432de81fec45a1b1d8e5d49ace56e","d__Eukaryota","Apicomplexa","Conoidasida","Gregarinasina","Eugregarinorida","Eugregarinorida","Apicomplexa_sp."
"e123362a4e07e4333442dde241c81fe2","d__Eukaryota","Euglenozoa","Kinetoplastea",NA,NA,NA,NA
"da8b0feb3b9f6912d5581632094d5a62","d__Eukaryota",NA,NA,NA,NA,NA,NA
"e602d3494256ec284023d7d0712452b8","d__Eukaryota","Euglenozoa","Kinetoplastea",NA,NA,NA,NA
"cbbd86e59f0ca8558995a7e7314058a3","d__Eukaryota","Platyhelminthes","Rhabditophora","Tricladida","Continenticola","Continenticola","Dugesia_japonica"
"02bee88ea263fb97e4f5ed2df4a6cb42","d__Eukaryota","Ochrophyta","Chrysophyceae","Chrysophyceae","Chrysophyceae","Chrysophyceae","Hydrurus_foetidus"
"de14e359012e168052f355607fc85550","d__Bacteria","Proteobacteria","Gammaproteobacteria","Burkholderiales",NA,NA,NA
"fde3df1874bd37693bdd8c753e7fb6aa","Unassigned",NA,NA,NA,NA,NA,NA
"acad8b2f875d19aa68cfc871f0a65ec9","d__Eukaryota","Ochrophyta","Eustigmatophyceae","Eustigmatales","Eustigmatales","Nannochloropsis",NA
"3e7562f3719d6d26798ddc993a0a9bba","d__Eukaryota",NA,NA,NA,NA,NA,NA
"921565241f26093547b1d7b1ad4f99e0","d__Eukaryota","Ciliophora","Intramacronucleata","Conthreep","Oligohymenophorea",NA,NA
"f31303f923c7ffc46c512df31b968c15","d__Eukaryota","Arthropoda","Chilopoda","Pleurostigmophora","Pleurostigmophora","Pleurostigmophora","Lithobius_forficatus"
"c7b7b4a4275ac54242f4037376be95c6","d__Eukaryota",NA,NA,NA,NA,NA,NA
"d7d1ce6ed7a6b0ef67a919558bbe8e63","d__Eukaryota","Ascomycota","Dothideomycetes","Capnodiales","Cladosporiaceae","Cladosporium",NA
"553c921e2189de611762b01c6b6af1c1","d__Eukaryota","Ciliophora","Intramacronucleata","Conthreep","Oligohymenophorea","Peritrichia","Ophrydium_versatile"
"d3933e6eadc8f267d261d9e0f35b8ebb","d__Eukaryota","Cercozoa","Thecofilosea","Cryomonadida",NA,NA,NA
"4ab877f817581299f9e1c537a31be3be","d__Bacteria","Planctomycetota","Planctomycetes","Pirellulales","Pirellulaceae","Pirellula","Pirellula_sp."
"cb002463588f532f992cb9198942b18d","d__Eukaryota","Arthropoda","Insecta",NA,NA,NA,NA
"5070a3303fd7334740582ab1f5f06511","d__Eukaryota",NA,NA,NA,NA,NA,NA
"8c2a61d9bb8a7568afadbec1d51294dd","d__Eukaryota","Cercozoa","Imbricatea","Imbricatea","Thaumatomonadida","Thaumatomonas","Thaumatomonas_sp."
"f1d6b2a293ca8923ee5ab0eb18603ef4","d__Eukaryota","Diatomea","Coscinodiscophytina","Fragilariales","Fragilariales","Ulnaria","Synedra_angustissima"
"9a9eec21f00c7c9bd2aed7a804a4226d","d__Eukaryota","Chlorophyta","Chlorophyceae","Sphaeropleales","Sphaeropleales","Mychonastes","uncultured_Chlorophyta"
"6d07fbdceb8a901e726b1868e08127d9","d__Eukaryota","Cercozoa","Cercomonadidae","Cercomonadidae","Cercomonadidae","Cercomonas",NA
"c8988a338c8cc9d4d95f7198eee59d5c","d__Eukaryota",NA,NA,NA,NA,NA,NA
"c4adcdf7ecd21bb48d70234395ac2e58","d__Eukaryota","Ciliophora","Intramacronucleata","Conthreep","Oligohymenophorea",NA,NA
"f989545da770c6d09888fd2f444da462","d__Eukaryota","Gastrotricha","Gastrotricha","Chaetonotida","Chaetonotida","Chaetonotida","Halichaetonotus_schromi"
"67535fe548fb42b364924f391884acce","d__Eukaryota","Ciliophora","Intramacronucleata","Conthreep",NA,NA,NA
"5e169a969dfb19cb0617f5a8ef80b360","d__Eukaryota",NA,NA,NA,NA,NA,NA
"6dc9c63c73f116d1c34d5f3f2747177a","d__Eukaryota","Peronosporomycetes","Peronosporomycetes","Peronosporomycetes","Peronosporomycetes","Aphanomyces","Aphanomyces_astaci"
"9596c4221f721ce429eea875e5a0583b","d__Eukaryota","Rotifera","Monogononta","Ploimida","Ploimida","Ploimida",NA
"cf85c7181b41591d66d70d140182a008","d__Eukaryota","Ciliophora","Intramacronucleata","Litostomatea",NA,NA,NA
"b2b26ebaa2f3924cc4d77e77020dff9e","d__Eukaryota",NA,NA,NA,NA,NA,NA
"0dcbd2ffbe2cfe7aa35c3f42694528c6","d__Eukaryota","Euglenozoa","Kinetoplastea","Neobodonida","Neobodonida","Neobodonida","Rhynchobodo_sp."
"5a8791f2ae4b6aeea976922739e8231c","d__Bacteria","Verrucomicrobiota","Verrucomicrobiae","Pedosphaerales","Pedosphaeraceae",NA,NA
"11e6aecd16c6f720b2721fed598f9e9b","d__Eukaryota",NA,NA,NA,NA,NA,NA
"108517da4ff36c561f6e652ba7c4d695","d__Eukaryota",NA,NA,NA,NA,NA,NA
"78a11822f68ef0a215c4b55a49371c0c","d__Eukaryota",NA,NA,NA,NA,NA,NA
"7f90b3153ec5d412ca180f1c4096d7e7","d__Bacteria",NA,NA,NA,NA,NA,NA
"db1e41dc292ec8e26e685b717d83adde","d__Eukaryota","Euglenozoa","Euglenida","Euglenophyceae",NA,NA,NA
"5823c2d1851106b0c3f01d51f579dab8","d__Eukaryota","Incertae_Sedis","Incertae_Sedis","Incertae_Sedis","Incertae_Sedis","Telonema","uncultured_marine"
"1eaa7ba7f55c35d0c808ea9dd35c5b71","d__Eukaryota","Euglenozoa","Kinetoplastea",NA,NA,NA,NA
"158f6b9184d97e2891c327e6aa48a044","d__Eukaryota",NA,NA,NA,NA,NA,NA
"65b55aab258889cee71723fc6cd159c9","d__Eukaryota",NA,NA,NA,NA,NA,NA
"f34a0aeda036ee0a25f951f9a96f1db6","d__Bacteria",NA,NA,NA,NA,NA,NA
"69a43f378a6315ee9fdff89f5b7fa6d6","d__Eukaryota","Ciliophora","Intramacronucleata","Litostomatea","Haptoria",NA,NA
"c2814eb04d4db6f6a75bdd6ce553b3d9","Unassigned",NA,NA,NA,NA,NA,NA
"fc1a7b4e1b539bed4c8adcbf29ca5633","d__Eukaryota",NA,NA,NA,NA,NA,NA
"27a7f58fa7aa5c2de8f716e4fb461b0d","d__Eukaryota","Euglenozoa","Kinetoplastea","Prokinetoplastina","Prokinetoplastina","Ichthyobodo","Ichthyobodo_necator"
"b24c1bac37b458fbad1530b37f6e48fb","d__Eukaryota",NA,NA,NA,NA,NA,NA
"392de21a49b61e9d2f50a40eabb4439f","d__Eukaryota","Chytridiomycota","Chytridiomycetes","Rhizophydiales","uncultured","uncultured",NA
"b459d86df03e3d496cce617e95de9335","d__Eukaryota",NA,NA,NA,NA,NA,NA
"34f742338593ce13e971faed154e1bc9","d__Eukaryota",NA,NA,NA,NA,NA,NA
"3b8bbaa5405b19abc714d9db342bdd4f","d__Eukaryota",NA,NA,NA,NA,NA,NA
"4dbc2a436bcbe0fe1bef894125866e01","d__Eukaryota","Ciliophora","Intramacronucleata","Litostomatea",NA,NA,NA
"bf68a378778bdcd9c410e06634fb8478","d__Eukaryota",NA,NA,NA,NA,NA,NA
"b4f3b0e496383644190c02f2f46415fa","d__Eukaryota","Ciliophora","Intramacronucleata","Litostomatea","Haptoria",NA,NA
"50c105baf57007678986525ca1d3234e","d__Eukaryota","Diatomea","Coscinodiscophytina","Fragilariales","Fragilariales","Ulnaria","Synedra_angustissima"
"eb34679fd59cb9000157b9e100ec988e","d__Eukaryota","Ciliophora","Intramacronucleata","Spirotrichea","Hypotrichia",NA,NA
"c3ac818361dbdb386d450803e0530c5f","d__Eukaryota","Ciliophora","Postciliodesmatophora","Heterotrichea","Heterotrichea","Stentor","Stentor_roeselii"
"5d8cbfc08742aded1ed164bb99c22cc6","d__Eukaryota",NA,NA,NA,NA,NA,NA
"1076c88387910b8f0b5a96889a3b6a6a","d__Eukaryota","Chlorophyta","Trebouxiophyceae","Trebouxiophyceae","Trebouxiophyceae","Trebouxiophyceae",NA
"2748d7d4b423b98e9b6868efa508b7cb","d__Eukaryota","Euglenozoa","Kinetoplastea","Neobodonida","Neobodonida",NA,NA
"337182c8d322548c4b54d2fd5b308480","d__Eukaryota",NA,NA,NA,NA,NA,NA
"0d6a29e52c0c66c4a12ab231837deb92","Unassigned",NA,NA,NA,NA,NA,NA
"f738c3ec48533626e45863e59e29db84","d__Bacteria",NA,NA,NA,NA,NA,NA
"c33dfbeac2629310732067e431aab2cd","d__Eukaryota","Vertebrata","Mammalia","Mammalia","Mammalia","Mammalia",NA
"df7591eb866edd84653bf3bb8f913b1a","d__Eukaryota","Ciliophora","Intramacronucleata","Conthreep","Phyllopharyngea","Cyrtophoria","metagenome"
"f51f139a8a1b6bd5f1f52c6a2799940e","d__Eukaryota","Ascomycota","Dothideomycetes","Capnodiales","Cladosporiaceae","Cladosporium",NA
"9a712b5dc46b90d0afba7bfe15baaeea","d__Bacteria","Proteobacteria","Gammaproteobacteria","Pseudomonadales","Moraxellaceae","uncultured","uncultured_Pseudomonadaceae"
"0fb4c17bd92ab322ac9b72e25ee78ea0","d__Eukaryota",NA,NA,NA,NA,NA,NA
"008ef13e542e985077a5f96d2a1b7516","d__Eukaryota","Chytridiomycota","Chytridiomycetes","Cladochytriales","Nowakowskiellaceae","Nowakowskiella","Nowakowskiella_elegans"
"3a0c9c3b1cf7a3e803d298003dde9261","d__Eukaryota",NA,NA,NA,NA,NA,NA
"94e04d92c0074bd2271dcd76be73bf3e","d__Eukaryota","Diatomea","Bacillariophyceae","Bacillariophyceae","Bacillariophyceae","Navicula",NA
"8885b31d65d030b86cebb8facf88ebc0","d__Eukaryota","Ciliophora","Postciliodesmatophora","Heterotrichea","Heterotrichea","Stentor",NA
"414a70f58e756eec6fb8a5e6ad1089e7","d__Eukaryota","Incertae_Sedis","Incertae_Sedis","Incertae_Sedis","Incertae_Sedis","Telonema","uncultured_marine"
"8268d77318bd37d16bb15f925ae9967e","d__Eukaryota","Ascomycota","Dothideomycetes","Capnodiales",NA,NA,NA
"e2843279cba4af6cd2e64b3ab6bacc56","d__Eukaryota","Ciliophora","Intramacronucleata","Conthreep","Oligohymenophorea","Peritrichia","Ophrydium_versatile"
"0d3328af6f75ce8648cba180be790a2d","d__Eukaryota",NA,NA,NA,NA,NA,NA
"3e63014415b2bd98ea766a87e0ac436e","d__Eukaryota","Rotifera","Bdelloidea","Adinetida","Adinetida","Adinetida",NA
"af6e38e044919a8db818111c66689347","d__Eukaryota","Rotifera","Monogononta","Ploimida","Ploimida","Ploimida","Synchaeta_tremula"
"a21be1cc5e06e02a7859d6e9e87c3542","d__Eukaryota","Euglenozoa","Kinetoplastea",NA,NA,NA,NA
"7ae288454cb3c73c12bcc17d7d3d8142","d__Eukaryota","Diatomea",NA,NA,NA,NA,NA
"4f677217b029530ecf186889df05f30d","d__Eukaryota","Diatomea",NA,NA,NA,NA,NA
"73f13aee8680a01faaa9326f942cdbac","d__Eukaryota","Phragmoplastophyta","Embryophyta","Magnoliophyta","Magnoliophyta","Magnoliophyta",NA
"8061d6e903c0988126807c12b7874638","d__Eukaryota","Ciliophora","Intramacronucleata","Spirotrichea","Hypotrichia","Hypotrichia","Tachysoma_pellionellum"
"8e8ce659861522f91d27cd191a26139e","d__Eukaryota","Gastrotricha","Gastrotricha","Chaetonotida","Chaetonotida","Chaetonotida","uncultured_eukaryote"
"c0a333277561bbd13c6cf7e82fb8c56a","d__Bacteria",NA,NA,NA,NA,NA,NA
"13e16f79e5c60d6986a1c86a75edd19b","d__Eukaryota","SAR","Labyrinthulomycetes","Labyrinthulomycetes","Labyrinthulomycetes","Sorodiplophrys","Sorodiplophrys_stercorea"
"041f63e2c27a89218a1007e3559279f1","d__Bacteria","Actinobacteriota","Actinobacteria","Frankiales","Sporichthyaceae","hgcI_clade","uncultured_bacterium"
"57dca82678a5acb25674553934e80e6b","d__Eukaryota",NA,NA,NA,NA,NA,NA
"ee300bef7bbd5c64e4627c946de42afc","d__Eukaryota","Rotifera","Bdelloidea","Adinetida","Adinetida","Adinetida",NA
"fb52f0c018acc9602f1091895df3690e","d__Eukaryota",NA,NA,NA,NA,NA,NA
"5528331c1f1ad08a10edcba63b831e40","d__Eukaryota",NA,NA,NA,NA,NA,NA
"5552c2b27180b62f81e49610c2a97eb8","d__Eukaryota","Chlorophyta","Trebouxiophyceae","Trebouxiophyceae","Trebouxiophyceae","Trebouxiophyceae","Chloroidium_saccharophilum"
"f43e30226c176132d3e0d3bbf5267bed","d__Eukaryota",NA,NA,NA,NA,NA,NA
"3fc7a41bd6a71724eabe1809f6d0787c","d__Eukaryota","Euglenozoa","Kinetoplastea",NA,NA,NA,NA
"4cd51fce655d0b26e2b92c45d9251cea","d__Eukaryota","Arthropoda","Insecta","Diptera","Diptera","Diptera",NA
"7752fb98fc6cdab7ca20493b6c490b93","d__Eukaryota","Vertebrata","Mammalia","Mammalia","Mammalia","Mammalia",NA
"27ca85765ae496e70bed4ece862c7d86","d__Eukaryota","Apicomplexa","Conoidasida","Gregarinasina","Neogregarinorida","Neogregarinorida","Dendroctonus_ponderosae"
"0f309c6f047c7898b93ed98f0d608140","d__Eukaryota",NA,NA,NA,NA,NA,NA
"660d18c86b2f6e9cdd36e3f75e2e0a20","d__Eukaryota","Amoebozoa","Tubulinea","Euamoebida","Euamoebida","Euamoebida","Hartmannella_cantabrigiensis"
"7cedc997dd0527a6ddb550a0da385223","d__Eukaryota","Ciliophora","Intramacronucleata","Conthreep","Phyllopharyngea","Cyrtophoria","metagenome"
"f237908e9eda8e8a9b3f2158993c50d5","d__Eukaryota",NA,NA,NA,NA,NA,NA
"f073dcac7a1bc9b9280db493f5ee403e","d__Eukaryota",NA,NA,NA,NA,NA,NA
"0fede0d1b996124afce25c2ed6aa161b","d__Eukaryota","Ciliophora","Intramacronucleata","Conthreep","Oligohymenophorea","Peritrichia","Carchesium_polypinum"
"3bdb7735c4cbecf7aa332c058e77eb23","d__Eukaryota",NA,NA,NA,NA,NA,NA
"551d7615ebc722c073250f6699343427","d__Bacteria","Verrucomicrobiota","Verrucomicrobiae",NA,NA,NA,NA
"0f53f615b416fcd620f8909495fbc9c5","d__Eukaryota","SAR","Labyrinthulomycetes","Labyrinthulomycetes","Labyrinthulomycetes","Sorodiplophrys","Sorodiplophrys_stercorea"
"1bd9f62ba8ff3c5c117e26f5029f7f06","d__Eukaryota","Cercozoa","Imbricatea","Imbricatea","Thaumatomonadida","Thaumatomonas","Thaumatomonas_sp."
"dccf7561b53d867daba4dfb641ac3997","d__Eukaryota","Chytridiomycota","Chytridiomycetes","Chytridiales","Incertae_Sedis","Incertae_Sedis","uncultured_Chytridiomycota"
"918b8a3d84ec864ec1e5d0c1bb10ca40","d__Eukaryota",NA,NA,NA,NA,NA,NA
"4f6e9e947f4e1583421d181443d035e3","d__Bacteria","Verrucomicrobiota","Verrucomicrobiae",NA,NA,NA,NA
"a919ed29c11eb31625496b6b316d7153","d__Eukaryota","Cercozoa","Vampyrellidae","Vampyrellidae","Vampyrellidae","Vampyrellidae","Cercozoa_sp."
"dd0efc7a3f9a31141dd6442ec756dd02","d__Eukaryota","Rotifera","Monogononta","Flosculariacea","Flosculariacea","Flosculariacea","Sinantherina_socialis"
"629adb81feaf17200cfcec101c19966b","d__Eukaryota",NA,NA,NA,NA,NA,NA
"fbfa2ebca3c8bef2dcacf2198bbd43fb","d__Eukaryota","Chytridiomycota","Chytridiomycetes",NA,NA,NA,NA
"1c9627ae14fb78aab59d7df790edaf09","d__Eukaryota","Ciliophora","Intramacronucleata","Spirotrichea","Oligotrichia",NA,NA
"844896e7f6905f8eeec23ac523c3b0b1","d__Eukaryota",NA,NA,NA,NA,NA,NA
"0f7463f32ebbdb5edd6ddda705595791","d__Eukaryota","Chytridiomycota","Chytridiomycetes","Chytridiales",NA,NA,NA
"3430e040352f101fa59a20902b3e1dc1","d__Eukaryota",NA,NA,NA,NA,NA,NA
"9dffc0e20f703272d8d1d081e383a1ee","d__Eukaryota","Apicomplexa","Conoidasida","Gregarinasina","Eugregarinorida","Ascogregarina",NA
"dbf913b816a2cc5d587a3c5029889c84","d__Eukaryota","Chlorophyta","Chlorophyceae","Chlorophyceae","Chlorophyceae","Chlorophyceae","Scenedesmus_armatus"
"8ecf595f19b0afd0665e2292e123600f","d__Eukaryota","Chytridiomycota",NA,NA,NA,NA,NA
"1fec156d39aa39729f1efe416570a995","d__Eukaryota","Ciliophora","Intramacronucleata","Litostomatea",NA,NA,NA
"4ccdb5554f49e0d7d125cb317536461a","d__Eukaryota","Euglenozoa","Kinetoplastea",NA,NA,NA,NA
"9ba841dea3b6a4f75d68cdd4a99e11ce","d__Eukaryota",NA,NA,NA,NA,NA,NA
"36bc384ca20adc010d7f64d944aa801f","d__Eukaryota",NA,NA,NA,NA,NA,NA
"8566e3f5ac69728e71c18bfd172c8fb7","d__Eukaryota","Diatomea",NA,NA,NA,NA,NA
"c139a918f345aa5d0b037a1f36ff92cd","d__Eukaryota","Arthropoda","Insecta","Trichoptera","Trichoptera","Trichoptera",NA
"4062499eae483e8cbec5e742dfcfda5f","d__Eukaryota",NA,NA,NA,NA,NA,NA
"cc7eff12ab8856fd65dbd48bad761133","d__Eukaryota",NA,NA,NA,NA,NA,NA
"167125a7326e1ee3d9324b3cf6284bac","d__Eukaryota","Vertebrata","Mammalia","Mammalia","Mammalia","Mammalia",NA
"51e238bf1a464afacef197debee774b4","d__Eukaryota","Ciliophora","Intramacronucleata","Conthreep","Oligohymenophorea","Peniculia","Lembadion_bullinum"
"3045be6450d2fc92fe879d7b62694a29","d__Eukaryota",NA,NA,NA,NA,NA,NA
"a8120bbc372e1ff27ad9a993780ad955","d__Eukaryota","Cercozoa","Imbricatea","Imbricatea","Thaumatomonadida","Thaumatomonas","Thaumatomonas_sp."
"ada4cb96791ec6c44252213708660d2e","d__Eukaryota","Ciliophora","Intramacronucleata","Litostomatea","Haptoria","Hemiophrys",NA
"be9282a4bf2ef9a5b120d0155a42975a","d__Eukaryota",NA,NA,NA,NA,NA,NA
"99a9d16f1324892a30e4b09af5fb4b3c","d__Eukaryota","Apicomplexa","Conoidasida",NA,NA,NA,NA
"bbbf0ce2e6fadfb38cbbf24980113056","d__Eukaryota","Apicomplexa","Conoidasida","Gregarinasina","Eugregarinorida",NA,NA
"cbc5059a11b74855c221f77c21aa47a8","d__Eukaryota","Chlorophyta","Ulvophyceae","Ulvophyceae","Ulvophyceae","Ulvophyceae",NA
"7422c21ac32990e7fd03f4b2e7d4077d","d__Eukaryota",NA,NA,NA,NA,NA,NA
"a89f543eef8caa319facd9fa644eb75e","d__Eukaryota","Ciliophora","Intramacronucleata","Spirotrichea","Hypotrichia",NA,NA
"e608541f1f2f76bad0f0366ffb0a0da5","d__Eukaryota","Chytridiomycota","Chytridiomycetes",NA,NA,NA,NA
"c4ac16069affd83ee8e2828450802330","d__Eukaryota",NA,NA,NA,NA,NA,NA
"f2d26e31019e3a3c606b12638173b6ae","d__Eukaryota",NA,NA,NA,NA,NA,NA
"096b0ada548ff9825b5781b22da23e6a","d__Eukaryota","Rotifera","Monogononta","Flosculariacea","Flosculariacea","Flosculariacea","Sinantherina_socialis"
"c1d63af3d3a44b877dcaf36beb77b397","d__Eukaryota","Chytridiomycota","Chytridiomycetes","Chytridiales","Incertae_Sedis","Incertae_Sedis","uncultured_Chytridiomycota"
"d1b0274d33bb62199a43bdd53419542c","d__Eukaryota",NA,NA,NA,NA,NA,NA
"6764777cedbb3db706d2be52bfaf1787","d__Eukaryota","Cercozoa","Imbricatea","Imbricatea","Euglyphida",NA,NA
"77d5e3f9806a0218bfd3c3e0eb032249","d__Eukaryota","Chlorophyta","Chlorophyceae","Chlorophyceae","Chlorophyceae","Chlorophyceae",NA
"4b19624042985712f584e090136326dc","d__Eukaryota",NA,NA,NA,NA,NA,NA
"4690295910c6b6752f36418689fed29d","d__Eukaryota","Cercozoa","Imbricatea","Imbricatea","Thaumatomonadida","Thaumatomonas","Thaumatomonas_sp."
"c569328cd08d27781e5182a26dbd592a","d__Eukaryota","Chlorophyta","Chlorophyceae","Chlorophyceae","Chlorophyceae","Chlorophyceae","Stigeoclonium_farctum"
"6964765b7190acd41ac933185f92f3e1","Unassigned",NA,NA,NA,NA,NA,NA
"b69ba6c4aced098b7b98b4f532b30b8c","d__Eukaryota","Ciliophora","Postciliodesmatophora","Heterotrichea","Heterotrichea","Stentor","Stentor_roeselii"
"cf311b46b63d879826a368cb3dd57102","d__Eukaryota","Apicomplexa","Conoidasida",NA,NA,NA,NA
"03f343f9f7094f273085e23ecff740af","d__Eukaryota","Diatomea",NA,NA,NA,NA,NA
"2917c9e3a2a18154f00a5cee8df0e92a","d__Eukaryota","Annelida","Clitellata","Haplotaxida","Haplotaxida","Haplotaxida","Stylaria_sp."
"e11691102f05da60399c9185710beeca","d__Eukaryota","Ciliophora","Intramacronucleata","Spirotrichea","Hypotrichia",NA,NA
"d56b6315fa98cc54fef3e21ee802c6da","d__Bacteria",NA,NA,NA,NA,NA,NA
"6a44d83a8afa555a5c777115374bb940","d__Eukaryota","Ciliophora","Intramacronucleata",NA,NA,NA,NA
"4ebbd356176e33edb6ab9ca1941a2b1f","d__Eukaryota","Peronosporomycetes","Peronosporomycetes","Peronosporomycetes","Peronosporomycetes",NA,NA
"15bc73025e99e06cd96ddb8461d9b4e1","d__Eukaryota",NA,NA,NA,NA,NA,NA
"d6af07371561889201bcdc71b7023eac","d__Eukaryota","Ochrophyta","Chrysophyceae","Chromulinales","Chromulinales","Chrysochaete","Chrysochaete_britannica"
"9827a55a3e0cf983b6c0745178c6737b","d__Eukaryota","Vertebrata","Actinopterygii",NA,NA,NA,NA
"5d8d127f12e32f77b75d5a8a9b68813b","d__Eukaryota","Cercozoa","Cercomonadidae","Cercomonadidae","Cercomonadidae","Paracercomonas","metagenome"
"f2154f9776594c1f699c44670ff3963b","d__Eukaryota","Ascomycota","Dothideomycetes","Dothideales","Dothideaceae",NA,NA
"c280817f700753051556cd947124a5f6","d__Eukaryota","Ascomycota","Dothideomycetes","Pleosporales","Didymellaceae","Boeremia","Boeremia_exigua"
"0bf03b80e7a6e7131b7d670d6822cdbc","Unassigned",NA,NA,NA,NA,NA,NA
"de165c84bd8886a9be0f8dd016fc51c1","d__Eukaryota","Cryptomycota","LKM11","LKM11","LKM11","LKM11","invertebrate_environmental"
"ac6233e6ac45ab54789ad4d5d2dc0540","d__Eukaryota","Rotifera","Bdelloidea","Adinetida","Adinetida","Adinetida",NA
"f1afc0a3ec0fe26c2c6a29c9bbfa217b","d__Eukaryota",NA,NA,NA,NA,NA,NA
"bc8555165c43a1c8fc54e54f0d562846","d__Eukaryota","Chlorophyta","Chlorophyceae","Sphaeropleales","Sphaeropleales","Mychonastes","uncultured_Chlorophyta"
"35bbe207e3e1fada81b2536780be2375","d__Eukaryota","Chytridiomycota","Chytridiomycetes","Chytridiales","Chytriomycetaceae","Rhizoclosmatium","Rhizoclosmatium_globosum"
"f8f358a9322af48d2e4c0b6283dccada","d__Eukaryota","Tardigrada","Eutardigrada","Parachela","Parachela","Parachela","Hypsibius_dujardini"
"7f50cc80d89f4cefc003248e44a052bf","d__Eukaryota",NA,NA,NA,NA,NA,NA
"7432118ea9ac82d567ff07bf51d41c0f","d__Eukaryota",NA,NA,NA,NA,NA,NA
"043ac778d6d9ef0225990f5c836bfcbd","d__Eukaryota",NA,NA,NA,NA,NA,NA
"26f0eefd3fa1749714d5c48e2b0fcd9a","d__Eukaryota","Chytridiomycota","Chytridiomycetes",NA,NA,NA,NA
"e9055f8a976b4b19f00ebbe5c643d786","d__Eukaryota","Ciliophora","Intramacronucleata","Litostomatea","Haptoria","Loxophyllum",NA
"d258b30f09f0c2493b47d531fadcf075","d__Eukaryota","Vertebrata","Mammalia","Mammalia","Mammalia","Mammalia",NA
"52a78a9056e8d9f73d7f78ae346a574f","d__Eukaryota",NA,NA,NA,NA,NA,NA
"6064dcd365f2906ef09b74d8d11352db","d__Eukaryota","Diatomea",NA,NA,NA,NA,NA
"2fc848e97ca566c98d6e1d1431782f79","d__Bacteria","Verrucomicrobiota","Verrucomicrobiae","Pedosphaerales","Pedosphaeraceae",NA,NA
"abe31e4d608d9970af41b62cc60eda45","d__Eukaryota","Diatomea","Bacillariophyceae","Bacillariophyceae","Bacillariophyceae","Navicula","Navicula_phyllepta"
"50d502ec831f6806369a76fdd4c96b3b","d__Bacteria",NA,NA,NA,NA,NA,NA
"7bd0eb25976966758277efa32ffaadd1","d__Eukaryota","Euglenozoa","Kinetoplastea","Neobodonida","Neobodonida","Rhynchomonas","marine_metagenome"
"c59c38b6a42d63c34558b3318362f3e4","d__Bacteria",NA,NA,NA,NA,NA,NA
"56b12fc3006329f7ea9b8e393eb6d416","d__Eukaryota","Cercozoa","Glissomonadida","Glissomonadida","Glissomonadida",NA,NA
"1d0a3b911e4f63ed843793157f7e32fa","d__Eukaryota","Ciliophora","Intramacronucleata","Conthreep",NA,NA,NA
"589573850993eb65e78240ebf6bd7b2e","d__Eukaryota",NA,NA,NA,NA,NA,NA
"81e52315ae0000b928daa06051207f9b","d__Eukaryota","Ciliophora","Intramacronucleata","Spirotrichea","Hypotrichia",NA,NA
"0a4d6646ce683820b6ede930d40daa96","d__Eukaryota","Ascomycota","Dothideomycetes","Capnodiales","Cladosporiaceae","Cladosporium",NA
"cfaf8a71b0c4d7c7b1cb82cbde1bb50f","d__Eukaryota","Apicomplexa","Conoidasida","Gregarinasina","Eugregarinorida","Ascogregarina",NA
"82fa4caad1b80c5282f280428ec4df9b","d__Eukaryota","Ciliophora","Intramacronucleata","Spirotrichea","Choreotrichia","Tintinnidium",NA
"3faa09c685f3f617173fe42e2fe41c58","d__Eukaryota","Ochrophyta","Chrysophyceae",NA,NA,NA,NA
"702eadc71495a0f36f929bf348c5d66c","Unassigned",NA,NA,NA,NA,NA,NA
"4823d23d43689850b3cb30b12782b264","d__Eukaryota","Ciliophora","Intramacronucleata","Spirotrichea","Euplotia","Euplotes",NA
"d68c7e624c6ac015b535df8c229c5a5e","d__Eukaryota","Chlorophyta","Chlorophyceae",NA,NA,NA,NA
"5ca4495bfeea0ed3183676af164085d9","d__Eukaryota",NA,NA,NA,NA,NA,NA
"b5f27901c009282ca557378b15514bf3","d__Eukaryota",NA,NA,NA,NA,NA,NA
"af9f27aeaca65f046399a59303eb2b22","d__Eukaryota",NA,NA,NA,NA,NA,NA
"45fbb2ac50282d9c7a4ba01bf02447c6","d__Eukaryota","Ciliophora","Intramacronucleata","Conthreep","Phyllopharyngea","Tokophrya",NA
"5a2739e2d32947d504187cc592fb6c9f","d__Bacteria","Verrucomicrobiota",NA,NA,NA,NA,NA
"b984e61b825ba03b14a3783d6639dd97","d__Eukaryota","Diatomea","Bacillariophyceae","Bacillariophyceae","Bacillariophyceae","Navicula",NA
"e10676aaa932f35238e86d20e34a441c","d__Eukaryota","Ciliophora","Intramacronucleata","Conthreep","Oligohymenophorea","Peritrichia","Ophrydium_versatile"
"d285dc166316cbf61a4534a54b032612","d__Eukaryota","Chytridiomycota","Chytridiomycetes",NA,NA,NA,NA
"7b6223afba49af9d85ae2302420406dd","d__Eukaryota","Holozoa","Ichthyosporea","Pseudoperkinsidae","Pseudoperkinsidae","Anurofeca","Anurofeca_sp."
"053e1e5b689c5ca3221419775bb2c91b","d__Eukaryota","Amoebozoa","Discosea","Vannellida","Vannellida",NA,NA
"4da0c8fbf18d2854999d8c41b6e0e2fb","d__Eukaryota","Arthropoda","Insecta","Diptera","Diptera","Diptera","Chironomus_tentans"
"84743d9df8973e2b4d3ec86bf2fe8fc8","d__Eukaryota",NA,NA,NA,NA,NA,NA
"afb4b46b96407bb1c735459a9d06639b","d__Eukaryota",NA,NA,NA,NA,NA,NA
"c9c07a49a677d759f94cb47eadbef6ec","d__Eukaryota","Cercozoa","Cercomonadidae","Cercomonadidae","Cercomonadidae","Paracercomonas",NA
"39d6fdaef80b0e8fd3f4a476b1cbdc6c","d__Eukaryota",NA,NA,NA,NA,NA,NA
"c4fc2d8c618492aa5ce347bba81a6183","d__Eukaryota","Ciliophora","Intramacronucleata","Litostomatea","Haptoria",NA,NA
"c073cec8dceef0023dfd9070cddfcee1","d__Eukaryota","Platyhelminthes","Rhabditophora","Tricladida","Continenticola","Continenticola","Dugesia_japonica"
"b60a3695d25284e163f5f7b917efd99b","d__Bacteria","Proteobacteria","Alphaproteobacteria","Rhodobacterales","Rhodobacteraceae","Rubellimicrobium","uncultured_Rubellimicrobium"
"373722bb2ffa9d047cc686e40cfd3473","d__Eukaryota","Diatomea","Bacillariophyceae","Bacillariophyceae","Bacillariophyceae","Navicula","Navicula_arenaria"
"a59959be6064774c1c24e0e3af901ead","d__Eukaryota",NA,NA,NA,NA,NA,NA
"e52c4fa2cb41e585a6268af7789468d4","d__Eukaryota","Ochrophyta","Chrysophyceae","P34.45","P34.45","P34.45","eukaryotic_picoplankton"
"20e1f87c2c31da2503f26b8d382297dc","d__Eukaryota","Incertae_Sedis","Incertae_Sedis","Incertae_Sedis","Incertae_Sedis","Telonema","uncultured_marine"
"bb70f5cb730409a4833cb0a4869c25bb","d__Eukaryota",NA,NA,NA,NA,NA,NA
"e85965150fc4bdcf76d89da05554f6d8","d__Eukaryota",NA,NA,NA,NA,NA,NA
"ec1356bea1d3fdfb9247202e35dafa7e","d__Eukaryota","Euglenozoa","Kinetoplastea",NA,NA,NA,NA
"cd79561fb9a0433188500cd4cddc760c","d__Eukaryota",NA,NA,NA,NA,NA,NA
"5d510559b8d22b68397d77c74d8d3206","d__Eukaryota","Ciliophora","Intramacronucleata","Conthreep","Phyllopharyngea","Tokophrya",NA
"f6056290ac9723dbb982cc047d140e6e","d__Eukaryota",NA,NA,NA,NA,NA,NA
"5c7d80c3e1f5edf6a791656aa409dd30","d__Eukaryota","Cercozoa","Imbricatea","Imbricatea","Euglyphida","Paulinella",NA
"1324cda7d3b68bfcb3c9b86142d33a09","d__Eukaryota",NA,NA,NA,NA,NA,NA
"aa9d83b237bf3fbd8ff66ae339072812","d__Eukaryota","Ochrophyta","Eustigmatophyceae","Eustigmatales","Eustigmatales","Nannochloropsis",NA
"460c6cf56f574c845e343da8e284d19f","Unassigned",NA,NA,NA,NA,NA,NA
"cb81864e60a3f76e570f6ce21dc18e74","d__Eukaryota","Vertebrata","Mammalia","Mammalia","Mammalia","Mammalia",NA
"c2f15f1968fa5a46ab573b0ab533b6f6","d__Eukaryota","Ascomycota","Leotiomycetes",NA,NA,NA,NA
"27005a27b9bb9448fc8612da0a14bb76","d__Eukaryota","Gastrotricha","Gastrotricha","Chaetonotida","Chaetonotida","Chaetonotida",NA
"2070a98940a0c788d8eb35d84ba1a3ed","d__Eukaryota","Chlorophyta","Ulvophyceae","Ulvophyceae","Ulvophyceae","Ulvophyceae",NA
"250951a7d5acee5d1462e7c2447782b2","d__Eukaryota",NA,NA,NA,NA,NA,NA
"62acd12e222f8b5f9c552a2e3e32e4af","d__Eukaryota","Ciliophora","Intramacronucleata","Conthreep","Oligohymenophorea","Peritrichia","Ophrydium_versatile"
"7b4a290ca4e6643924ee43fc3a1c4cb6","d__Eukaryota","SAR","Labyrinthulomycetes","Labyrinthulomycetes","Labyrinthulomycetes","Sorodiplophrys","Sorodiplophrys_stercorea"
"0db20f60fbdaf8505bead94ff9355588","d__Eukaryota","Ciliophora","Postciliodesmatophora","Heterotrichea","Heterotrichea","Stentor","Stentor_roeselii"
"94328e72186f99560a0e4e9d726b227f","d__Eukaryota",NA,NA,NA,NA,NA,NA
"d13389f8df4a5ec10b5d3ec0de7d542f","d__Eukaryota","Arthropoda","Insecta","Diptera","Diptera","Diptera","Rhyacophila_fasciata"
"9eab475b52eaafd35a27d62cda4e121b","d__Eukaryota",NA,NA,NA,NA,NA,NA
"4a4e92929b61e751afeb235e37373fea","d__Eukaryota",NA,NA,NA,NA,NA,NA
"f0c2420044c8b0e849fc4221e169b170","d__Eukaryota",NA,NA,NA,NA,NA,NA
"e4ed03a64a51307919bf6f671cafb963","d__Eukaryota","Chytridiomycota","Chytridiomycetes",NA,NA,NA,NA
"81058cd6c053ca9138fb0835f8ec7c52","d__Eukaryota","Incertae_Sedis","Incertae_Sedis","Incertae_Sedis","Incertae_Sedis","Telonema","uncultured_marine"
"29d8b399ae18a6e9acc03bee6c6839b0","d__Bacteria","Proteobacteria","Alphaproteobacteria","Rhizobiales","Rhizobiales_Incertae_Sedis","uncultured","uncultured_Alphaproteobacteria"
"e47fdd092c0ac73ece3d601b685fa8eb","d__Eukaryota","Holozoa","Choanoflagellida",NA,NA,NA,NA
"63168bccecd9de4b852d8f4078af407e","d__Eukaryota",NA,NA,NA,NA,NA,NA
"255c86b704a57a3c59fe02fe4885026b","d__Eukaryota",NA,NA,NA,NA,NA,NA
"9a9ab4200c40c6608c228727a241dbba","d__Bacteria",NA,NA,NA,NA,NA,NA
"0cf871d764444a8f5f943606836f7088","d__Eukaryota","Phragmoplastophyta","Embryophyta","Magnoliophyta","Magnoliophyta","Magnoliophyta",NA
"99589cb4889429cd9ef2bea4594e9512","d__Eukaryota","Ochrophyta","Chrysophyceae","Ochromonadales","Ochromonadales","Paraphysomonas","eukaryotic_picoplankton"
"f85ec1f61ab812fc127e1850b08907d7","d__Eukaryota","Cercozoa","Phytomyxea","Phytomyxea","Phytomyxea","Polymyxa","Polymyxa_graminis"
"6f16571af3515840b1a1da3e3bda5412","d__Eukaryota","Ochrophyta","Chrysophyceae","Chromulinales","Chromulinales","Chrysochaete","Chrysochaete_britannica"
"e04966e8aa5e5f6b3cfb47ae329c8a6b","d__Eukaryota",NA,NA,NA,NA,NA,NA
"1f7f05c1e7fd2084b18203c10e73de5f","Unassigned",NA,NA,NA,NA,NA,NA
"f604fd16c2ca7107c1a1b381e1976d6b","Unassigned",NA,NA,NA,NA,NA,NA
"e724b58e98821d386d77a333b8ae18cc","d__Eukaryota",NA,NA,NA,NA,NA,NA
"6b6c84f219b08fa26045a56b93af25f1","d__Eukaryota","Gastrotricha","Gastrotricha","Chaetonotida","Chaetonotida","Chaetonotida","Halichaetonotus_schromi"
"b5a3a5a085fd438c9a629c99d11bcf4a","d__Eukaryota","Euglenozoa","Kinetoplastea","Prokinetoplastina","Prokinetoplastina","Ichthyobodo","Ichthyobodo_necator"
"09dc6608dc97c4f47c86754a491b6d5c","d__Eukaryota","Chytridiomycota","Chytridiomycetes",NA,NA,NA,NA
"8ea9fa68457bac9c7bdcbfaed09c7c29","d__Eukaryota","Arthropoda","Ostracoda","Podocopida","Podocopida","Podocopida","Candonidae_sp."
"41b7b85730d87cc3f554b1741b274ff2","d__Eukaryota","Ciliophora","Intramacronucleata","Spirotrichea","Euplotia","Euplotes",NA
"e0dfe3ea4757d74fb9d42df52bbece17","d__Eukaryota","Diatomea","Bacillariophyceae","Bacillariophyceae","Bacillariophyceae","Sellaphora",NA
"bc92e443f88fd2022a80448cc297b053","d__Eukaryota","Basidiomycota","Pucciniomycetes","Pucciniales","Pucciniaceae","Puccinia","Gadus_morhua"
"4787b51b7a356ca66d94ac5351d0ad3d","d__Eukaryota",NA,NA,NA,NA,NA,NA
"562209fef41c38603e65751364562bb0","d__Bacteria","Verrucomicrobiota","Verrucomicrobiae",NA,NA,NA,NA
"70ba407572acd8f0fb434c99e8b8aeb6","d__Eukaryota","Basidiomycota","Tremellomycetes",NA,NA,NA,NA
"30c7f9cd019868896c23ae5f10db9ea6","d__Eukaryota",NA,NA,NA,NA,NA,NA
"fdd614ba0f96d7fa2e23b747dd93ded4","d__Eukaryota","Basidiomycota","Agaricomycetes",NA,NA,NA,NA
"dfb1e59829026799f7dad56aacfedc52","d__Eukaryota","Ochrophyta","Chrysophyceae",NA,NA,NA,NA
"c8114e2d9c91f820773c93d2404b1f1b","d__Eukaryota","Ochrophyta","Eustigmatophyceae","Eustigmatales","Eustigmatales","Nannochloropsis",NA
"62705e708fe365841813a0172be78e81","d__Eukaryota",NA,NA,NA,NA,NA,NA
"1bfa2638494037a2712c94273b2c022a","d__Eukaryota",NA,NA,NA,NA,NA,NA
"d6df6e24f966929d493763a120107e89","d__Eukaryota","Ascomycota","Leotiomycetes",NA,NA,NA,NA
"d09c9b69448365ac9e540caf29a49863","d__Eukaryota",NA,NA,NA,NA,NA,NA
"ae54ab0ef824845101dee00c4550b574","d__Eukaryota","Cercozoa","Cercomonadidae","Cercomonadidae","Cercomonadidae","Paracercomonas","metagenome"
"df57e2cf88ced2c84dce0645312399ea","d__Eukaryota","Annelida","Clitellata","Haplotaxida","Haplotaxida","Haplotaxida","Stylaria_sp."
"db1227be23330598c8c461d18e691d21","d__Eukaryota","Arthropoda","Insecta","Diptera","Diptera","Diptera","Rhyacophila_fasciata"
"bd7204ed9fa9f67927a3aca7d96e7dcf","d__Eukaryota","Ciliophora","Intramacronucleata","Spirotrichea","Hypotrichia","Hypotrichia",NA
"a40a7b27f6337db871fde626addd3326","d__Eukaryota","Ciliophora","Intramacronucleata","Conthreep","Oligohymenophorea","Tetrahymena",NA
"48bd9ba24afe9154ad9e9b3641645161","Unassigned",NA,NA,NA,NA,NA,NA
"f37a6509990d6bd684637082d97a61be","d__Eukaryota","Ciliophora","Intramacronucleata","Conthreep","Oligohymenophorea","Paramecium",NA
"1b2c1b57ad3719147a58a6032907a549","d__Eukaryota","Diatomea","Bacillariophyceae","Bacillariophyceae","Bacillariophyceae",NA,NA
"a465a64ddb4a18dcd4c5be2485573b78","d__Eukaryota","Cnidaria",NA,NA,NA,NA,NA
"a5ab7b51813a50531714cb6a2b39851f","d__Eukaryota",NA,NA,NA,NA,NA,NA
"43cdeb5338230b1ce72be1454c326039","d__Eukaryota","Ciliophora","Intramacronucleata","Conthreep","Oligohymenophorea",NA,NA
"55b1b4b7c2391b9b7b66d4bef1bb58cb","d__Eukaryota","Peronosporomycetes","Peronosporomycetes","Peronosporomycetes","Peronosporomycetes","Peronosporomycetes","Saprolegnia_ferax"
"13eb5e83d1daf6d9f3230d85a85187b4","d__Eukaryota",NA,NA,NA,NA,NA,NA
"75caa6a5956ec6a5af94315c3b481f8b","d__Bacteria","Proteobacteria","Gammaproteobacteria",NA,NA,NA,NA
"297fd035a69668e2f98dd4524debcd7a","d__Eukaryota","Euglenozoa","Kinetoplastea",NA,NA,NA,NA
"a6241c0b06f5e767b773bbe7c9055229","d__Eukaryota","Ochrophyta","Eustigmatophyceae","Eustigmatales","Eustigmatales","Nannochloropsis",NA
"24697c60e329afb82b81ecacfdc27fef","d__Eukaryota",NA,NA,NA,NA,NA,NA
"5b77ade0715c4838d5c7b3e71d0c0507","d__Eukaryota","Phragmoplastophyta","Embryophyta","Magnoliophyta","Magnoliophyta","Magnoliophyta",NA
"65c93443d6bae1a01fbb125d2416d626","d__Eukaryota","Arthropoda","Insecta","Diptera","Diptera","Diptera","Chironomus_tentans"
"c73faafca82bc25ead820ae18151a869","d__Eukaryota","Gastrotricha","Gastrotricha","Chaetonotida","Chaetonotida","Chaetonotida",NA
"f3e3d3e17e871f72f00f352649da2941","d__Eukaryota",NA,NA,NA,NA,NA,NA
"5cfe2930cec94dbd853d18905b762e23","d__Eukaryota",NA,NA,NA,NA,NA,NA
"e2253773bf17d8a3878a99f947439d46","d__Eukaryota","Tardigrada","Eutardigrada","Parachela","Parachela","Parachela","Hypsibius_dujardini"
"db490045a81b59a7bc7e71e6e3a1de67","d__Eukaryota","Ciliophora","Intramacronucleata","Spirotrichea","Hypotrichia",NA,NA
"6dd7800316bc32b5026290d1ae3b30db","d__Eukaryota",NA,NA,NA,NA,NA,NA
"f76fcb82447fb1687981c589b043a1e6","d__Eukaryota","Peronosporomycetes","Peronosporomycetes","Peronosporomycetes","Peronosporomycetes",NA,NA
"7abd77a62944ffbed6af3a8002728dc7","d__Bacteria",NA,NA,NA,NA,NA,NA
"a4f78b10f4e3eacfd761c355b782d721","d__Eukaryota","Amoebozoa","Discosea","Discosea","Discosea","Discosea","metagenome"
"7d10762e27eca6d479871a9ae7a4a6fb","d__Eukaryota",NA,NA,NA,NA,NA,NA
"f2e7166c8d875c5c8e77eca3a15fd758","d__Eukaryota","Arthropoda","Insecta","Diptera","Diptera","Diptera","Ablabesmyia_rhamphe"
"6c9196e45eb82b138990d47ce9128c27","d__Eukaryota",NA,NA,NA,NA,NA,NA
"19a3881e5246ea8c428c6c7936f148ab","d__Eukaryota",NA,NA,NA,NA,NA,NA
"06660aea629ca92bbfab7b39dd0e15e6","d__Eukaryota","Vertebrata","Actinopterygii","Teleostei","Teleostei","Teleostei",NA
"b7c219abf253bf26c3e9215297a911be","d__Eukaryota","Platyhelminthes","Rhabditophora","Rhabdocoela","Neodalyellida","Neodalyellida","Microdalyellia_armigera"
"50ea72827df3add968e562754ec806d7","d__Eukaryota","Ciliophora","Intramacronucleata","Conthreep","Prostomatea","Placus","Placus_salinus"
"51ba87e6b9808fb1e9f2f2d55b97af4f","d__Eukaryota","Centrohelida","Centrohelida","Centrohelida",NA,NA,NA
"e5fc8435d5e52bead4e97191d813b324","d__Eukaryota",NA,NA,NA,NA,NA,NA
"576212265c5c4331bffcaa78c975fdea","d__Eukaryota","Chytridiomycota","Chytridiomycetes",NA,NA,NA,NA
"4b698d77b2970e2f743705f60dcfe9f8","d__Eukaryota","Phragmoplastophyta","Embryophyta",NA,NA,NA,NA
"c084967ff462ca10ff3e16697ee65962","d__Eukaryota",NA,NA,NA,NA,NA,NA
"b44dd125855c42638a01986a77de6dc5","d__Eukaryota",NA,NA,NA,NA,NA,NA
"1693be7884ee02fd5bddaa3e03634432","d__Eukaryota","Chlorophyta","Chlorophyceae","Sphaeropleales","Sphaeropleales","Mychonastes","uncultured_Chlorophyta"
"c8f54f9c43673cb24dc4b318fac4f9f9","d__Eukaryota","Gastrotricha","Gastrotricha","Chaetonotida","Chaetonotida","Chaetonotida","uncultured_eukaryote"
"99b3f8ee9a1d61b2880e08643b323f5e","d__Eukaryota",NA,NA,NA,NA,NA,NA
"c243543ca49609a5c5d1246f526b3be1","d__Eukaryota",NA,NA,NA,NA,NA,NA
"78a183ffc3874237ee21ca8de00c27e5","d__Eukaryota",NA,NA,NA,NA,NA,NA
"5085268c2935643543655ec7cb87e979","Unassigned",NA,NA,NA,NA,NA,NA
"0e2ef2b009657798a4f21f2fe6199aa3","d__Eukaryota",NA,NA,NA,NA,NA,NA
"7c16bc3e3346d4aa1ecc55e80626fb4a","d__Eukaryota",NA,NA,NA,NA,NA,NA
"1774d46dbc9a89e3914d8c5a06b5657d","d__Eukaryota","Ciliophora","Intramacronucleata","Conthreep","Oligohymenophorea","Peritrichia","Ophrydium_versatile"
"fe4e0794882345b170538abee1431fc5","d__Eukaryota","Basidiomycota","Microbotryomycetes","Sporidiobolales","Sporidiobolaceae","Rhodotorula",NA
"59bc00904f5c727563b35dd46a21994d","d__Eukaryota","Cercozoa","uncultured","uncultured","uncultured","uncultured","uncultured_Cercozoa"
"98ba944218dc6acc55636c94c2c3c0b6","d__Bacteria","Proteobacteria","Alphaproteobacteria","Acetobacterales","Acetobacteraceae","Roseomonas","Roseomonas_mucosa"
"4394f5e6e0b43b1541bedf8c670520b6","d__Eukaryota","Ochrophyta","Chrysophyceae","Chrysophyceae","Chrysophyceae","Chrysophyceae","Hydrurus_foetidus"
"0489ed83521a3432d207cfa01d5e9ac8","d__Eukaryota","Euglenozoa","Kinetoplastea","Prokinetoplastina","Prokinetoplastina","Ichthyobodo","Ichthyobodo_necator"
"c6124cf07983fb51de7dda8fa67dd6a4","d__Eukaryota",NA,NA,NA,NA,NA,NA
"2e1c356aa0c88faa997222318cec6ec5","d__Eukaryota","Euglenozoa","Kinetoplastea",NA,NA,NA,NA
"a37c4e822215c0bb5a1b755dae3168b3","d__Eukaryota","Phragmoplastophyta","Embryophyta",NA,NA,NA,NA
"f7f510c84fd7662edb2d96cd3618192d","d__Eukaryota","Rotifera","Bdelloidea","Adinetida","Adinetida","Adinetida",NA
"2cb308bbfebd3993148f2009b16043c7","d__Eukaryota",NA,NA,NA,NA,NA,NA
"d14e0bb3ad25fdeaddaa8df13e47f22c","d__Bacteria","Proteobacteria","Alphaproteobacteria",NA,NA,NA,NA
"4ae52f836a6dd98457f98427e588f760","d__Eukaryota",NA,NA,NA,NA,NA,NA
"5b1928649f7654ec42baf523315a7919","d__Eukaryota","Ascomycota","Leotiomycetes","Helotiales","Sclerotiniaceae",NA,NA
"1fc2dcbf8b3e01bcd95caa0dbffab0bd","d__Eukaryota",NA,NA,NA,NA,NA,NA
"58835a149980a9a65b98e5c03a0f57c4","d__Eukaryota",NA,NA,NA,NA,NA,NA
"7db623014b78af96958eb6082e6f37a7","d__Eukaryota","Holozoa","Choanoflagellida","Craspedida","Salpingoecidae","Salpingoecidae","metagenome"
"d9ba7af77ae66b898fb2b5848b9c5618","d__Eukaryota",NA,NA,NA,NA,NA,NA
"78e1f7abb299839f310785df7779e416","d__Eukaryota",NA,NA,NA,NA,NA,NA
"d6f0c1f2fdf337598f5d9672a5d2185e","d__Eukaryota",NA,NA,NA,NA,NA,NA
"128077afa007594f18bfabc7edee3d86","d__Eukaryota",NA,NA,NA,NA,NA,NA
"4cc9180168ff7e8386798376b6ec9e34","d__Eukaryota",NA,NA,NA,NA,NA,NA
"c2198dcba8a1be70011e7020d196c6cb","d__Eukaryota",NA,NA,NA,NA,NA,NA
"ce419fbc2b257e2173572bf3e5a9b61f","d__Eukaryota",NA,NA,NA,NA,NA,NA
"1d0c740bec41d761a6c67ddcb4d430bf","d__Eukaryota","Chlorophyta","Trebouxiophyceae","Trebouxiophyceae","Trebouxiophyceae","Trebouxiophyceae",NA
"a2dddf7b57daaa203c67cfb50212cea3","d__Eukaryota","Ciliophora","Intramacronucleata","Litostomatea","Haptoria","Didinium",NA
"de34d27902451776d63e0e2fb20a385e","d__Eukaryota",NA,NA,NA,NA,NA,NA
"35f42d94ba6117939bfd13ac4e228b3f","d__Eukaryota",NA,NA,NA,NA,NA,NA
"bb44ba2b4235de541f5be8e0427bb8d0","d__Eukaryota",NA,NA,NA,NA,NA,NA
"2bf0e1160e846826e7dc69f1e92a0bd7","d__Eukaryota",NA,NA,NA,NA,NA,NA
"3d2002b5f90d9e0ee116c169e2b9788a","d__Eukaryota","SAR","Labyrinthulomycetes","Labyrinthulomycetes","Labyrinthulomycetes","Sorodiplophrys","Sorodiplophrys_stercorea"
"efda0cb94f7f9f40f531befc69ae9494","d__Eukaryota","Chytridiomycota","Chytridiomycetes","Chytridiales",NA,NA,NA
"0ab7bd1dc0a66a1c63f056d76298b8f7","d__Eukaryota","Ascomycota","Leotiomycetes","Helotiales",NA,NA,NA
"af41941aeab0a640b81d6169393324b7","d__Eukaryota","Ciliophora","Intramacronucleata","Conthreep",NA,NA,NA
"461aeb9a92a21bbc127b5e8c87b14dab","d__Eukaryota",NA,NA,NA,NA,NA,NA
"f6ddd75d81c85cc41a9d92597ad38760","d__Eukaryota",NA,NA,NA,NA,NA,NA
"66bfb74108e321e60cb6d9beccaa9224","d__Eukaryota",NA,NA,NA,NA,NA,NA
"91b7c0ee4630f070cca353734f76bfc5","d__Eukaryota","Chytridiomycota","Chytridiomycetes",NA,NA,NA,NA
"a15dc335e87e30220f0110002480f333","d__Eukaryota",NA,NA,NA,NA,NA,NA
"ca9a1f83ae0cfd3dd393e75d7900836a","d__Eukaryota",NA,NA,NA,NA,NA,NA
"dc6381742929ba27da39d64e472191e0","d__Eukaryota","Mollusca","Gastropoda","Heterobranchia","Heterobranchia","Heterobranchia",NA
"e05febd183e64508408de1c1052d7a94","d__Eukaryota","Chlorophyta","Chlorophyceae","Chlorophyceae","Chlorophyceae","Chlorophyceae","Stigeoclonium_farctum"
"c8b6f793d7ff82988da8bfb9c6b3295e","d__Eukaryota","Apicomplexa","Conoidasida","Gregarinasina",NA,NA,NA
"72542a8f2f872f536a20b306c3448aa3","d__Eukaryota",NA,NA,NA,NA,NA,NA
"fc607193106d12e52ec44e18186bc9f7","d__Eukaryota","Arthropoda","Insecta","Diptera","Diptera","Diptera","Chironomus_tentans"
"bc9eb1c60cdd255a6f1c55e2c242a089","d__Eukaryota",NA,NA,NA,NA,NA,NA
"35ff07405c03a345199ff93c257ebdf2","d__Eukaryota","Ciliophora","Intramacronucleata","Spirotrichea","Hypotrichia","Hypotrichia",NA
"c56223bdfad734c31b94ea407483c2ce","d__Eukaryota","Ciliophora","Postciliodesmatophora","Heterotrichea","Heterotrichea","Stentor","Stentor_roeselii"
"854de38a62ae34eb7ae5dd114fb84b02","d__Eukaryota","Euglenozoa","Kinetoplastea","Parabodonida","Parabodonida","Parabodo","Neobodo_curvifilus"
"a2b1f3cb67b44519b9a576c5f0752bed","d__Eukaryota","Phragmoplastophyta","Embryophyta","Magnoliophyta","Magnoliophyta","Magnoliophyta",NA
"857634ee53587ad1c54e1a93214bf1c2","d__Eukaryota","Ciliophora","Intramacronucleata","Conthreep","Oligohymenophorea","Histiobalantium","Histiobalantium_minor"
"bcc97a047f3cd94a04e64b28a9c163ba","d__Eukaryota",NA,NA,NA,NA,NA,NA
"94aa6e8248873940acc1290f55f5966f","Unassigned",NA,NA,NA,NA,NA,NA
"a1b2351c7878d8c3eda84ea4c724bf54","d__Eukaryota","Ochrophyta","Chrysophyceae",NA,NA,NA,NA
"1ceff6cdb4833c9515b8e50cb9c73199","d__Eukaryota",NA,NA,NA,NA,NA,NA
"065ba359e5d247b1b5099adf65cac4eb","d__Eukaryota","Diatomea",NA,NA,NA,NA,NA
"7cb9406d09da39683f9fbd3bf632116d","d__Eukaryota",NA,NA,NA,NA,NA,NA
"297213609f8e858b827f003916f641e1","d__Eukaryota","Ochrophyta","Chrysophyceae","Ochromonadales","Ochromonadales","Paraphysomonas","eukaryotic_picoplankton"
"4c74651b49899a59cfa51cbd0c8a1100","d__Eukaryota",NA,NA,NA,NA,NA,NA
"9012dc98f34ce97497d82dd1e4379564","d__Eukaryota",NA,NA,NA,NA,NA,NA
"21c076ddf29808c1591b74c97b9f32b7","d__Eukaryota",NA,NA,NA,NA,NA,NA
"ab017185fa5a6d5ba542a9678d0bd340","d__Eukaryota","SAR","Labyrinthulomycetes","Labyrinthulomycetes","Labyrinthulomycetes","Sorodiplophrys","Sorodiplophrys_stercorea"
"59c24f8787adf77223369fa23a3fc3e7","d__Eukaryota","Ciliophora","Intramacronucleata","Spirotrichea","Hypotrichia",NA,NA
"971f7ceac587700257bafd81ab703bca","d__Eukaryota","Vertebrata","Mammalia","Mammalia","Mammalia","Mammalia",NA
"3310153aff8d00b3d5dd5e6b8e9afebe","d__Eukaryota","Ascomycota",NA,NA,NA,NA,NA
"08aebb0b2757b96a9588bfe60a04988f","d__Eukaryota",NA,NA,NA,NA,NA,NA
"229ce6ffd72fa45fc352230d34d3c679","d__Bacteria","Myxococcota","Polyangia","Haliangiales","Haliangiaceae","Haliangium","uncultured_sludge"
"831ae05a5452d0e7dab0092858ff4ed8","d__Eukaryota","Arthropoda","Insecta","Diptera","Diptera","Diptera","Rhyacophila_fasciata"
"91ec31c52a09fe96eada664b927417ae","d__Eukaryota",NA,NA,NA,NA,NA,NA
"1fd762f55be733d89df59f8eef535072","d__Eukaryota","Ciliophora","Intramacronucleata","Conthreep","Phyllopharyngea","Tokophrya",NA
"b06b1d51e556e5e784b7a2fb8269c577","d__Eukaryota","Chlorophyta","Ulvophyceae","Ulvophyceae","Ulvophyceae","Ulvophyceae",NA
"c3ca7c1cf1f260bdc3337820fe5d5b94","d__Eukaryota","Basidiomycota","Tremellomycetes","Tremellales",NA,NA,NA
"a134ff6a38fc1d7ae509dced2336d7d6","d__Eukaryota",NA,NA,NA,NA,NA,NA
"48f846907f19fe119456d2f5c772b479","d__Eukaryota",NA,NA,NA,NA,NA,NA
"8bc4f3176214713ccd3dd17d398503f8","d__Eukaryota","Ascomycota","Leotiomycetes","Helotiales","Helotiales","Hymenoscyphus","Hymenoscyphus_fructigenus"
"4dab2618088157cf86848cd03dfdff2f","d__Eukaryota","Ochrophyta","Chrysophyceae",NA,NA,NA,NA
"f7b3936d8a598df286f62931714f14c5","d__Eukaryota",NA,NA,NA,NA,NA,NA
"23a42b2a86b06252cc868cc16651fd62","d__Eukaryota",NA,NA,NA,NA,NA,NA
"5089f0fab161b47346a93e90f332dbda","d__Eukaryota","Cercozoa","Incertae_Sedis","Incertae_Sedis","Incertae_Sedis","Gymnophrys","uncultured_freshwater"
"48b67227580543e919c550397d45c53e","d__Eukaryota","Amoebozoa","Tubulinea","Arcellinida","Arcellinida","Arcellinida","metagenome"
"d8a8682cbcb5c82bd3eb0fb460c069bc","d__Eukaryota","Ochrophyta","Chrysophyceae","Chrysophyceae","Chrysophyceae","Chrysophyceae","Hydrurus_foetidus"
"c9242bce6ec8a10f5dfa4e8cc928f47d","d__Eukaryota","Ochrophyta","Chrysophyceae","Chromulinales","Chromulinales","Poteriospumella",NA
"66ed825352e1f9f139d67f80158acced","Unassigned",NA,NA,NA,NA,NA,NA
"c0edc177685892d77ba034be79f17674","d__Eukaryota","Chlorophyta","Trebouxiophyceae","Trebouxiophyceae","Trebouxiophyceae","Trebouxiophyceae","Spongiococcum_tetrasporum"
"9a5980483362dda66b2a90600e786f27","d__Eukaryota",NA,NA,NA,NA,NA,NA
"0865a73d2a9711f0d660043f45c6b1d9","d__Eukaryota","Ciliophora","Intramacronucleata",NA,NA,NA,NA
"0de62393884b69531eac6148932b003b","d__Eukaryota",NA,NA,NA,NA,NA,NA
"0dff63a6764ab84e44b3cd851de3bcc7","Unassigned",NA,NA,NA,NA,NA,NA
"6fa6f2e49ecd36fbecd54e9aa0989395","d__Eukaryota",NA,NA,NA,NA,NA,NA
"3bfd1425903ea77a602ac2235f7761a9","d__Eukaryota","Diatomea","Coscinodiscophytina","Fragilariales","Fragilariales","Ulnaria","Synedra_angustissima"
"b13e6f8b19829087872ad8f9f5c851d4","d__Eukaryota","Euglenozoa","Kinetoplastea",NA,NA,NA,NA
"f6e944bbe8a423b693d3b6f3d1e0e190","d__Eukaryota","Chlorophyta","Trebouxiophyceae","Trebouxiophyceae","Trebouxiophyceae","Trebouxiophyceae","Chloroidium_saccharophilum"
"07f89039138930e28538b8cc6cf29e13","d__Archaea","Nanoarchaeota","Nanoarchaeia","Woesearchaeales",NA,NA,NA
"6a4e78fab2ea73ba05c0fc426f250c77","d__Eukaryota","Ciliophora","Intramacronucleata","Spirotrichea","Hypotrichia","Hypotrichia",NA
"c1a833a726258ed22b6e57ce27294242","d__Bacteria","Proteobacteria","Gammaproteobacteria","Burkholderiales","MWH-UniP1_aquatic_group","MWH-UniP1_aquatic_group","uncultured_bacterium"
"f91add6aab01e907e0b4a812fa86185d","d__Eukaryota","Chytridiomycota","Chytridiomycetes",NA,NA,NA,NA
"1de30db6651e3ae9e31bd111388b1f69","d__Eukaryota",NA,NA,NA,NA,NA,NA
"733a22d15dd04dd881534b5b5bf72add","d__Eukaryota","Nucleariidae_and_Fonticula_group","Nucleariidae_and_Fonticula_group","Nucleariidae_and_Fonticula_group","Nucleariidae","Nuclearia","metagenome"
"615ba54c4ec9714050eedf93ee4aa38a","d__Eukaryota","Peronosporomycetes","Peronosporomycetes","Peronosporomycetes","Peronosporomycetes","Aphanomyces","Aphanomyces_astaci"
"372f91fda70238352a7574df7ff2bdee","d__Eukaryota","Arthropoda","Insecta","Diptera","Diptera","Diptera","Psychoda_alternata"
"7ee2df3d7e5c42101f008b3e2e9a6da4","d__Eukaryota","Nematozoa","Chromadorea","Monhysterida","Monhysterida","Monhysterida","Tridentulus_sp."
"a956789fbc5f100d1bc5a7776caf5946","d__Eukaryota",NA,NA,NA,NA,NA,NA
"6c8bb9ce4d44bc92d07e852e329c439e","Unassigned",NA,NA,NA,NA,NA,NA
"df6c76a88a00998d7b3189b8dbe92f5f","d__Eukaryota",NA,NA,NA,NA,NA,NA
"4dbe6ca43d8a1813bbe292c02134cffc","d__Eukaryota","Euglenozoa","Kinetoplastea","Parabodonida","Parabodonida","Parabodo","Neobodo_curvifilus"
"ff845a00091fce090663669ab352d557","d__Eukaryota",NA,NA,NA,NA,NA,NA
"f0dd673d7e7b8285741882a8d134ac1b","d__Eukaryota","SAR","Labyrinthulomycetes","Labyrinthulomycetes","Labyrinthulomycetes","Sorodiplophrys","Sorodiplophrys_stercorea"
"8a251d476b4e21bb385f4f97fb8afe03","d__Eukaryota",NA,NA,NA,NA,NA,NA
"6a149096bbf56f4fcb52ab892ead8781","d__Eukaryota","Cercozoa","Novel_Clade_12","Novel_Clade_12","Novel_Clade_12","Novel_Clade_12","uncultured_freshwater"
"018161147440aca2e40f11ef26bedca4","d__Eukaryota",NA,NA,NA,NA,NA,NA
"36c1841007f0037fa900092d88201708","d__Eukaryota","Amoebozoa","Discosea","Dactylopodida","Dactylopodida","Korotnevella","Korotnevella_stella"
"74e877140b43183afea1cc447cf53e99","d__Eukaryota",NA,NA,NA,NA,NA,NA
"53b8b2697919a75646105c58d4bf0386","d__Eukaryota",NA,NA,NA,NA,NA,NA
"25b2c90eec706839f9d3e2b1d2186559","d__Eukaryota","Chytridiomycota","Chytridiomycetes",NA,NA,NA,NA
"d0f9bcc2e17d242e0d4e9781a9a92086","d__Eukaryota","Rotifera","Monogononta","Ploimida","Ploimida","Ploimida",NA
"b014947276ff77ee02e4db6dac65b361","d__Eukaryota",NA,NA,NA,NA,NA,NA
"03afd52894f4d7c801509e84f9ad8533","d__Eukaryota","Chlorophyta","Ulvophyceae","Ulvophyceae","Ulvophyceae","Ulvophyceae","Hazenia_basiliensis"
"7b741a49b75c43e9c006421c0be0d196","d__Eukaryota","Diatomea","Bacillariophyceae","Bacillariophyceae","Bacillariophyceae","Pinnularia","Eunotia_sp."
"27c40015cc8e3afbd94efbf6617243f7","d__Eukaryota","Mollusca","Gastropoda","Heterobranchia","Heterobranchia","Heterobranchia",NA
"ac7eeb15d1784ac49b4ac5a665396d55","d__Eukaryota",NA,NA,NA,NA,NA,NA
"b7196faff384fc7e34c4eee4d6adeaf2","d__Eukaryota",NA,NA,NA,NA,NA,NA
"d0fbbc00cf0e8bc1db9f5fc9fb22c93e","d__Eukaryota",NA,NA,NA,NA,NA,NA
"fb2bdccd3d7736d0e14422b3ffab0430","d__Eukaryota",NA,NA,NA,NA,NA,NA
"23bcef24fd63b7a7eccf8c4bbaf23347","d__Eukaryota","Ciliophora","Intramacronucleata","Conthreep","Oligohymenophorea","Peritrichia",NA
"baa6985ca56165e01eef44c0361c3274","d__Eukaryota","Cercozoa","Cercomonadidae","Cercomonadidae","Cercomonadidae","Cercomonas","Cercomonas_pellucida"
"1acb0e0ef310c46fbd0de79235f9250a","d__Eukaryota",NA,NA,NA,NA,NA,NA
"a42a62e1d57ee9b14eaa33b76c0bf1b7","d__Eukaryota",NA,NA,NA,NA,NA,NA
"58484467242736ede207857a50d85dee","d__Eukaryota","LKM15","LKM15","LKM15","LKM15","LKM15",NA
"79f886811cb4a869d3b0fd5276a37dce","d__Eukaryota","Phragmoplastophyta","Embryophyta","Magnoliophyta","Magnoliophyta","Magnoliophyta",NA
"e71acc50863d1d9070ed7dc1bad32ddc","d__Eukaryota","Chytridiomycota","Chytridiomycetes","Rhizophydiales","Rhizophydiales","Rhizophydiales","uncultured_eukaryote"
"b6013796f1712c4ad359745daa90ecef","d__Eukaryota",NA,NA,NA,NA,NA,NA
"2bce439681a5e08caf8515159e1944fb","d__Eukaryota","Prymnesiophyceae","Prymnesiophyceae","Isochrysidales","Isochrysidales","ESS2202","uncultured_Emiliania"
"1bc29fac0ca64db756990b6af0c04420","d__Eukaryota",NA,NA,NA,NA,NA,NA
"e766b831fce380d9b40f17c8f2eef5a3","d__Eukaryota","Centrohelida","Centrohelida","Centrohelida",NA,NA,NA
"cecf61779855f37460691e0ecb914bbb","d__Eukaryota","Ochrophyta","Dictyochophyceae","Pedinellales","Pedinellales","Pteridomonas","Pteridomonas_danica"
"9e7e5726d07dd705d22034d1ea0282e0","d__Eukaryota","Euglenozoa","Kinetoplastea",NA,NA,NA,NA
"51e7b94c97f5cddd323124dc86300dbf","d__Bacteria","Proteobacteria","Alphaproteobacteria","Rhodobacterales","Rhodobacteraceae",NA,NA
"85307a4156e776627ebb33cfa38b8574","d__Eukaryota","Ciliophora","Intramacronucleata","Spirotrichea","Hypotrichia",NA,NA
"5f1a012bf22032850950b660053f1dda","d__Eukaryota","Heterolobosea","Tetramitia","Tetramitia","Tetramitia","Vahlkampfia","Vahlkampfia_avara"
"e93c4742115fe88929bf8eaf2d441fe8","d__Eukaryota","Holozoa","Ichthyosporea","Rhinosporideacae","Rhinosporideacae","Rhinosporideacae","Amphibiocystidium_ranae"
"361e5f3394db59251a1e881d593c92ff","d__Eukaryota","Ciliophora","Intramacronucleata","Conthreep",NA,NA,NA
"1089dd887bd12ba43e0ae8a893dc0af3","d__Eukaryota","Chytridiomycota","Chytridiomycetes",NA,NA,NA,NA
"ccdeebfb6f17797dc723dcfeb49a43f2","d__Eukaryota",NA,NA,NA,NA,NA,NA
"de9ff505d51de74d5bcca8d06ae10d57","d__Eukaryota","Chytridiomycota","Chytridiomycetes","Chytridiales","Incertae_Sedis","Incertae_Sedis","uncultured_Chytridiomycota"
"9a2260953ab9414aeeb771925341c1a4","d__Eukaryota","Cercozoa","uncultured","uncultured","uncultured","uncultured","uncultured_Cercozoa"
"15b83db10f091a6387c36926b7961f56","d__Bacteria","Verrucomicrobiota","Verrucomicrobiae","Opitutales","Opitutaceae",NA,NA
"dcb1f12ad72e97abf9d4353eed896fa5","d__Eukaryota","Ochrophyta","Chrysophyceae","Chromulinales","Chromulinales","Chrysochaete","Chrysochaete_britannica"
"eeb900304c36e7b2fa4a5dbbe8f3b1f0","d__Eukaryota",NA,NA,NA,NA,NA,NA
"098e216027b530c501ff9ff0837a2c3a","d__Eukaryota","Ochrophyta",NA,NA,NA,NA,NA
"c1e0d15619d7671b24cfa6c73abfb3d0","d__Eukaryota",NA,NA,NA,NA,NA,NA
"10c6c3b7c0e41a5177bdaaf12196c2c5","d__Eukaryota","Ascomycota",NA,NA,NA,NA,NA
"cde0b0f8422b415a984504eb98299602","d__Eukaryota","Vertebrata","Mammalia","Mammalia","Mammalia","Mammalia",NA
"157bc9d3477e0ec8f917ca6a2eb8167d","Unassigned",NA,NA,NA,NA,NA,NA
"814124a9b40e6542d21c5fd152fb6bb9","d__Bacteria","Verrucomicrobiota","Verrucomicrobiae","Opitutales","Puniceicoccaceae",NA,NA
"0febde8dfc97fa1197353c91bfd610e3","d__Eukaryota","Ciliophora","Intramacronucleata","Conthreep","Oligohymenophorea","Tetrahymena",NA
"c8929d76b3dc593818f21cb1bbb79c1d","d__Eukaryota","Ascomycota","Leotiomycetes","Helotiales","Helotiaceae","Holwaya","Holwaya_mucida"
"638447f339a08e7c3baff8c3effdf38f","d__Eukaryota",NA,NA,NA,NA,NA,NA
"baa8e840d41a3a9a15e20cc893e16524","d__Eukaryota",NA,NA,NA,NA,NA,NA
"5a5d72b97e4f4374b7ddf3004154da59","d__Eukaryota","Euglenozoa","Kinetoplastea","Prokinetoplastina","Prokinetoplastina","Ichthyobodo","Ichthyobodo_necator"
"8dd1ac432d82d01b52692b5a55dfc6ed","d__Eukaryota","Phragmoplastophyta","Embryophyta","Magnoliophyta","Magnoliophyta","Magnoliophyta",NA
"5edb592f3c97467c9692511ff0f36642","d__Eukaryota","Annelida","Clitellata","Haplotaxida","Haplotaxida","Haplotaxida","Stylaria_sp."
"ccd6af1535a310ac14b3a10c417769e1","d__Eukaryota",NA,NA,NA,NA,NA,NA
"4994606922b226d3dab6869ecf617c3f","d__Eukaryota","Ciliophora","Intramacronucleata","Conthreep","Oligohymenophorea",NA,NA
"06d999edde7e9b859d2108e833816cde","d__Eukaryota",NA,NA,NA,NA,NA,NA
"206262538077f7f7bdad9a9f6ea1e95b","d__Eukaryota",NA,NA,NA,NA,NA,NA
"7f4986a304d87dcf9474a74486414565","d__Eukaryota","Chytridiomycota","Chytridiomycetes","Cladochytriales","Nowakowskiellaceae","Nowakowskiella","Nowakowskiella_elegans"
"7c047829ebd8ece3a9ca06504d930695","d__Bacteria","Proteobacteria","Gammaproteobacteria",NA,NA,NA,NA
"f1ce6247414d58dbd5fe54abba1be4df","d__Eukaryota",NA,NA,NA,NA,NA,NA
"77712e146d229caaf9bbb0eb05a0754c","d__Eukaryota","Amoebozoa","Discosea","Dactylopodida","Dactylopodida",NA,NA
"b0b2de994f08fd1b45fcf6dfb820ad0e","d__Eukaryota","Ochrophyta","Chrysophyceae",NA,NA,NA,NA
"75a174c8bc09e1a637a61faf200ebabb","d__Eukaryota","Bicosoecida","Bicosoecida","Bicosoecida","Bicosoecida","Bicosoecida","uncultured_stramenopile"
"5cf2a51619deb753e2273473f65b3a58","d__Bacteria",NA,NA,NA,NA,NA,NA
"38ae2b068f4ebf461d1e518df0e02a6e","d__Eukaryota","Ciliophora","Intramacronucleata","Litostomatea",NA,NA,NA
"a6269abb74e4fa4d44e479f939ba3b13","d__Eukaryota","Arthropoda","Insecta","Plecoptera","Plecoptera","Plecoptera","Amphinemura_nigritta"
"2d4d8e7ab74f66b279c439fbb96f53d5","d__Eukaryota","Basidiomycota",NA,NA,NA,NA,NA
"05a30b894f5c106a5c175cc8fabb5f46","d__Eukaryota","Ciliophora","Intramacronucleata","Spirotrichea","Choreotrichia","Tintinnidium",NA
"ce16793dbecec36138d38a06d0386ba9","d__Eukaryota","Platyhelminthes",NA,NA,NA,NA,NA
"98366878cae2652fff5c6272251e0edb","d__Eukaryota","Gastrotricha","Gastrotricha","Chaetonotida","Chaetonotida","Chaetonotida",NA
"ee555528e7a7a94004deb4133cc8e044","d__Eukaryota","Cercozoa","uncultured","uncultured","uncultured","uncultured","uncultured_Cercozoa"
"3cc88788f84455ee69c2ce0573e81352","d__Eukaryota","Cercozoa","Thecofilosea","Cryomonadida",NA,NA,NA
"fcc2a59c711858fa339e90867ea397b7","d__Eukaryota",NA,NA,NA,NA,NA,NA
"b287ab74ded4ea3bd1cb43ca02892c63","d__Eukaryota","Florideophycidae","Nemaliophycidae","Nemaliophycidae","Nemaliophycidae","Nemaliophycidae","Nothocladus_nodosus"
"3c8057af31a2a9c39e0a94c7acf72ecf","d__Eukaryota","Ciliophora","Postciliodesmatophora","Heterotrichea","Heterotrichea","Stentor","Stentor_roeselii"
"75f2c69a02d0bfd4e747421465a2541f","d__Eukaryota","Bicosoecida","Bicosoecida","Bicosoecida","Bicosoecida","Bicosoeca","uncultured_stramenopile"
"2ee38ddc046d24603f85d59d833b9cbf","d__Eukaryota",NA,NA,NA,NA,NA,NA
"044542c3c9fe039f1cd336717769231c","Unassigned",NA,NA,NA,NA,NA,NA
"c59270b4412281231e86f4aa0a0f95fb","d__Eukaryota",NA,NA,NA,NA,NA,NA
"c592f2b67736771c0e20d7555e366312","d__Eukaryota","Apicomplexa","Conoidasida","Gregarinasina","Eugregarinorida",NA,NA
"de6a6ae3e653b2b3175ade113e27e72a","d__Eukaryota","Arthropoda","Insecta","Plecoptera","Plecoptera","Plecoptera",NA
"91d19aba20f4c99027bfe47f3fb0e461","d__Eukaryota",NA,NA,NA,NA,NA,NA
"411fdb40490189c05e8ac6fe9a331cda","d__Eukaryota","Ciliophora","Intramacronucleata","Spirotrichea","Hypotrichia",NA,NA
"a78692c3453d648d8d7e0e261d7fd7cd","d__Eukaryota","Arthropoda","Insecta","Trichoptera","Trichoptera","Trichoptera",NA
"1f7d9c41370f7da748c0226026d31066","d__Eukaryota","Ciliophora","Intramacronucleata","Conthreep","Phyllopharyngea","Tokophrya",NA
"6bad865f51b6574f905e47ff1b3476a6","d__Eukaryota","Ciliophora","Intramacronucleata","Spirotrichea","Choreotrichia",NA,NA
"fb55a6922117dd742b3261ecfd0b40c9","d__Eukaryota",NA,NA,NA,NA,NA,NA
"8366d05a8ab98fff140a18ff7465b3a5","d__Eukaryota","Ochrophyta","Eustigmatophyceae","Eustigmatales","Eustigmatales","Pseudocharaciopsis","Pseudocharaciopsis_minuta"
"142a5792202b06e188fe5c3bf75dce68","d__Eukaryota",NA,NA,NA,NA,NA,NA
"2867d826180be04dca58f6009e0ee9dc","d__Eukaryota","Ascomycota",NA,NA,NA,NA,NA
"7896027aded665515fc95898d9f2391a","d__Eukaryota","Cercozoa","Vampyrellidae","Vampyrellidae","Vampyrellidae","Vampyrellidae","Platyreta_germanica"
"874db2be619e4bcab663e789f5b43edc","d__Eukaryota",NA,NA,NA,NA,NA,NA
"67318be429785ef90dc5b7d032bef7d6","d__Eukaryota","Chlorophyta","Chlorophyceae","Chlorophyceae","Chlorophyceae","Chlorophyceae",NA
"d06f914419512035334d2893b4dc9f4a","d__Eukaryota","Diatomea","Bacillariophyceae","Bacillariophyceae","Bacillariophyceae",NA,NA
"30725e7f81aea00aed48683cbd6b20e4","d__Eukaryota",NA,NA,NA,NA,NA,NA
"138474f830eae54f68bd2a96b631c890","d__Eukaryota","Amoebozoa","Tubulinea","Euamoebida","Euamoebida","Euamoebida","Ptolemeba_bulliensis"
"8c343eaad09fba7c2c04868491856e62","d__Eukaryota",NA,NA,NA,NA,NA,NA
"6821a8d2d9f56192d4b480c844dc3f26","d__Eukaryota",NA,NA,NA,NA,NA,NA
"1ff6554066e4893d1ed7686395a787c8","d__Eukaryota","Arthropoda","Insecta","Diptera","Diptera","Diptera","Belgica_antarctica"
"57df5e416f8c6b5fb47e1d21ebd8c166","d__Eukaryota","Ctenophora",NA,NA,NA,NA,NA
"9e58ab2ad6aa97adc81218ec5440bc97","d__Eukaryota",NA,NA,NA,NA,NA,NA
"847eb07a79f6c9ba6abadb4f6cbf70e4","d__Eukaryota",NA,NA,NA,NA,NA,NA
"3d1d73146e46e51fe3f05efb77f2b8a6","d__Eukaryota","Platyhelminthes",NA,NA,NA,NA,NA
"8f4b7a2e832683ff7d77ecf5ea1ceb7a","d__Eukaryota","Ascomycota","Dothideomycetes","Capnodiales","Cladosporiaceae","Cladosporium",NA
"c8c7d04a8954d7a16c26133b5e14e94c","d__Eukaryota","SAR","Labyrinthulomycetes","Labyrinthulomycetes","Labyrinthulomycetes","Sorodiplophrys","Sorodiplophrys_stercorea"
"94a930086142fbfb368c927140792905","d__Eukaryota","Ochrophyta","Eustigmatophyceae","Eustigmatales","Eustigmatales","Nannochloropsis",NA
"5eb8bca3c00f94a30367b07fa76c79b9","d__Eukaryota","Chlorophyta","Chlorophyceae","Chlorophyceae","Chlorophyceae","Chlorophyceae",NA
"1e9370d53329068fd570cfb97a2aef99","d__Eukaryota","Chytridiomycota","Chytridiomycetes",NA,NA,NA,NA
"0bf8a282a5cde403eb5c22da0735d2c7","d__Eukaryota","Cercozoa",NA,NA,NA,NA,NA
"d7a2bf4e6e7f218928ab4903378dbf50","d__Bacteria","Proteobacteria","Gammaproteobacteria",NA,NA,NA,NA
"6eb46d3c10f508f7f13734fe7b27f5af","d__Eukaryota",NA,NA,NA,NA,NA,NA
"07213580417989e896318717b0340091","d__Eukaryota","Cercozoa","Imbricatea","Spongomonadida","Spongomonadida","Spongomonas","metagenome"
"62880b6a16538a0bb662dc246ef6d478","d__Eukaryota",NA,NA,NA,NA,NA,NA
"21d557abd73805b984d4d8594c29f20a","d__Eukaryota","Chlorophyta","Chlorophyceae",NA,NA,NA,NA
"e7636b34e97407cbac8244a34cf3001b","d__Eukaryota",NA,NA,NA,NA,NA,NA
"6d6a26b05c107d3c020c838d2a10deba","d__Eukaryota",NA,NA,NA,NA,NA,NA
"2c5504a1572dceb3c73e02ca5c0aa500","d__Eukaryota","Cercozoa","Imbricatea","Imbricatea","Thaumatomonadida","Gyromitus","metagenome"
"4bb70287d36831b0cdbed1cfc2522591","d__Eukaryota","Ciliophora","Intramacronucleata","Conthreep","Oligohymenophorea",NA,NA
"2dec2ea2dd728530023c06dfd556e08f","d__Eukaryota",NA,NA,NA,NA,NA,NA
"a24e3155e945e5a37ebbdf97687ca15d","d__Eukaryota",NA,NA,NA,NA,NA,NA
"7a62251ee70ade78c561f285447731cc","d__Eukaryota",NA,NA,NA,NA,NA,NA
"405bdfe9355f124aceed4daee06c0ba5","d__Eukaryota","Platyhelminthes","Rhabditophora","Tricladida","Continenticola","Continenticola","Polycelis_nigra"
"342fe128691d8bd8739cc1e1273aaf95","d__Eukaryota","Ochrophyta","Chrysophyceae","Chrysophyceae","Chrysophyceae","Chrysophyceae",NA
"23a5f27e396a6da395f0ecb40d2dc88e","d__Eukaryota",NA,NA,NA,NA,NA,NA
"228f27e01eac726db8c393b434d3a89f","d__Eukaryota","Arthropoda","Insecta","Diptera","Diptera","Diptera",NA
"cece5a96595082af8d5149c46846caed","d__Eukaryota",NA,NA,NA,NA,NA,NA
"1a551823c88a4d149a9b3e58d79c276d","d__Bacteria","Proteobacteria",NA,NA,NA,NA,NA
"f5b5b83707d159d2e6d0dde61a67e012","d__Eukaryota",NA,NA,NA,NA,NA,NA
"39612811340cfbdb45bb0bd876c877a9","d__Eukaryota","Rotifera","Monogononta","Ploimida","Ploimida","Ploimida",NA
"b6da860a5259ed623ab1dfffd5013867","d__Eukaryota","Tardigrada","Eutardigrada","Parachela","Parachela","Parachela","Hypsibius_dujardini"
"07c2d548c7078e8a9039c78575e31878","d__Eukaryota",NA,NA,NA,NA,NA,NA
"b702a2e1739ed552c0cb8962a9b991ab","d__Eukaryota","Arthropoda","Insecta","Trichoptera","Trichoptera","Trichoptera",NA
"2b16103bbf540d6874de8b54a7b3d2dc","d__Eukaryota",NA,NA,NA,NA,NA,NA
"4357b2ef4ad381baa9c0d92f7286da1c","d__Eukaryota",NA,NA,NA,NA,NA,NA
"f1c0b0bbf90f7fd25ea3b86abe920f86","d__Eukaryota",NA,NA,NA,NA,NA,NA
"dcf676d088217b1ccd356fd42ae96b52","d__Eukaryota","Euglenozoa","Kinetoplastea",NA,NA,NA,NA
"78edb2946a4da3d4cf08fc1f26072a52","d__Eukaryota","Ochrophyta","Chrysophyceae",NA,NA,NA,NA
"b792f3c932e860895cf397591c1455af","d__Eukaryota","Ochrophyta",NA,NA,NA,NA,NA
"9fb62a36cea8cb16545de0edbe01cbdb","d__Eukaryota","Ochrophyta","Chrysophyceae","Chromulinales","Chromulinales","Chromulina","Chromulina_chionophila"
"de35636e411ec5ebe1c8f133ff2addb2","d__Eukaryota",NA,NA,NA,NA,NA,NA
"5e2d289c99b8870bf214059e9390f4aa","d__Eukaryota","Cercozoa","Cercomonadidae","Cercomonadidae","Cercomonadidae","Cercomonas","uncultured_freshwater"
"13ad779f1ebc6bdb3d54bee7cc479cfa","d__Eukaryota",NA,NA,NA,NA,NA,NA
"7f7f852c93bfc7670dac79943b55e28b","d__Eukaryota","Phragmoplastophyta","Embryophyta","Magnoliophyta","Magnoliophyta","Magnoliophyta",NA
"a5d94d247c6e0eda2059825ffe9dc91b","d__Eukaryota","Euglenozoa","Kinetoplastea","Prokinetoplastina","Prokinetoplastina","Ichthyobodo","Ichthyobodo_necator"
"a60fcf20d887779a8ab57c9304fa7865","d__Eukaryota","Ciliophora","Intramacronucleata","Litostomatea",NA,NA,NA
"d51ee7261e0365a90cf2ecde0c831a78","d__Eukaryota","Euglenozoa","Kinetoplastea","Trypanosomatida","Trypanosomatida",NA,NA
"35ad8224f43e48fe873c7909116e5df5","d__Eukaryota",NA,NA,NA,NA,NA,NA
"b4647ae9cf292f5878901ab73acebaee","d__Eukaryota","Holozoa","Choanoflagellida",NA,NA,NA,NA
"785fc5b0e6e63816e0dc17859fa8cccc","d__Eukaryota",NA,NA,NA,NA,NA,NA
"9f4363ca01ba8cb24df0d3a637596c56","d__Eukaryota","MAST-7",NA,NA,NA,NA,NA
"3ae9fe0f27740d8b9728564cf807268e","d__Eukaryota",NA,NA,NA,NA,NA,NA
"345a014fc22f33cd6c1a7a047a77cc3c","d__Eukaryota","Ciliophora",NA,NA,NA,NA,NA
"75e67469bd1ea964d0f46cc5973e8287","d__Eukaryota","Arthropoda","Insecta","Diptera","Diptera","Diptera","Belgica_antarctica"
"1b08c3d51aff41770c961df5cb7b24b0","Unassigned",NA,NA,NA,NA,NA,NA
"fc0e776094279212cd510721232aa646","d__Eukaryota",NA,NA,NA,NA,NA,NA
"9afcbfed81811d345254b675f2a8b6dd","d__Eukaryota",NA,NA,NA,NA,NA,NA
"bb839f72de08bf18e67a5d4456ce5a3c","d__Eukaryota","Chlorophyta","Chlorophyceae","Chlorophyceae","Chlorophyceae","Chlorophyceae",NA
"64b1790aa6cf7957af1b139dcb6e53ab","d__Eukaryota","Ochrophyta",NA,NA,NA,NA,NA
"dba128b3328472bb0373da3d656289ed","d__Eukaryota","Cercozoa","Vampyrellidae","Vampyrellidae","Vampyrellidae","Vampyrellidae","Cercozoa_sp."
"5f023cb8e2d269ffc131fcba17f2181b","d__Eukaryota","Ciliophora","Intramacronucleata","Conthreep","Oligohymenophorea","Peritrichia","Ophrydium_versatile"
"254d102764ee74edc53f8e923dc267a9","d__Eukaryota","Euglenozoa","Kinetoplastea","Prokinetoplastina","Prokinetoplastina","Ichthyobodo","Ichthyobodo_necator"
"ead4d033d0bc5a4712f5ac01c894991b","d__Eukaryota","Diatomea",NA,NA,NA,NA,NA
"a8127829e4cf0ca2b42d9dde2821e4b7","d__Eukaryota",NA,NA,NA,NA,NA,NA
"ae82efe83acc918315d54fa240d9db8a","Unassigned",NA,NA,NA,NA,NA,NA
"0b5b093c675c4c51ff215cb4ec4a34a2","d__Eukaryota","Ochrophyta","Chrysophyceae",NA,NA,NA,NA
"116ccf4c6ae96fde4d30d1cc85a9decb","d__Eukaryota","Euglenozoa","Kinetoplastea","Trypanosomatida","Trypanosomatida",NA,NA
"809e55e92b1aa6c359b8519997dbebe8","d__Eukaryota",NA,NA,NA,NA,NA,NA
"78291ef55daea7ed8ece26ffa73ca15f","d__Eukaryota",NA,NA,NA,NA,NA,NA
"4214fc0cd3745aa30b5c6b94e7285f8e","d__Eukaryota","Basidiomycota","Pucciniomycetes","Pucciniales","Melampsoraceae","Melampsora","Melampsora_larici-populina"
"e8e7801c055b894fa6591e5e9836747e","d__Eukaryota","Ochrophyta","Chrysophyceae",NA,NA,NA,NA
"7ee734871c4edce83228c2140987806c","d__Eukaryota","Chlorophyta","Ulvophyceae","Ulvophyceae","Ulvophyceae","Ulvophyceae",NA
"b10af01f2a93fb69d7f34351c649388e","d__Eukaryota","Chytridiomycota","Chytridiomycetes",NA,NA,NA,NA
"8259a91a51730eccb4c72d94f34335a2","d__Bacteria","Proteobacteria","Alphaproteobacteria","Rickettsiales","Mitochondria","Mitochondria",NA
"e137c7a94afcc5af433a6567ab9caf8e","d__Eukaryota","Chlorophyta","Trebouxiophyceae","Trebouxiophyceae","Trebouxiophyceae","Trebouxiophyceae",NA
"84999e89772dad51959d3e5ac4e2bf78","d__Eukaryota","Basidiomycota","Microbotryomycetes","Sporidiobolales","Sporidiobolaceae","Rhodotorula",NA
"42477f6255bfee371b8d5ae9da3b5d4d","d__Eukaryota","Cercozoa","Incertae_Sedis","Incertae_Sedis","Incertae_Sedis","Gymnophrys","uncultured_eukaryote"
"3336d58bae4820d466174f753e264830","d__Eukaryota","Amoebozoa","Tubulinea","Euamoebida","Euamoebida",NA,NA
"3d781e4e7124621c7c20b9bfef279111","d__Bacteria","Planctomycetota","Planctomycetes","Planctomycetales","Schlesneriaceae","Schlesneria","uncultured_bacterium"
"51b859184c2b350b82023428596cd3d3","d__Eukaryota","Chytridiomycota","Chytridiomycetes",NA,NA,NA,NA
"44599889c2761a16d204e947f693df54","d__Eukaryota","Apicomplexa","Conoidasida","Gregarinasina","Eugregarinorida",NA,NA
"43ca2860775f6c7ae0649be64ba0da91","d__Eukaryota",NA,NA,NA,NA,NA,NA
"42eba920624384e6f266a2a3da347863","d__Eukaryota",NA,NA,NA,NA,NA,NA
"49fd326c62caf0f8a27cd378991c263e","d__Eukaryota","Ciliophora","Intramacronucleata","Litostomatea","Haptoria",NA,NA
"7a2834e376c0af2d60670369b599e908","d__Eukaryota","Arthropoda","Insecta","Plecoptera","Plecoptera","Plecoptera","Bolotoperla_rossi"
"3b2fcc17d4bb228409279f508d29548e","d__Eukaryota","Arthropoda","Insecta","Diptera","Diptera","Diptera","Chironomus_tentans"
"9136eb7e4280b9bb0457f62fd97ecb9c","d__Eukaryota","Cercozoa","Cercomonadidae","Cercomonadidae","Cercomonadidae","Paracercomonas","uncultured_Cercozoa"
"501c2db9e05c6ab6d5f8b649b8924ead","d__Eukaryota","Cercozoa","uncultured","uncultured","uncultured","uncultured","Dimorpha-like_sp."
"0f66d02d69207a32cd880d036371aea2","d__Eukaryota","Ciliophora","Intramacronucleata","Litostomatea",NA,NA,NA
"e65f76f5424c644fc54c0928311fa108","d__Eukaryota",NA,NA,NA,NA,NA,NA
"7d8c3a8580055edb06a31730c812bc73","d__Eukaryota","Chlorophyta",NA,NA,NA,NA,NA
"376c4c4b19a6460c0c839fd4c851d221","d__Eukaryota",NA,NA,NA,NA,NA,NA
"d5ecf045fdb9bae19a50593cd2f8b986","d__Eukaryota","Ascomycota",NA,NA,NA,NA,NA
"dfff0ad99bc0e156f980ae46998e976f","d__Eukaryota",NA,NA,NA,NA,NA,NA
"db8da8dce377430ca609c70db9b4b657","d__Eukaryota","Amoebozoa","Tubulinea","Arcellinida","Arcellinida","Arcellinida","metagenome"
"d47c0975dda4ceaa6ee5d49c714d2298","d__Eukaryota","Platyhelminthes","Catenulida","Catenulida","Stenostomidae","Stenostomidae","Stenostomum_sp."
"a637e97381cf4399879226f6c397cddb","d__Eukaryota","Chytridiomycota","Chytridiomycetes","Chytridiales","Incertae_Sedis","Incertae_Sedis","uncultured_Chytridiomycota"
"ad38708b7a7bef701a6cc988f6d879db","d__Eukaryota",NA,NA,NA,NA,NA,NA
"ab1a386fd1a51f9a3b9a9df8340f6987","d__Bacteria",NA,NA,NA,NA,NA,NA
"9d068af74a327f214e88d4391ac9f744","d__Eukaryota",NA,NA,NA,NA,NA,NA
"152d11b5311632c0f2ab36a96feb3b65","d__Eukaryota","Basidiomycota","Agaricomycetes","Agaricales",NA,NA,NA
"6438a23b26b4c0c0580104772c191fb1","Unassigned",NA,NA,NA,NA,NA,NA
"039faf786f24932d4def4e197ca53768","d__Eukaryota","Vertebrata","Mammalia","Mammalia","Mammalia","Mammalia",NA
"122d17027000342e8d3da51c906b6420","d__Eukaryota","Cercozoa","Glissomonadida","Glissomonadida","Glissomonadida","uncultured","metagenome"
"93c5d4b757bae3ed1c99842b7fdea24a","d__Eukaryota","Annelida","Clitellata","Haplotaxida","Haplotaxida","Haplotaxida",NA
"31ca93c7d44fb293eee784b838b6daed","d__Eukaryota","Centrohelida","Centrohelida","Centrohelida",NA,NA,NA
"cd5d22ebfc43e55685176da1c6cd0c3f","d__Eukaryota","Ciliophora","Intramacronucleata","Conthreep",NA,NA,NA
"3a0e6f52ce92d00f60ad61e56a4fbfe7","Unassigned",NA,NA,NA,NA,NA,NA
"eacd6e63e0dcbbb7c709a229b280a199","d__Eukaryota",NA,NA,NA,NA,NA,NA
"1b6d3876707ac2dc30e5783dc13d1be8","d__Eukaryota","Diatomea",NA,NA,NA,NA,NA
"8d971b54b2ca201da36aafae29c87694","d__Eukaryota",NA,NA,NA,NA,NA,NA
"9dce5bfc0f111d0718c21e217b9b7492","Unassigned",NA,NA,NA,NA,NA,NA
"d494a5431024840346643f83006efcfe","d__Eukaryota","Ciliophora","Intramacronucleata","Conthreep","Prostomatea","Prorodon","Prorodon_teres"
"abc098a72a18e769a2235109f14f22f1","d__Bacteria","Proteobacteria","Gammaproteobacteria","Burkholderiales",NA,NA,NA
"7596276ea0a8bb16db2a6af60a2d5276","d__Eukaryota","Chlorophyta","Trebouxiophyceae","Trebouxiophyceae","Trebouxiophyceae","Trebouxiophyceae",NA
"a6c02d237b953ba0b4b08342bab6560f","d__Eukaryota","Apicomplexa","Conoidasida","Gregarinasina",NA,NA,NA
"4bddac54df01d6179bd37ad5fd2669e8","d__Eukaryota","Cercozoa","Glissomonadida","Glissomonadida","Glissomonadida","uncultured","metagenome"
"0884ecdea268035ebbf777f80f1380c7","d__Eukaryota","Diatomea","Mediophyceae","Mediophyceae","Mediophyceae","Cyclotella","uncultured_eukaryote"
"c6790940f5685295cf3ebd778d90cc39","d__Eukaryota",NA,NA,NA,NA,NA,NA
"9696b7e8ed470a51f26f5207d1b0f2a7","d__Eukaryota","Centrohelida","Centrohelida","Centrohelida",NA,NA,NA
"5e6476591d453ca57d1f18ed43ef123c","d__Eukaryota","Arthropoda","Insecta","Ephemeroptera","Ephemeroptera","Ephemeroptera",NA
"da52a38e13a77ab78886dca7f6975949","d__Eukaryota","Ciliophora","Intramacronucleata","Litostomatea","Haptoria",NA,NA
"a1b4e30224a6d7e55b6aad3cdb0552cd","d__Eukaryota","Ochrophyta","Chrysophyceae","Ochromonadales","Ochromonadales","Paraphysomonas","eukaryotic_picoplankton"
"6359d6c529065b3892115607be2de1bd","d__Eukaryota",NA,NA,NA,NA,NA,NA
"8e93cc03b35a2d77ed77b7ec159c2333","d__Eukaryota","Holozoa","Ichthyosporea","Rhinosporideacae","Rhinosporideacae","Rhinosporideacae",NA
"30a7f960623ce3191867f80cb04774cf","d__Bacteria","Desulfobacterota","Desulfuromonadia","Geobacterales","Geobacteraceae","Geotalea",NA
"a540adf2d9c0031ff10a8cb850adecf4","d__Eukaryota",NA,NA,NA,NA,NA,NA
"26a6ef891e6cbd56aa54fd3b1e7214ff","d__Eukaryota",NA,NA,NA,NA,NA,NA
"2b552b27d9c87bb2778171a44de73d87","d__Eukaryota","Diatomea",NA,NA,NA,NA,NA
"51ad29ccc778060c026be4695c2220ae","d__Eukaryota",NA,NA,NA,NA,NA,NA
"325c1f2919fb6499f9db3fe0ed506ec0","d__Eukaryota","Dinoflagellata","Dinophyceae","Peridiniphycidae",NA,NA,NA
"eadc2547f47f9b514c1a881fa12e4dd6","d__Eukaryota",NA,NA,NA,NA,NA,NA
"0b8f2f5b70bca13a0ea083a15686934a","Unassigned",NA,NA,NA,NA,NA,NA
"fc903d06e2ea2522f24d6f2bb15d5653","d__Eukaryota","Basidiomycota","Cystobasidiomycetes",NA,NA,NA,NA
"458fabff653823b41852ebee69334198","d__Eukaryota",NA,NA,NA,NA,NA,NA
"371868065ed9c858234e241727ad8db5","d__Eukaryota","Centrohelida","Centrohelida","Centrohelida",NA,NA,NA
"408e8c1487dcf45f50de31c9b9b8394f","Unassigned",NA,NA,NA,NA,NA,NA
"9ff4b9a70cdad9c5276c74819add3d6c","d__Eukaryota",NA,NA,NA,NA,NA,NA
"51d9ef2571c2ce9cef53d64bddd5c50f","d__Eukaryota",NA,NA,NA,NA,NA,NA
"fd746ecf2f8b6320f555e84f747f31d6","d__Eukaryota","Nematozoa","Chromadorea","Monhysterida","Monhysterida","Monhysterida","Tridentulus_sp."
"e773c336cf8202978f0dbbacd94c040f","d__Eukaryota",NA,NA,NA,NA,NA,NA
"c3ddfc21ee988687ed9c905dfe20f157","d__Eukaryota","Kathablepharidae","Kathablepharidae","Kathablepharidae","Kathablepharidae","Katablepharis","uncultured_marine"
"fc156a3ed676483a50b8a2d701d1375a","d__Eukaryota","Ciliophora","Intramacronucleata",NA,NA,NA,NA
"a46538f92407570a4a395fb103aab8dc","d__Eukaryota",NA,NA,NA,NA,NA,NA
"2df0e3d88fcc4e20d88fdbaf70c811ba","d__Eukaryota","Holozoa","Choanoflagellida","Craspedida","Salpingoecidae","Salpingoeca","Salpingoeca_fusiformis"
"04e216e4776fa8f46c67a92d06583a21","d__Eukaryota","SAR","Labyrinthulomycetes","Labyrinthulomycetes","Labyrinthulomycetes","Sorodiplophrys","Sorodiplophrys_stercorea"
"d1472e51e110931af2783bc7147255e9","d__Eukaryota",NA,NA,NA,NA,NA,NA
"78b6f4eb9207af21cbdfae63428760e1","d__Eukaryota","Basidiomycota","Tremellomycetes","Trichosporonales","Trichosporonaceae","Apiotrichum",NA
"56975645793509fd0386311e39e4059f","d__Eukaryota",NA,NA,NA,NA,NA,NA
"924d2990ebf404f2cd2cde912035a4bb","d__Eukaryota","Kathablepharidae","Kathablepharidae","Kathablepharidae","Kathablepharidae",NA,NA
"5d216cde18a11ec4ebd56ad2b5d5dbaa","d__Eukaryota","Centrohelida","Centrohelida","Centrohelida",NA,NA,NA
"78cffb63728ba032ef788b76ffa167d8","d__Eukaryota","Platyhelminthes",NA,NA,NA,NA,NA
"89263c463bdc9d402051eaa83f3c6c39","d__Eukaryota","Diatomea",NA,NA,NA,NA,NA
"062a6e87a02c512f94f18227bafd78b1","d__Eukaryota",NA,NA,NA,NA,NA,NA
"4af13b8cd26f79795272676f99afa7b9","d__Eukaryota",NA,NA,NA,NA,NA,NA
"93199c9f30cf095150d0c788d678da10","d__Bacteria","Desulfobacterota","Desulfobulbia","Desulfobulbales","Desulfurivibrionaceae","Desulfurivibrio","Desulfurivibrio_alkaliphilus"
"f905e61c8d7c7548a84810fa9a507d64","d__Eukaryota","Holozoa","Choanoflagellida","Codonosigidae","Codonosigidae","Codonosigidae","metagenome"
"5dabb899e00d89d73712dd88c5623528","d__Eukaryota",NA,NA,NA,NA,NA,NA
"f8f84c0fca8198e9ec70f238daa557f0","d__Eukaryota","Amoebozoa","Tubulinea","Euamoebida","Euamoebida","Euamoebida","Hartmannella_cantabrigiensis"
"c50a9a16a912b73d525b211677023275","d__Eukaryota",NA,NA,NA,NA,NA,NA
"c0f5183885f5adcfdbdb6f2eb6fe1a38","d__Eukaryota",NA,NA,NA,NA,NA,NA
"29b7c4b66bf81ccb604493a0ba11ea33","d__Eukaryota","Ciliophora","Intramacronucleata","Conthreep","Oligohymenophorea","Peniculia","Lembadion_bullinum"
"ce5af361d023489b53e919801038519a","d__Eukaryota","Diatomea",NA,NA,NA,NA,NA
"b00a860925790700bec725f95b20afab","d__Eukaryota","Arthropoda","Insecta","Ephemeroptera","Ephemeroptera","Ephemeroptera","Eurylophella_sp."
"7d289f5f6b02375378dd18707a16a476","d__Eukaryota","Cercozoa","Vampyrellidae","Vampyrellidae","Vampyrellidae","Vampyrellidae","Cercozoa_sp."
"23d60befe8ea197de2241b956f223e53","d__Eukaryota",NA,NA,NA,NA,NA,NA
"1c5d73b5624364e237c8f62978e8497f","d__Eukaryota","Cercozoa","Phytomyxea","Phytomyxea","Phytomyxea","uncultured",NA
"063777babb89c2d1d9066fe2a863c190","d__Eukaryota","Heterolobosea","Tetramitia","Tetramitia","Tetramitia",NA,NA
"506bf1a33a4eeaf1cd3f41ffb5a569ef","d__Eukaryota",NA,NA,NA,NA,NA,NA
"cea7c9b21c942fa82defb350e0f9a94f","d__Eukaryota",NA,NA,NA,NA,NA,NA
"0dc8debea6cfae5ead85b9c337e03078","d__Eukaryota",NA,NA,NA,NA,NA,NA
"152fecb0b5dd18b01e2bb8b5a9ebe7b3","d__Eukaryota","Ciliophora","Postciliodesmatophora","Heterotrichea","Heterotrichea","Stentor","Stentor_roeselii"
"318e9d31fe5da086ed347fdde3e458b5","d__Bacteria","Bdellovibrionota","Bdellovibrionia","Bdellovibrionales","Bdellovibrionaceae","Bdellovibrio",NA
"53bbfd15c42c9c2bc33df47b1b318ea5","d__Eukaryota",NA,NA,NA,NA,NA,NA
"5027e4366b7438391781633dd62e695f","d__Eukaryota",NA,NA,NA,NA,NA,NA
"13e73025ad3c6a36c0b2a81bb85cc7f7","d__Eukaryota","Cercozoa","Novel_Clade_Gran-3","Novel_Clade_Gran-3","Novel_Clade_Gran-3","Novel_Clade_Gran-3","uncultured_freshwater"
"03016cce9e4b25eb9ca5af0ca71758de","d__Eukaryota",NA,NA,NA,NA,NA,NA
"bec6d36538043251f11cc5008a297d9e","d__Eukaryota","Cercozoa","Phytomyxea","Phytomyxea","Phytomyxea","Polymyxa","Polymyxa_graminis"
"df18eeafc1514e192405a2dbe12a9dc9","d__Bacteria","Proteobacteria","Gammaproteobacteria",NA,NA,NA,NA
"14b97a8818fd0afb372b44043140412a","d__Eukaryota",NA,NA,NA,NA,NA,NA
"bf19748b07a0ee453f6db3ea1e46a17b","d__Eukaryota","uncultured","uncultured","uncultured","uncultured","uncultured","marine_metagenome"
"04719a27a547161c236da185e461b0b6","d__Eukaryota",NA,NA,NA,NA,NA,NA
"ac58947cb7587b6df93bb512709e37bf","d__Eukaryota","Rotifera","Bdelloidea","Adinetida","Adinetida","Adinetida","Hyalella_azteca"
"5e5a3691c6a511d411401b316a0c2644","d__Eukaryota",NA,NA,NA,NA,NA,NA
"fdc50a5df2d298c0536f966a660b710f","d__Eukaryota","Ochrophyta","Chrysophyceae",NA,NA,NA,NA
"d4dd7c0d43e2c13a1a232f6019d15dde","d__Eukaryota",NA,NA,NA,NA,NA,NA
"6a819fc7641e550482a61e97a62b843d","Unassigned",NA,NA,NA,NA,NA,NA
"1bf773740fa90663577c153d8d177f6d","d__Eukaryota",NA,NA,NA,NA,NA,NA
"dc2c6d195ed76b313fa5829533925247","d__Eukaryota","Arthropoda","Insecta","Diptera","Diptera","Diptera","Chironomus_tentans"
"078028bd06187c6aed2775f534814083","d__Eukaryota",NA,NA,NA,NA,NA,NA
"ac0cb2bf65c36bcbc9501ad419d679ed","d__Bacteria","Planctomycetota","Planctomycetes","Pirellulales","Pirellulaceae","Pirellula","Pirellula_sp."
"c71301215de3228e16c8d2566ea0551c","d__Eukaryota",NA,NA,NA,NA,NA,NA
"6cfb24ff0df6c7bbb5e090d3ba0c3bfb","d__Eukaryota",NA,NA,NA,NA,NA,NA
"e64d30be34c7ac009b1895b711908007","d__Eukaryota",NA,NA,NA,NA,NA,NA
"2ec55926aa8d6424ee4ca092ae8df84a","d__Bacteria","Planctomycetota","Planctomycetes","Planctomycetales","Schlesneriaceae","Schlesneria","uncultured_bacterium"
"3950d58fbde81bd1d700b905cf02a65e","d__Eukaryota",NA,NA,NA,NA,NA,NA
"f970b963be8a6362084c920c1c3d04e9","d__Eukaryota","Ochrophyta","Chrysophyceae",NA,NA,NA,NA
"decbeb20d5a186e087a5f30581a8281c","d__Eukaryota","Ciliophora","Intramacronucleata","Spirotrichea","Choreotrichia",NA,NA
"26fc389b48b2312a4d3a047c87e1918f","d__Eukaryota","Ciliophora","Intramacronucleata","Conthreep","Oligohymenophorea","Peritrichia","Ophrydium_versatile"
"36decc4967a00dfa380a22e810a7dd5f","d__Eukaryota",NA,NA,NA,NA,NA,NA
"5950c7184639cf2414c95230265a597f","d__Eukaryota","Holozoa","Ichthyosporea","Pseudoperkinsidae","Pseudoperkinsidae","Anurofeca","Anurofeca_sp."
"a45f22a06727ad47adb9bba65fcecc5e","d__Eukaryota",NA,NA,NA,NA,NA,NA
"3874283787c31cbc2df28d69d7fb100e","d__Eukaryota",NA,NA,NA,NA,NA,NA
"eb7434af6c43dd5680a02eb0f5508698","d__Eukaryota",NA,NA,NA,NA,NA,NA
"c0e8c19ef5ff9f66ba57faeeeb465d5f","d__Eukaryota",NA,NA,NA,NA,NA,NA
"afd54c8823504ed4bfa1fb62f524a3f1","d__Eukaryota","Klebsormidiophyceae","Klebsormidiophyceae","Klebsormidiophyceae","Klebsormidiophyceae","Klebsormidiophyceae",NA
"a58a6c293a9f455aaba196fd3aefa6a8","d__Eukaryota","Arthropoda",NA,NA,NA,NA,NA
"e5c96fb06814ecf1ccdf67e4031284a2","d__Eukaryota","Ciliophora","Intramacronucleata","Conthreep",NA,NA,NA
"c16ef6b369c8675059600419d8d2bcdf","d__Eukaryota",NA,NA,NA,NA,NA,NA
"42df6a12a5f6a70663a2f0070a734e79","d__Eukaryota","Ciliophora","Intramacronucleata","Conthreep","Oligohymenophorea","Tetrahymena","Tetrahymena_farahensis"
"4634b3d38790a378783b73600f837798","d__Eukaryota","Ciliophora","Postciliodesmatophora","Heterotrichea","Heterotrichea","Stentor","Stentor_roeselii"
"10c4370d26a285625bacc80b3fafd709","d__Eukaryota",NA,NA,NA,NA,NA,NA
"84aab38748af5525bf85660540aa9858","d__Eukaryota","Chytridiomycota","Chytridiomycetes","Incertae_Sedis","Synchytriaceae","Synchytrium",NA
"175959b80ba86da6524bf2f69b119c08","d__Bacteria","Planctomycetota","Planctomycetes","Pirellulales","Pirellulaceae","Pirellula","Pirellula_sp."
"52436230fb6160cf93d803df02950192","d__Eukaryota","Ochrophyta","Chrysophyceae","P34.45","P34.45","P34.45","eukaryotic_picoplankton"
"1692d5db30e17bdc5c0dab2d5cb1d54c","d__Eukaryota",NA,NA,NA,NA,NA,NA
"f8b8c5cffeec81ad4eb699000cc90a7e","d__Eukaryota","Bicosoecida","Bicosoecida","Bicosoecida","Bicosoecida","Bicosoeca","uncultured_stramenopile"
"ad2972279530eb39bbc1a0df9180d304","d__Eukaryota",NA,NA,NA,NA,NA,NA
"e94194a3c922ea147fa21ed9dae51423","d__Eukaryota",NA,NA,NA,NA,NA,NA
"3e56f189f0806816f04a0fbf0a1a4c84","d__Eukaryota",NA,NA,NA,NA,NA,NA
"5a5efb705f65ddee86570e82cfaff49f","d__Eukaryota",NA,NA,NA,NA,NA,NA
"edf2845510a5596099f7759148cd43b2","d__Eukaryota","Cercozoa","Thecofilosea","Incertae_Sedis","Incertae_Sedis",NA,NA
"6c9254bc43baf9eb6bb9d623a7cf6895","d__Eukaryota",NA,NA,NA,NA,NA,NA
"27aecae4d007c7142d514ac814da1a12","d__Eukaryota","Basidiomycota","Agaricomycetes","Corticiales","Corticiaceae","Phlebia",NA
"ecd2f477499c14cca5e09d00d7fff652","d__Eukaryota","Euglenozoa","Kinetoplastea","Prokinetoplastina","Prokinetoplastina","Ichthyobodo","Ichthyobodo_necator"
"83da421665147418640e41cd06fe7dfa","d__Eukaryota","Chytridiomycota","Chytridiomycetes","Rhizophydiales","Rhizophydiales","Rhizophydiales","uncultured_eukaryote"
"0e6e72e23547821c63f7c769ba214aec","d__Eukaryota","Basidiomycota","Tremellomycetes","Cystofilobasidiales","Mrakiaceae","Itersonilia","Itersonilia_perplexans"
"c1ecfa0c827156a5d5779495b3a5964e","d__Eukaryota",NA,NA,NA,NA,NA,NA
"fbdad171a6e7d5bcd988c26ce5cb0d56","d__Eukaryota",NA,NA,NA,NA,NA,NA
"59c50114a3dd4a3482727b9caf052c94","d__Bacteria","Verrucomicrobiota","Lentisphaeria","Victivallales","GWF2-44-16","GWF2-44-16","Lentisphaerae_bacterium"
"6066cd68c8023f9c83c28ca43759d174","d__Eukaryota","Centrohelida","Centrohelida","Centrohelida",NA,NA,NA
"d5f6959057f3b8ca54ebc697e340f134","d__Eukaryota","Centrohelida","Centrohelida","Centrohelida",NA,NA,NA
"45f0ecc69d87cdb1a9f9da285cdd7a18","d__Eukaryota","Diatomea","Bacillariophyceae","Bacillariophyceae","Bacillariophyceae","Navicula","Navicula_phyllepta"
"2d4e84366aef63720214eda255df23a1","d__Bacteria","Proteobacteria","Gammaproteobacteria","Pseudomonadales","Moraxellaceae","Moraxella","Moraxella_atlantae"
"2d350d0fd977f2d32e6b97d731110d7e","d__Eukaryota","Ciliophora","Intramacronucleata","Conthreep","Oligohymenophorea","Peritrichia","Ophrydium_versatile"
"350a3002843e55f1023acbf4047af395","d__Eukaryota",NA,NA,NA,NA,NA,NA
"fd2075e918b43d6bc0f4e9b836235a5e","d__Eukaryota",NA,NA,NA,NA,NA,NA
"3a28c055cb0b76c92bd8e0bdbb5accdd","d__Eukaryota","Chytridiomycota","Chytridiomycetes","Rhizophydiales","Rhizophydiales","Rhizophydiales","uncultured_Chytridiomycota"
"8cc5ffee57cdcc326a4e07ba69c3e05e","d__Eukaryota","Arthropoda","Insecta","Plecoptera","Plecoptera","Plecoptera","Bolotoperla_rossi"
"3fe910d5d16b2171ee30cdfc6c521f44","d__Eukaryota","Ciliophora","Postciliodesmatophora","Heterotrichea","Heterotrichea","Stentor","Stentor_roeselii"
"6610c4eb0d0d8498a98a3817fad13e51","d__Eukaryota","Centrohelida","Centrohelida","Centrohelida",NA,NA,NA
"e148ccc7db2b97b75270527906e4a944","d__Eukaryota",NA,NA,NA,NA,NA,NA
"e1550204e00a3a00c17982a240636118","d__Eukaryota",NA,NA,NA,NA,NA,NA
"f3a42ba89e70d5cc04309ad42e1e72be","d__Eukaryota",NA,NA,NA,NA,NA,NA
"0622d773af69e403dbd21b6cfc3cf219","d__Bacteria",NA,NA,NA,NA,NA,NA
"b965cf8ab4a64b74759dbf936c7260ca","d__Bacteria","Proteobacteria","Alphaproteobacteria",NA,NA,NA,NA
"eefd70812f3a916c0ba4996ffbc2a85f","d__Eukaryota","Diatomea","Bacillariophyceae","Bacillariophyceae","Bacillariophyceae","Gomphonema",NA
"2f54ca757788b50e4756bf0e8eb02ced","d__Eukaryota",NA,NA,NA,NA,NA,NA
"8b49bfc6c78e6043fc378b1c5f8e7ef0","Unassigned",NA,NA,NA,NA,NA,NA
"38377642b3b51a7134c3ac8dd615f453","d__Eukaryota",NA,NA,NA,NA,NA,NA
"bbdca259fd763227921814eb79f8cb0b","d__Bacteria","Proteobacteria","Alphaproteobacteria","Sphingomonadales","Sphingomonadaceae",NA,NA
"e70bfd6253dfec8d58ac6604d8a62243","d__Eukaryota",NA,NA,NA,NA,NA,NA
"4a4b168418309d4795fd65ce0103124f","d__Eukaryota",NA,NA,NA,NA,NA,NA
"fab9f32bae212baf74e03036b72c2362","d__Eukaryota",NA,NA,NA,NA,NA,NA
"51b688d46c5496a7c01179c99d8eeb36","d__Eukaryota","Gastrotricha","Gastrotricha","Chaetonotida","Chaetonotida","Chaetonotida",NA
"2dc314cfb4251195ba81d22829a311b8","d__Eukaryota",NA,NA,NA,NA,NA,NA
"2c7104665b3dbeadb616ccc802eb78f1","d__Eukaryota","Diatomea",NA,NA,NA,NA,NA
"23408e670be89adb5a7fc6a7e6bb79a4","d__Eukaryota",NA,NA,NA,NA,NA,NA
"9c10d85397d1f194acf138344b338ded","d__Eukaryota","Amoebozoa","Tubulinea","Echinamoebida","Echinamoebida","Echinamoebida","uncultured_eukaryote"
"e119619914a87947f0efd23191888b7c","d__Eukaryota",NA,NA,NA,NA,NA,NA
"1fc2ef509eb48c89e432456f30520a76","d__Eukaryota",NA,NA,NA,NA,NA,NA
"9e860f501cf71ad7a6081b60690ea15a","d__Eukaryota",NA,NA,NA,NA,NA,NA
"a344edc8c30617fa03a5982b2cf13ebe","d__Eukaryota",NA,NA,NA,NA,NA,NA
"a85e59fde3384705336eaea63a996c28","d__Eukaryota","Bicosoecida","uncultured","uncultured","uncultured","uncultured","uncultured_eukaryote"
"510ec8696f8a963f66969d1ff67da883","d__Eukaryota",NA,NA,NA,NA,NA,NA
"e7ad500474bf95692247ad5029751f0f","d__Bacteria",NA,NA,NA,NA,NA,NA
"6ea087c497be395761d53968cb246677","Unassigned",NA,NA,NA,NA,NA,NA
"d3d37373e14ecf27d37da171d70df0a7","d__Eukaryota",NA,NA,NA,NA,NA,NA
"4467837f2bc595e5f52f10526b1959e0","d__Eukaryota","Euglenozoa","Kinetoplastea",NA,NA,NA,NA
"bc6c3c3023210636d514a19a55675551","d__Eukaryota",NA,NA,NA,NA,NA,NA
"3d916ab4f1f38ddd04827d88ae3ae692","d__Eukaryota",NA,NA,NA,NA,NA,NA
"ed2e379df7a18f1b993d4960e1f23346","d__Eukaryota",NA,NA,NA,NA,NA,NA
"0082901c4a91f6ca3fba28f93bd0b7f3","d__Eukaryota","Ochrophyta","Chrysophyceae","Chromulinales","Chromulinales","Poteriospumella","Spumella-like_flagellate"
"f8d6332e226832e861c1052df8d03805","d__Eukaryota",NA,NA,NA,NA,NA,NA
"811af9739c9ac68ad002098fc161f9bc","d__Bacteria","Proteobacteria",NA,NA,NA,NA,NA
"5a9385a90ac11c4c7dc2ab656bd9787b","d__Eukaryota","Chlorophyta","Chlorophyceae","Chlorophyceae","Chlorophyceae","Chlorophyceae","Aphanochaete_sp."
"91842bd120b4af919d2220645e0c27d2","d__Eukaryota","Arthropoda","Insecta","Diptera","Diptera","Diptera","Twinnia_tibblesi"
"647346c6395a8b941d5863e57a11a8dd","d__Eukaryota","Amoebozoa","Discosea","Dactylopodida","Dactylopodida","Korotnevella","uncultured_eukaryote"
"599f9e61156e2817a77fe5c3a4b4386e","d__Eukaryota","Nucleariidae_and_Fonticula_group","Nucleariidae_and_Fonticula_group","Nucleariidae_and_Fonticula_group","Nucleariidae","Nuclearia","metagenome"
"d175dc65bc8d8f86dccc8327e538282a","d__Eukaryota","Chlorophyta","Chlorophyceae","Chlorophyceae","Chlorophyceae","Chlorophyceae","Chlorococcum_isabeliense"
"26db2f33d0ff677c8bc0e101d6a19ad6","d__Eukaryota",NA,NA,NA,NA,NA,NA
"609574df38ec1dc9bb1b0ec7584dc3d8","d__Eukaryota","Arthropoda","Insecta","Ephemeroptera","Ephemeroptera","Ephemeroptera",NA
"4f18ff0f2e387bba613fa71408b28044","d__Bacteria","Proteobacteria","Alphaproteobacteria",NA,NA,NA,NA
"03f1cef915426622a7e3e8a897c0a9cc","d__Eukaryota",NA,NA,NA,NA,NA,NA
"3f6a3ce2cfa675b0ff26f98409dd2f47","d__Eukaryota","Cryptomycota","uncultured","uncultured","uncultured","uncultured","uncultured_Eimeriidae"
"7a1ff2efff2bdd822dd0240c0fa61aab","d__Eukaryota","Chlorophyta","Trebouxiophyceae","Trebouxiophyceae","Trebouxiophyceae","Trebouxiophyceae",NA
"f4cffd86564b97c9839c83efcee14b05","d__Eukaryota","Ascomycota","Taphrinomycetes","Taphrinales","Taphrinaceae","Taphrina",NA
"6fcef8ce10cb7be7b6ada8f1feba0fa5","d__Eukaryota","Cryptomycota","uncultured","uncultured","uncultured","uncultured","uncultured_Eimeriidae"
"3d8db4ce1154d968f2e85b16a6ef6fca","d__Eukaryota","Centrohelida","Centrohelida","Centrohelida",NA,NA,NA
"b5d32b2dd2a1e5c51308e49b6b02751b","d__Eukaryota","Arthropoda","Branchiopoda","Diplostraca","Diplostraca","Diplostraca","Oxyurella_longicaudis"
"c368f4ba91eafc1715d824d64f1f703b","d__Eukaryota","Arthropoda","Insecta","Ephemeroptera","Ephemeroptera","Ephemeroptera",NA
"4baa698954f21c214d6f891d1f8023ca","Unassigned",NA,NA,NA,NA,NA,NA
"e7d3d1a97bdd5e6d9002c4a19db1fa38","d__Eukaryota",NA,NA,NA,NA,NA,NA
"1a06b0b7352ed2c57572be37e8082099","d__Eukaryota","Ascomycota","Dothideomycetes","Capnodiales",NA,NA,NA
"13a2ed686fa2b88fe32dbffda8e3953c","d__Eukaryota","Ochrophyta","Chrysophyceae",NA,NA,NA,NA
"e4c33241fe68f51ed43053ed1d33bd7b","d__Eukaryota",NA,NA,NA,NA,NA,NA
"3e32323b1899c0a0207702b70c6dcc82","Unassigned",NA,NA,NA,NA,NA,NA
"3bfb159d1cf1c0350d5ca8d49e598f29","d__Bacteria",NA,NA,NA,NA,NA,NA
"7503fd2c1734321f1381bfa32412dcf5","d__Eukaryota","Ochrophyta","Chrysophyceae",NA,NA,NA,NA
"c32ec4f464cd2b8f3aca73cf0931883b","d__Eukaryota",NA,NA,NA,NA,NA,NA
"0067ccb972fb49b4f3f5244d063ad61e","d__Eukaryota",NA,NA,NA,NA,NA,NA
"abe0bf38efc30e3716c623e969f9f434","Unassigned",NA,NA,NA,NA,NA,NA
"3741a17dc8df0019d8d2ad4c16288326","d__Eukaryota",NA,NA,NA,NA,NA,NA
"889fd90941063e0e6cc23292a9d264f3","d__Eukaryota","Amoebozoa","Discosea","Vannellida","Vannellida","Vannella","Vannella_miroides"
"bfee8ea203b72b435c3fdc3245d63424","d__Bacteria","Proteobacteria",NA,NA,NA,NA,NA
"29f7ea80c8e34cbd474389199ddcc904","d__Eukaryota",NA,NA,NA,NA,NA,NA
"0813f616a7b5131c2e2c2557e3d4c780","d__Bacteria","Gemmatimonadota","Gemmatimonadetes","Gemmatimonadales","Gemmatimonadaceae",NA,NA
"0d40b76863b991842927731bcbda7f0b","d__Eukaryota","Ascomycota","Dothideomycetes","Capnodiales","Cladosporiaceae","Cladosporium",NA
"a5fb8c2d227417ab857b8dc444ff4012","d__Eukaryota",NA,NA,NA,NA,NA,NA
"5379d8c64be3d6b3046301c723e58cb4","d__Eukaryota",NA,NA,NA,NA,NA,NA
"b74229d4c887f21020ccea50b4f35d58","d__Eukaryota",NA,NA,NA,NA,NA,NA
"c4e148086434475fc3f92f508600916f","d__Eukaryota","Ciliophora","Intramacronucleata","Litostomatea",NA,NA,NA
"e1f33375ada1fe6dfddb762a989bb3df","d__Eukaryota","Annelida","Clitellata","Haplotaxida","Haplotaxida","Haplotaxida","Stylaria_sp."
"9f11eddb9da481bdf8d8ce39aaef81ad","Unassigned",NA,NA,NA,NA,NA,NA
"8c1f68a5426c0440ea16fd687c4a4c1f","d__Eukaryota",NA,NA,NA,NA,NA,NA
"0f43265fe2006f0f3e1deb2fb3513110","d__Bacteria",NA,NA,NA,NA,NA,NA
"6003b0ca3b6a533d4d027122a722159e","d__Eukaryota","SAR","Labyrinthulomycetes","Labyrinthulomycetes","Labyrinthulomycetes","Sorodiplophrys","Sorodiplophrys_stercorea"
"29f068ba1dcf574236f4cc52ee300dec","Unassigned",NA,NA,NA,NA,NA,NA
"71e7988d976602a8375ad6d3f435455a","d__Eukaryota",NA,NA,NA,NA,NA,NA
"7ccd97ea5398b1d448fb80e96fc5ccfb","d__Eukaryota","Mollusca","Bivalvia","Veneroida","Veneroida","Veneroida","Tapes_literata"
"710b0bbe55e930446ca44df7e0ba53c7","d__Eukaryota",NA,NA,NA,NA,NA,NA
"db426c6f3a0a65e5b7a15909ce34d567","d__Eukaryota",NA,NA,NA,NA,NA,NA
"bfcfa84ea8725fd4eaed23208d2cd666","d__Eukaryota","Ciliophora","Intramacronucleata","Conthreep","Oligohymenophorea","Tetrahymena",NA
"8cdb33cdc62d21b3819c00a015a12c3c","d__Eukaryota","Vertebrata","Mammalia","Mammalia","Mammalia","Mammalia",NA
"dffc1b657349375608a8266fc07a1c79","d__Bacteria",NA,NA,NA,NA,NA,NA
"46217522c9365a7e091a2aaeb2e3962e","d__Eukaryota",NA,NA,NA,NA,NA,NA
"fa741a87788ae18286a1f882bfe36188","d__Eukaryota","Cercozoa","Imbricatea","Imbricatea","Euglyphida","Paulinella",NA
"10820372ae4a58fe396e1a3990ff84a2","d__Eukaryota","Rotifera","Bdelloidea","Adinetida","Adinetida","Adinetida","Hyalella_azteca"
"bff9c72fb74840a69131f5c92ffeb08d","d__Eukaryota",NA,NA,NA,NA,NA,NA
"ff12fcf511db4608b72646843db968f9","d__Eukaryota",NA,NA,NA,NA,NA,NA
"ef4fb1c3d7137f5ecf6b673989802613","d__Eukaryota","Platyhelminthes","Rhabditophora","Tricladida","Continenticola","Continenticola","Schmidtea_polychroa"
"e68f4ef849ae63d5bae16f00a4c23040","d__Eukaryota","Arthropoda","Insecta",NA,NA,NA,NA
"8b267365b7ecaa27c272c9e28cebebdf","d__Eukaryota",NA,NA,NA,NA,NA,NA
"1a858018e760cc3982693db8e379cfb0","Unassigned",NA,NA,NA,NA,NA,NA
"010b1391d9b87c8dec65754b503b9571","d__Eukaryota","Ochrophyta","Chrysophyceae","Chrysophyceae","Chrysophyceae","Chrysophyceae","Hydrurus_foetidus"
"1ecb239be7f4126d480619167fe6a26d","d__Eukaryota",NA,NA,NA,NA,NA,NA
"e336be621f5fd3077d19cc619446a47e","d__Eukaryota","SAR","Labyrinthulomycetes","Labyrinthulomycetes","Labyrinthulomycetes","Sorodiplophrys","Sorodiplophrys_stercorea"
"e29a2bfa386315987696e3d76ebf6488","d__Eukaryota",NA,NA,NA,NA,NA,NA
"28aaacc4ec006cefc00a421661e72c11","d__Eukaryota","Ciliophora","Postciliodesmatophora","Heterotrichea","Heterotrichea","Stentor","Stentor_roeselii"
"1786681285fa411f673212cd59075da9","d__Eukaryota","Ascomycota",NA,NA,NA,NA,NA
"86afca5e5e06f9c2d7c13e0c919b8c1b","d__Eukaryota","Tardigrada","Eutardigrada","Parachela","Parachela","Parachela","Hypsibius_dujardini"
"920f06733ffa2b9c274e9cb8a9202c3f","d__Eukaryota","Ciliophora","Intramacronucleata","Conthreep","Oligohymenophorea","Peritrichia","Ophrydium_versatile"
"9f5854b2f9840744a6115bd5e1566c88","d__Eukaryota","Basidiomycota","Microbotryomycetes","Sporidiobolales","Sporidiobolaceae","Rhodotorula",NA
"de167abcc88d37355e491bc7f9075a32","d__Eukaryota",NA,NA,NA,NA,NA,NA
"03a4fcd4ef59315a1d24ae27f9e79ae1","d__Eukaryota","Diatomea",NA,NA,NA,NA,NA
"daf6972a43722739454ecf2c3943484b","d__Eukaryota","Chytridiomycota","Chytridiomycetes",NA,NA,NA,NA
"767168b56a3947e6e87798ff1f5ce1f1","d__Eukaryota","Chytridiomycota","Chytridiomycetes","Chytridiales","Chytriomycetaceae","Rhizoclosmatium","Rhizoclosmatium_globosum"
"52719a96826941fe563cad804ae8b110","d__Eukaryota","Rotifera","Bdelloidea","Adinetida","Adinetida","Adinetida",NA
"707a1bcdad328b33071e1ae5eb767d56","d__Eukaryota",NA,NA,NA,NA,NA,NA
"823ce78e6b2df707fb43de7b341e25af","d__Eukaryota",NA,NA,NA,NA,NA,NA
"a9b29111e4b9e2624987fef124d0bb6b","d__Eukaryota","Diatomea","Bacillariophyceae","Bacillariophyceae","Bacillariophyceae","Gomphonema",NA
"69372e766e0861bd0d1fdb76b76177ea","d__Bacteria","Proteobacteria","Alphaproteobacteria","Sphingomonadales","Sphingomonadaceae",NA,NA
"73fa206d7c26883db55f9751f3c9856a","d__Eukaryota","Ochrophyta","Chrysophyceae","Ochromonadales","Ochromonadales","Paraphysomonas","eukaryotic_picoplankton"
"433442e20b5749e58e0238093724057b","d__Eukaryota","Chytridiomycota","Chytridiomycetes","Rhizophydiales","Rhizophydiales","Rhizophydiales","uncultured_eukaryote"
"68047b1d0f89db22cef994700d38a3f9","d__Eukaryota","Ciliophora","Intramacronucleata","Spirotrichea","Choreotrichia","Tintinnidium","uncultured_alveolate"
"b995f55e8d64cf91426432eb7c34e9f6","d__Eukaryota","Ciliophora","Postciliodesmatophora","Heterotrichea","Heterotrichea","Stentor","Stentor_roeselii"
"5de405009eeace4aa452e3ded5fcc579","d__Eukaryota","Diatomea","Bacillariophyceae","Bacillariophyceae","Bacillariophyceae","Gomphonema",NA
"3720f0260398325287508303c3d0fbd2","d__Eukaryota",NA,NA,NA,NA,NA,NA
"c51b1e5595ea178838ad753af6f7f904","d__Eukaryota","Arthropoda","Insecta","Diptera","Diptera","Diptera","Rhipidia_sejuga"
"a35bdd9780954ef95f4fe64c3c9a0656","d__Eukaryota","Retaria","Foraminifera","Rotaliida","Nummulitidae","Nummulitidae",NA
"3acd0589d42b0435a3cbf0aee1aba5dd","d__Eukaryota","Rotifera","Monogononta","Ploimida","Ploimida","Ploimida",NA
"00ddebf31de37466d7ff5ff57c2f3ec0","d__Eukaryota",NA,NA,NA,NA,NA,NA
"fbbdd7a809f99355a8d8564f36de35eb","d__Eukaryota","Ciliophora",NA,NA,NA,NA,NA
"9f4548b34de72919178f3dda5329bd17","d__Eukaryota","Arthropoda","Insecta","Diptera","Diptera","Diptera","Rhyacophila_fasciata"
"1aa3bdda3891733d7f43b5916cb935e3","d__Eukaryota",NA,NA,NA,NA,NA,NA
"ace68066d0d06a27de8230dfea91d057","d__Eukaryota","Gastrotricha","Gastrotricha","Chaetonotida","Chaetonotida","Chaetonotida","uncultured_eukaryote"
"3220eb6449d43cd3119c9bb7f4dd56f3","d__Eukaryota","Chytridiomycota","Chytridiomycetes",NA,NA,NA,NA
"090541c9f8b6e91e8f6127440fc2ce10","d__Eukaryota",NA,NA,NA,NA,NA,NA
"7701cf714d2a600e7c00b702825374bb","d__Eukaryota","Vertebrata","Mammalia","Mammalia","Mammalia","Mammalia",NA
"1ab24d36fdcde5084e00863791c83075","d__Eukaryota",NA,NA,NA,NA,NA,NA
"776c9e37be21560091f3280038dad95d","d__Eukaryota","Chytridiomycota","Chytridiomycetes","Rhizophydiales",NA,NA,NA
"ba39aa214469a2f030cb837f12df6c3f","d__Eukaryota","Ascomycota","Saccharomycetes","Saccharomycetales","Debaryomycetaceae",NA,NA
"998e571478a0a9e2177724588f744ce0","d__Eukaryota","Diatomea",NA,NA,NA,NA,NA
"091dac9b32072d46a91fa902cb8e8ce6","d__Bacteria","Proteobacteria","Gammaproteobacteria",NA,NA,NA,NA
"785ee596d2478988cdb8e3c9dceb71c6","d__Eukaryota","Apicomplexa","Conoidasida","Gregarinasina",NA,NA,NA
"ed733e3528aba10ee52432480c41cdfa","d__Eukaryota","SAR","Labyrinthulomycetes","Labyrinthulomycetes","Labyrinthulomycetes","Sorodiplophrys","Sorodiplophrys_stercorea"
"5e14854c9486c0bf81ec36cd8b567c1b","d__Eukaryota",NA,NA,NA,NA,NA,NA
"259b2a11eaaf7bb350cf4b5d299c1c94","d__Eukaryota","Cercozoa","Thecofilosea","Cryomonadida","Protaspidae",NA,NA
"1b989fbb4458b78278aa023327d2fd68","d__Eukaryota",NA,NA,NA,NA,NA,NA
"d62208ed7c8afc667c191cc124315ac6","d__Bacteria",NA,NA,NA,NA,NA,NA
"447234de0ef2f6b498033662b7f012b2","d__Eukaryota","Chlorophyta","Chlorophyceae","Chlorophyceae","Chlorophyceae","Chlorophyceae",NA
"8231131c6e6309a4e8f789b99751cf6e","d__Eukaryota",NA,NA,NA,NA,NA,NA
"743c58f7b6cf7a93536d77b4c198216f","d__Eukaryota","Phragmoplastophyta","Embryophyta","Magnoliophyta","Magnoliophyta","Magnoliophyta",NA
"c88eeed13f51f7e3684352b84913dd81","d__Eukaryota","Ascomycota","Eurotiomycetes","Chaetothyriales","Trichomeriaceae",NA,NA
"a31bcfc70e114a32de5941968b90bc82","d__Eukaryota","Arthropoda","Malacostraca","Peracarida","Peracarida","Peracarida","Asellus_aquaticus"
"7b8d05da8cc8350f263db41588fcde34","d__Eukaryota","Cercozoa","Cercomonadidae","Cercomonadidae","Cercomonadidae","Paracercomonas",NA
"94cda2b714fb1de181aa49066172750f","d__Eukaryota","Arthropoda","Insecta","Trichoptera","Trichoptera","Trichoptera",NA
"9c9308a5ec8b1d668dfbbe26cb1d6fbe","d__Eukaryota","Diatomea",NA,NA,NA,NA,NA
"8d8ddd9f2557778b0d4ee4b5087222c2","d__Eukaryota",NA,NA,NA,NA,NA,NA
"962441d601a33d43f5080c1e10374043","Unassigned",NA,NA,NA,NA,NA,NA
"083f3f5630874f457a7f321584745065","d__Eukaryota",NA,NA,NA,NA,NA,NA
"6af7daada42a7b779aa861f8394edb5e","d__Eukaryota","Ciliophora","Intramacronucleata","Spirotrichea","Hypotrichia",NA,NA
"9a9875c5f1dd342fdadc3e39261120e6","d__Eukaryota","Vertebrata","Mammalia","Mammalia","Mammalia","Mammalia",NA
"581a311c823560e13dda24b30bbf5a92","d__Eukaryota",NA,NA,NA,NA,NA,NA
"7fdfd904891d046f6d4e8020a8a272b0","d__Eukaryota","Chytridiomycota","Chytridiomycetes",NA,NA,NA,NA
"1f5282f044711ee55e38edb697a4d134","d__Eukaryota",NA,NA,NA,NA,NA,NA
"1ec9295249c3ad5bef881449a362a45f","d__Eukaryota",NA,NA,NA,NA,NA,NA
"bcc571526b45d293f2107b6da2577b22","d__Eukaryota","Phragmoplastophyta","Embryophyta","Magnoliophyta","Magnoliophyta","Magnoliophyta",NA
"300504c3fc05a6b6a9a8825d7031952d","Unassigned",NA,NA,NA,NA,NA,NA
"fcc7bf8d09a56e2dae992af453722ee3","d__Eukaryota","Rotifera","Bdelloidea","Adinetida","Adinetida","Adinetida",NA
"0d8ad8b0a3084edc64166e9b8f68d597","d__Bacteria","Planctomycetota","Planctomycetes","Planctomycetales","Schlesneriaceae","Schlesneria","uncultured_bacterium"
"c3123c1b05bc4d647a5aa6a46e71368d","d__Eukaryota",NA,NA,NA,NA,NA,NA
"22554ce0a52896abb5b9d018555f18ea","d__Eukaryota","Cercozoa",NA,NA,NA,NA,NA
"a6f56ba64d360e090a71d1750a30efc5","Unassigned",NA,NA,NA,NA,NA,NA
"df577bf080b37359160228a3d749640e","d__Eukaryota",NA,NA,NA,NA,NA,NA
"4eca633383e3941a67e9224cf5454201","d__Eukaryota",NA,NA,NA,NA,NA,NA
"f38bff563b1097e581c7cfa135772fce","d__Eukaryota","Cercozoa",NA,NA,NA,NA,NA
"48b1fd5d7f347aef128042ece539406d","d__Bacteria",NA,NA,NA,NA,NA,NA
"322fcc178fd58c6b98c243c741d68676","d__Eukaryota",NA,NA,NA,NA,NA,NA
"d45000b006d272c34ad528d65d5f20eb","d__Eukaryota",NA,NA,NA,NA,NA,NA
"a36a9ef876a16c1c885cbd40e813c7b7","d__Eukaryota","Cercozoa","Clathrulinidae","Clathrulinidae","Clathrulinidae","Hedriocystis","uncultured_eukaryote"
"beb103ee0251af0fe9166793bea04b4c","d__Eukaryota","Rigifilida","Rigifilida","Rigifilida","Rigifilida","Rigifilida","metagenome"
"35d1c5b4bd1565395f2aa6435e06f28c","d__Eukaryota","Chlorophyta","Ulvophyceae","Ulvophyceae","Ulvophyceae","Ulvophyceae",NA
"4d05ad9dac4d7bf47b91ddf6476e71e1","d__Eukaryota","Ochrophyta","Chrysophyceae","Chrysophyceae","Chrysophyceae","Chrysophyceae",NA
"43bd10b500615e71ae4fc6b2d5486ddf","d__Eukaryota","Diatomea","Bacillariophyceae","Bacillariophyceae","Bacillariophyceae","Encyonema","uncultured_Encyonema"
"c79d1ba94e21bc61b7138445ec61a307","d__Eukaryota","Chlorophyta","Chlorophyceae","Chlorophyceae","Chlorophyceae","Chlorophyceae","Aphanochaete_sp."
"0b3042411399aef8fb65077fe00eb7b8","d__Bacteria","Verrucomicrobiota","Verrucomicrobiae",NA,NA,NA,NA
"7f6da62935e39482403e980f372ef814","d__Eukaryota","Arthropoda","Insecta","Trichoptera","Trichoptera","Trichoptera","Rhyacophila_fasciata"
"968ed005e4d32bbabe5595667f1b931d","d__Eukaryota","Chytridiomycota","Chytridiomycetes",NA,NA,NA,NA
"11636a402b61f62eb2c617c0ee588201","d__Bacteria",NA,NA,NA,NA,NA,NA
"eb71ce7ea31901c9937a6e3cbb814c14","d__Eukaryota",NA,NA,NA,NA,NA,NA
"1365b34283f16b952b5835cf10f8e863","d__Eukaryota","Ochrophyta","Chrysophyceae","Chrysophyceae","Chrysophyceae","Chrysophyceae","Hydrurus_foetidus"
"7e7127016676bb52c76d7c7206b52ac8","d__Eukaryota","Nematozoa","Chromadorea","Rhabditida","Rhabditida","Rhabditida","Acrobeloides_thornei"
"91aeba61f76cac97af4cd45b242c4b3f","d__Eukaryota","Diatomea","Bacillariophyceae","Bacillariophyceae","Bacillariophyceae","Navicula","Navicula_phyllepta"
"f7d0b746ebb1afba8b657a367e10b399","d__Eukaryota",NA,NA,NA,NA,NA,NA
"ed59a280a0e219f109b4fecd42b629e2","d__Eukaryota","Arthropoda","Insecta","Diptera","Diptera","Diptera","Ablabesmyia_rhamphe"
"d9ec921d80abaddd25aa14082cf4b658","d__Eukaryota",NA,NA,NA,NA,NA,NA
"4dfa55cf80fb67b439a135ee567f4837","Unassigned",NA,NA,NA,NA,NA,NA
"74251c7f5a7f8012e677f7ba1172f267","d__Bacteria","Proteobacteria","Gammaproteobacteria","Burkholderiales","Rhodocyclaceae",NA,NA
"4db46736b9122724ddedb40c33533b38","d__Eukaryota",NA,NA,NA,NA,NA,NA
"7f27dd236fc8f093b08655d1a2134653","d__Eukaryota","Ciliophora","Intramacronucleata","Conthreep","Plagiopylea","Epalxella","metagenome"
"38deb5b218df4869ac3f4c46ed957f22","d__Eukaryota","Centrohelida","Centrohelida","Centrohelida",NA,NA,NA
"0587f10cc9f0f3c7e0f35fe81e6190e7","d__Eukaryota","Arthropoda","Maxillopoda",NA,NA,NA,NA
"8e9a6a1a588258a6877099817abc64dc","Unassigned",NA,NA,NA,NA,NA,NA
"9af4ed3583ce0b398be4c33730bc2a70","d__Eukaryota",NA,NA,NA,NA,NA,NA
"67cec22ebcca45d1109e0b2894c3861e","d__Eukaryota","Gastrotricha","Gastrotricha","Chaetonotida","Chaetonotida","Chaetonotida","uncultured_eukaryote"
"2f025a1a3ac6d0d3f9223952ea3ef411","d__Eukaryota","Ciliophora","Intramacronucleata","Spirotrichea","Hypotrichia","Hypotrichia",NA
"ef1e97ef79bd1d404cb27ae896a2dd58","d__Bacteria","Desulfobacterota","Desulfovibrionia","Desulfovibrionales","Desulfovibrionaceae","Desulfovibrio",NA
"b6fa7d7fd8d3157eac75c7a766aaece0","d__Eukaryota",NA,NA,NA,NA,NA,NA
"f0d9798329eaf6cab4439cc804e9dc05","d__Eukaryota",NA,NA,NA,NA,NA,NA
"850461b0d56deededc5380dd06f655b7","d__Eukaryota","Platyhelminthes","Rhabditophora","Tricladida","Continenticola","Continenticola","Dugesia_japonica"
"67126bb117e3ae7276807c63428dae14","d__Eukaryota","Ciliophora","Intramacronucleata","Conthreep","Prostomatea","Placus","Placus_salinus"
"550676d38f407265485884ec7c6cb214","d__Eukaryota","Ochrophyta","Chrysophyceae",NA,NA,NA,NA
"ac8112a452c1136f0e5bfd5f4e53e811","d__Eukaryota",NA,NA,NA,NA,NA,NA
"e4a9b16596d26d11aa47de966a23c7fd","d__Eukaryota",NA,NA,NA,NA,NA,NA
"0df7a8f102a12f8c08ad51da8f388891","d__Eukaryota","Ciliophora","Postciliodesmatophora","Heterotrichea","Heterotrichea","Stentor","Stentor_roeselii"
"62fad0da8ab2df2acbd9d5153f772cf7","d__Eukaryota",NA,NA,NA,NA,NA,NA
"8d0f68a81f7ce9b692dbe9bdd003e35a","d__Eukaryota","Rotifera","Bdelloidea","Adinetida","Adinetida","Adinetida",NA
"e9cf9fae19b0f4b6b066f3655a10778d","d__Bacteria","Verrucomicrobiota",NA,NA,NA,NA,NA
"51dc2777df95a81a2c6398ddadc00f97","d__Eukaryota","Arthropoda","Insecta","Ephemeroptera","Ephemeroptera","Ephemeroptera",NA
"9ea56fc8bf407883ec4447ae91356d9d","d__Eukaryota",NA,NA,NA,NA,NA,NA
"4d113fb90829e5244e912f2819b59380","d__Eukaryota","Basidiomycota","Microbotryomycetes","Sporidiobolales","Sporidiobolaceae","Rhodotorula",NA
"fca82739321630810efab9b31adb9926","d__Eukaryota","Vertebrata","Mammalia","Mammalia","Mammalia","Mammalia",NA
"676f1ecfe625d0f94181ff59df6d367c","d__Eukaryota","Dinoflagellata","Dinophyceae","Peridiniphycidae","Thoracosphaeraceae",NA,NA
"cd72cd2b60f9fd6d0d7a74e50b2fc3dc","Unassigned",NA,NA,NA,NA,NA,NA
"e6d428b12a33cf8c328b76b0f062af3f","d__Eukaryota","Ciliophora","Intramacronucleata","Conthreep","Oligohymenophorea","Peritrichia","uncultured_eukaryote"
"d9dae58723930477354e818acdfffabe","d__Eukaryota",NA,NA,NA,NA,NA,NA
"402f46eb312fc18fc2729f8e8292d32a","d__Eukaryota","Annelida","Clitellata","Haplotaxida","Haplotaxida","Haplotaxida","Stylaria_sp."
"58dbe50ccaada146207ffb75db828bd1","d__Eukaryota",NA,NA,NA,NA,NA,NA
"e5bbf04caee5aa3d00d34372756f86c2","d__Bacteria","Nitrospirota","Nitrospiria","Nitrospirales","Nitrospiraceae","Nitrospira",NA
"060653e33c8a15c650aad918b195efc8","d__Eukaryota",NA,NA,NA,NA,NA,NA
"bfd7d4dcaf66c8393b299a73fa25b04e","d__Eukaryota","Ascomycota","Dothideomycetes","Capnodiales",NA,NA,NA
"a2d0a5a41ec844fa1ff694bb59cc7662","d__Eukaryota",NA,NA,NA,NA,NA,NA
"346e318eb886a774d54892c3c0122f6c","d__Eukaryota","Basidiomycota","Agaricomycetes",NA,NA,NA,NA
"79c60e58df3a2152b778c55ac9de9162","d__Bacteria","Campilobacterota","Campylobacteria","Campylobacterales","Sulfurimonadaceae","Sulfuricurvum","uncultured_Sulfuricurvum"
"4ff87224b648afc1e90aef3343f1e971","d__Eukaryota","Centrohelida","Centrohelida","Centrohelida",NA,NA,NA
"f092c838523ed7123a31a8262a0f075d","Unassigned",NA,NA,NA,NA,NA,NA
"abe0b7329d37070e141b8ddadab8a0e0","d__Eukaryota",NA,NA,NA,NA,NA,NA
"4fef5f08efe236db9abf75c88a73b32f","d__Eukaryota","Bicosoecida","Bicosoecida","Bicosoecida","Bicosoecida","Bicosoeca","metagenome"
"3dcdd030221ebffefce3fad239425b37","Unassigned",NA,NA,NA,NA,NA,NA
"ec09609c93ab5f05a9f0e87d09034a7e","Unassigned",NA,NA,NA,NA,NA,NA
"9e7c1f6da8f07d3660b384490e16a5ac","d__Eukaryota","Platyhelminthes","Rhabditophora","Rhabdocoela","Neodalyellida","Neodalyellida",NA
"b14f4e2a37aaec9edfd7f4b76a0fad46","d__Eukaryota",NA,NA,NA,NA,NA,NA
"2c92706e7805f7340a8e0f5a805e9499","d__Eukaryota",NA,NA,NA,NA,NA,NA
"1f2ded76e2f5cfed2137ff85a607f4fb","d__Eukaryota","Amoebozoa","Discosea","Discosea","Discosea","Discosea","metagenome"
"b521425788485e7039afd15c17a8504c","d__Eukaryota","Ciliophora","Intramacronucleata","Conthreep","Nassophorea",NA,NA
"f3e21e8aef0a76ed486fd771dcf6d786","d__Eukaryota","Peronosporomycetes","Peronosporomycetes","Peronosporomycetes","Peronosporomycetes","Achlya","Achlya_apiculata"
"5ba7b0ad18707055fdc0807552d54491","d__Eukaryota","Apicomplexa","Conoidasida","Gregarinasina","Eugregarinorida","Eugregarinorida","Apicomplexa_sp."
"a768d2c42bf98c7365ece61347468cc2","d__Eukaryota","Annelida","Clitellata","Haplotaxida","Haplotaxida","Haplotaxida",NA
"4b994fa890bf158a5d113d03f5270da2","d__Eukaryota",NA,NA,NA,NA,NA,NA
"89f14b4d2b59da5444d36f4787da5aa5","d__Eukaryota","Ciliophora","Intramacronucleata","Conthreep","Oligohymenophorea","Peritrichia","Ophrydium_versatile"
"495dd8783c0315d9fe8bdec985267d00","d__Eukaryota","Ochrophyta","Chrysophyceae",NA,NA,NA,NA
"97f3cb9b4f9735e37d145f74a5f04b81","d__Eukaryota","Euglenozoa","Kinetoplastea",NA,NA,NA,NA
"4cea73e75635786b525c4c1b82531ba5","d__Eukaryota",NA,NA,NA,NA,NA,NA
"2042342ab88ae26a2b65ab9e0fb09ca5","d__Eukaryota",NA,NA,NA,NA,NA,NA
"732b168ced6d546791566ef1ed6b6cd4","d__Eukaryota","Basidiomycota","Agaricomycetes","Agaricales",NA,NA,NA
"e66fdc6738bdb390a14ca00317b9cd8b","d__Bacteria","Proteobacteria",NA,NA,NA,NA,NA
"0412945d3ae291fc6e56b05d023895e4","d__Eukaryota",NA,NA,NA,NA,NA,NA
"2e5954edff79f9bc322d1db45909bd62","d__Eukaryota","Ciliophora","Intramacronucleata","Litostomatea","Haptoria","Hemiophrys",NA
"baf6ac366260ce235e4153e48225b169","d__Eukaryota","Diatomea","Coscinodiscophytina","Coscinodiscophytina","Melosirids","Melosira","Melosira_varians"
"96364f8f0a7d770fabd490f16d1d5e13","d__Eukaryota","Rotifera","Bdelloidea","Adinetida","Adinetida","Adinetida",NA
"6a957f31b5f94b71bb33beeff61eb919","d__Eukaryota","Chlorophyta","Trebouxiophyceae","Trebouxiophyceae","Trebouxiophyceae","Trebouxiophyceae","Chlorella_stigmatophora"
"3dc120c7638860b4df4f66eb5cfc3cd6","d__Eukaryota","Ochrophyta","Chrysophyceae",NA,NA,NA,NA
"2898ee1fd79a99af04c01f18577727b5","Unassigned",NA,NA,NA,NA,NA,NA
"67f21219c124aa4824917ec07d37c9ba","d__Eukaryota","Amoebozoa","Tubulinea","Euamoebida","Euamoebida","Euamoebida","Hartmannella_cantabrigiensis"
"600abb066e8e71ad499642aa73b3a7f5","Unassigned",NA,NA,NA,NA,NA,NA
"cebd2094a41f4d22563d038b20928230","d__Eukaryota","SAR","Labyrinthulomycetes","Labyrinthulomycetes","Labyrinthulomycetes","Sorodiplophrys","Sorodiplophrys_stercorea"
"acd9d3d79ea0c1cf7c4c61a034d29392","d__Eukaryota","Basidiomycota",NA,NA,NA,NA,NA
"c3b102816898f983410100fdbc95cc67","d__Eukaryota",NA,NA,NA,NA,NA,NA
"41f43b2f9eff2aa3c1ff40fa1e7649c7","d__Eukaryota",NA,NA,NA,NA,NA,NA
"a2b1def959c149b223ec21f7d31bc5cc","d__Eukaryota","Ciliophora","Intramacronucleata","Conthreep","Oligohymenophorea",NA,NA
"3de3a8653b10a6ba76628a27cbc70558","d__Eukaryota","Chlorophyta","Ulvophyceae","Ulvophyceae","Ulvophyceae","Ulvophyceae",NA
"b539fc2eb26ddfab7b1f09179375cca6","d__Eukaryota",NA,NA,NA,NA,NA,NA
"9781c7513ed4638d45d37717f78e6956","d__Eukaryota","Cercozoa","Novel_Clade_10","Novel_Clade_10","Novel_Clade_10","Novel_Clade_10","uncultured_Cercozoa"
"a4071770ac4280b52e38ae4c7633109f","d__Eukaryota",NA,NA,NA,NA,NA,NA
"6aa2b32667a665f1f0628091ac76f437","d__Eukaryota",NA,NA,NA,NA,NA,NA
"ddd2a2c23e51a3eb1032150d0fe140af","d__Eukaryota","Annelida","Clitellata","Haplotaxida","Haplotaxida","Haplotaxida","Stylaria_sp."
"2e55508be3826227ff00822dc1a4c62c","d__Eukaryota","Ciliophora","Intramacronucleata","Conthreep","Oligohymenophorea",NA,NA
"4c60700a74e09af45c038bbfee94d7d9","d__Eukaryota",NA,NA,NA,NA,NA,NA
"1d8b6f9527cac608455cdd76b994963e","d__Eukaryota","Ochrophyta","Chrysophyceae",NA,NA,NA,NA
"af34a5a982b08dee08154fc97fe5265e","d__Eukaryota","Retaria","Foraminifera","Rotaliida","Rotaliida","Rotaliida",NA
"2c26ab9b48457443edb68ebe811e442a","d__Eukaryota","Chytridiomycota","Chytridiomycetes",NA,NA,NA,NA
"b51353b7d6e052f0cca76a2b8ae253a1","d__Eukaryota","Heterolobosea","Tetramitia","Tetramitia","Tetramitia","Allovahlkampfia","Plasmopara_viticola"
"35e293ff225867bc30c33afe838bad92","d__Eukaryota",NA,NA,NA,NA,NA,NA
"2aa6be4d0836b82c4182352dcf590956","d__Eukaryota",NA,NA,NA,NA,NA,NA
"51fb9ec7352112a4c8628238830219a1","d__Eukaryota","Euglenozoa","Kinetoplastea",NA,NA,NA,NA
"cf72b4f3db497d879568711e0abf6c1b","d__Eukaryota","Cercozoa","uncultured","uncultured","uncultured","uncultured","uncultured_Cercozoa"
"3df3869ac268bfaa39c9437d25064631","d__Eukaryota","Euglenozoa","Kinetoplastea","Prokinetoplastina","Prokinetoplastina","Ichthyobodo","Ichthyobodo_necator"
"6792675338e70520d0fb277374737945","d__Eukaryota","Ochrophyta",NA,NA,NA,NA,NA
"1c07bb3ab7913783089865e29bd9c2e6","d__Eukaryota",NA,NA,NA,NA,NA,NA
"ce7bf1e18662864fd6a9bfd8c5c28f10","d__Eukaryota","Chytridiomycota","Chytridiomycetes",NA,NA,NA,NA
"2f1863b194fd5399b540a09fdd3311b7","d__Eukaryota",NA,NA,NA,NA,NA,NA
"7881dccaaabb65333c584264c9e949ed","d__Eukaryota",NA,NA,NA,NA,NA,NA
"403922540f42fc642fcf52b59629e114","d__Eukaryota","Cercozoa","Imbricatea","Imbricatea","Imbricatea","Nudifila","metagenome"
"43abafcdfd8aac28573a4696997d67f1","d__Eukaryota",NA,NA,NA,NA,NA,NA
"7aac54df05ebc54c014f2abb5d620746","d__Eukaryota","Apicomplexa","Conoidasida","Gregarinasina","Eugregarinorida","Ascogregarina",NA
"5ee50b0e39b50b2503228493930618a5","Unassigned",NA,NA,NA,NA,NA,NA
"19bfcbcf8b29736bfa8885b039fbf30b","d__Eukaryota",NA,NA,NA,NA,NA,NA
"0356cf899d2ce50d735a66c7c7b496b7","d__Eukaryota","Annelida","Clitellata","Haplotaxida","Haplotaxida","Haplotaxida","Stylaria_sp."
"a5477a5bc0d988a3b19576bfb02dba15","d__Eukaryota",NA,NA,NA,NA,NA,NA
"36f4afb9b31dfbcb090434be62f8562a","d__Eukaryota","Gastrotricha","Gastrotricha","Chaetonotida","Chaetonotida","Chaetonotida",NA
"79048446e329759575bcbf8b829a0eb8","d__Eukaryota","Centrohelida","Centrohelida","Centrohelida",NA,NA,NA
"b95d543d66e44a01c53134c57cc7c1c7","d__Eukaryota",NA,NA,NA,NA,NA,NA
"38e61d80759d85876050d11f7011625b","d__Eukaryota",NA,NA,NA,NA,NA,NA
"49f82bc4e20b41eb8b3829e0f2ab920f","d__Eukaryota","Apicomplexa","Conoidasida","Gregarinasina","Neogregarinorida","Neogregarinorida","Dendroctonus_ponderosae"
"341d4af5a9b7162239863dec0e308086","d__Eukaryota",NA,NA,NA,NA,NA,NA
"f13d39078a424b958d5adb3a4ae3db1f","d__Eukaryota","Ciliophora","Intramacronucleata","Litostomatea",NA,NA,NA
"8d0c2c6fe9ba1fbfbd391bbd014a1d9f","d__Eukaryota",NA,NA,NA,NA,NA,NA
"78c78cf22d0d916125cf11169eb80195","d__Eukaryota",NA,NA,NA,NA,NA,NA
"825e8658844fdde86c602bf8c5ac184e","d__Eukaryota","Ochrophyta","Eustigmatophyceae","Eustigmatales","Eustigmatales","Nannochloropsis",NA
"4ad3f1062cae254b8513c29c5733088c","d__Eukaryota","Ciliophora","Intramacronucleata","Litostomatea","Haptoria","Hemiophrys",NA
"f83d29ebc586125d658cfbeac7d88b84","d__Eukaryota","Chlorophyta","Ulvophyceae","Ulvophyceae","Ulvophyceae","Ulvophyceae","Planophila_laetevirens"
"a4be56b72f27a1ed615fd827a9abb7ba","d__Eukaryota","Cercozoa","Incertae_Sedis","Incertae_Sedis","Incertae_Sedis","Gymnophrys","uncultured_eukaryote"
"9b1af03ec3fb8150f1c34453ba7a7e2f","d__Eukaryota","Incertae_Sedis","Incertae_Sedis","Incertae_Sedis","Incertae_Sedis","Telonema","uncultured_marine"
"30e6e9763ec8f8e98319b4186aca21c1","d__Eukaryota",NA,NA,NA,NA,NA,NA
"2023c5566d657807f50b6199b13c3021","d__Eukaryota",NA,NA,NA,NA,NA,NA
"2153edbc8d063656b780261a99012c8a","Unassigned",NA,NA,NA,NA,NA,NA
"ea74cd7f9dc237edd8f8e73bafb6fd86","d__Eukaryota",NA,NA,NA,NA,NA,NA
"2f9e82d1bd62acc0403ddb1f23849ea0","d__Bacteria","Verrucomicrobiota","Verrucomicrobiae","Opitutales","Opitutaceae",NA,NA
"a556cdb0cdbc6a8c16d5ea8848b4559f","d__Eukaryota",NA,NA,NA,NA,NA,NA
"72fa8d5d39f5db25b30ec1101c2a1ae0","d__Eukaryota","Ciliophora","Postciliodesmatophora","Heterotrichea","Heterotrichea","Stentor","Stentor_roeselii"
"ba5188f80564ad65c289b873c8b4625f","d__Eukaryota","Peronosporomycetes","Peronosporomycetes","Peronosporomycetes","Peronosporomycetes","Aphanomyces","Aphanomyces_astaci"
"aaf76be48a28326616339008e49075d7","d__Eukaryota","Chlorophyta","Chlorophyceae","Chlorophyceae","Chlorophyceae","Chlorophyceae",NA
"ce4e71e44dde94f17786c61461929e57","Unassigned",NA,NA,NA,NA,NA,NA
"44f2346c1f50de76fbf521d3ae61a18b","Unassigned",NA,NA,NA,NA,NA,NA
"e7c120f4698b7cf7242c0884f2368d2c","d__Eukaryota",NA,NA,NA,NA,NA,NA
"dfa7e5c8c44cb6b9c7bb98c666d7f81a","Unassigned",NA,NA,NA,NA,NA,NA
"e4ea57f8686c6b99110382968247955e","d__Eukaryota","Ciliophora","Intramacronucleata","Conthreep","Oligohymenophorea",NA,NA
"4efead10d991cb6f2c99273ba3c13cc0","d__Eukaryota","Cercozoa",NA,NA,NA,NA,NA
"c53d6b10fccbc8bfdb9daebfd38b5d79","Unassigned",NA,NA,NA,NA,NA,NA
"d40d6974cb17e4791ad1e88245d1a9bb","d__Eukaryota",NA,NA,NA,NA,NA,NA
"50fc2cbaa32d8ea367dafc4c6e0af2b9","d__Eukaryota","Annelida","Clitellata","Haplotaxida","Haplotaxida","Haplotaxida","Stylaria_sp."
"b02ad47aaf50ae5a5f28c6468c230e63","d__Eukaryota",NA,NA,NA,NA,NA,NA
"db6fcb6ee87da3794649130bbea51bdc","Unassigned",NA,NA,NA,NA,NA,NA
"cd55b1641860335c541bc29377ac5ba7","d__Eukaryota",NA,NA,NA,NA,NA,NA
"a29aa4c102ca321d22f56d130fed8050","d__Eukaryota","Ascomycota","Dothideomycetes","Dothideales","Dothideaceae",NA,NA
"cfffa98b39d0105ca3d08b27d0bbc21e","d__Eukaryota","Ciliophora","Intramacronucleata","Spirotrichea","Hypotrichia","Hypotrichia","metagenome"
"d35e9770a7b85a25d8b1f6387554f43f","d__Eukaryota",NA,NA,NA,NA,NA,NA
"c73beef565fe6f2855cc4a6659310c1e","d__Eukaryota",NA,NA,NA,NA,NA,NA
"5af314003059cee079dd278351d49e47","d__Eukaryota","Arthropoda","Insecta","Ephemeroptera","Ephemeroptera","Ephemeroptera",NA
"fe2efca9f939c0ba0aae8fd2b858b4c6","d__Bacteria","Verrucomicrobiota","Verrucomicrobiae","Opitutales","Opitutaceae",NA,NA
"6392b24bf67e1c9a5a04a4794de7a952","d__Bacteria",NA,NA,NA,NA,NA,NA
"c207e73f7bbc5fe34b7efad51b3a55ca","d__Eukaryota","Ascomycota",NA,NA,NA,NA,NA
"eed59eb0b3ddbf4ea62cb4b8f5ebd314","d__Eukaryota","Diatomea",NA,NA,NA,NA,NA
"0602b3dddb7e8ca2de087d6e2f545922","d__Eukaryota","Diatomea",NA,NA,NA,NA,NA
"d531502241c376a9a8475d2f8366278b","d__Eukaryota","Basidiomycota","Tremellomycetes","Tremellales","Sirobasidiaceae","Sirobasidium","Sirobasidium_brefeldianum"
"f68cf91420b184bb86cb851ec7472ed8","d__Bacteria",NA,NA,NA,NA,NA,NA
"160eab75f341f8faf7c1fa14173a2f69","d__Eukaryota",NA,NA,NA,NA,NA,NA
"bf608327bd052e5c9182660acdd3e8aa","d__Eukaryota",NA,NA,NA,NA,NA,NA
"7cbd747e8d4e5678224873e4eafc4927","d__Eukaryota","Gastrotricha","Gastrotricha","Chaetonotida","Chaetonotida","Chaetonotida","uncultured_eukaryote"
"f111029b496968ab1923aa453de7ad14","d__Eukaryota","Incertae_Sedis","Incertae_Sedis","Incertae_Sedis","Incertae_Sedis","Telonema","uncultured_marine"
"21a06c9b62ee50941a57fcfec1fecfe5","d__Eukaryota","Gastrotricha","Gastrotricha","Chaetonotida","Chaetonotida","Chaetonotida","Halichaetonotus_schromi"
"fb4a04ace408530e89da7dd8541098b3","d__Eukaryota","Basidiomycota","Agaricomycetes",NA,NA,NA,NA
"ee8ce6dfd0a7f68538d5615a222315ce","d__Eukaryota","Chlorophyta","Trebouxiophyceae","Trebouxiophyceae","Trebouxiophyceae","Trebouxiophyceae","Chloroidium_saccharophilum"
"96d5c477dd296720e76edfc26a373f5e","d__Eukaryota",NA,NA,NA,NA,NA,NA
"afe3ccc318ab0b0c0558dea1d8d89d65","d__Eukaryota","Arthropoda","Insecta",NA,NA,NA,NA
"cbc7304f4f17a5cd69c0c46a7372b85a","d__Eukaryota","Cercozoa","Imbricatea","Imbricatea","Euglyphida",NA,NA
"b0d92c5402b1e28149e02b004ba63a86","d__Eukaryota",NA,NA,NA,NA,NA,NA
"7ed5eaf806e66584df6f0af5651256eb","d__Eukaryota","Basidiomycota","Agaricomycetes","Corticiales","Corticiaceae","Phlebia",NA
"f92d1b4fcbedff7f8a42da8a3960141e","d__Eukaryota","Gastrotricha","Gastrotricha","Chaetonotida","Chaetonotida","Chaetonotida","uncultured_eukaryote"
"59507bb2b1992e8ad04bc1af5b314bdc","Unassigned",NA,NA,NA,NA,NA,NA
"431396997478d76c3317b7d2dd37a992","d__Eukaryota","Ochrophyta","Chrysophyceae",NA,NA,NA,NA
"395bb7679ef15c37868a99ff20da3200","Unassigned",NA,NA,NA,NA,NA,NA
"d4f065161407887ae20212e7e775674f","d__Eukaryota","Incertae_Sedis","Incertae_Sedis","Incertae_Sedis","Incertae_Sedis","Telonema","uncultured_marine"
"65f399daf5b3a411bdb37a8bf55e3488","d__Eukaryota","Chlorophyta","Chlorophyceae","Chlorophyceae","Chlorophyceae","Chlorophyceae",NA
"9b22c277f1b60b94bc64f591360c2998","d__Eukaryota",NA,NA,NA,NA,NA,NA
"8e25fce6fe43cd7f0b60400e81736e75","d__Eukaryota","Amoebozoa","Discosea","Vannellida","Vannellida",NA,NA
"e2a40304bf0772dd845b26a723ec2491","d__Eukaryota","Ascomycota",NA,NA,NA,NA,NA
"966e1e84df31438bf57fee987a5c1242","d__Eukaryota",NA,NA,NA,NA,NA,NA
"d6a523b22c01393c0071c5e1c7a98b9c","d__Eukaryota","Ciliophora","Postciliodesmatophora","Heterotrichea","Heterotrichea","Stentor","Stentor_roeselii"
"da964f00c0d04f6fac6cd55678c2f53f","d__Eukaryota","Ciliophora","Postciliodesmatophora","Heterotrichea","Heterotrichea",NA,NA
"597533f3a980cfff773766900f10797a","d__Bacteria","Proteobacteria","Gammaproteobacteria","Burkholderiales","Rhodocyclaceae",NA,NA
"282142a63d688ec85ed668464ad4acb6","d__Eukaryota",NA,NA,NA,NA,NA,NA
"102198bd9d3ea3e66ac67021c46318e2","d__Eukaryota",NA,NA,NA,NA,NA,NA
"968149bf5e73e0519da4baa2234a5b55","d__Eukaryota",NA,NA,NA,NA,NA,NA
"2ab4606041a94dd308550d65639c50db","d__Eukaryota","Ascomycota","Dothideomycetes","Capnodiales","Cladosporiaceae","Cladosporium",NA
"893cd91ed4c20bd96f8a4d10c1a66e68","d__Eukaryota","Vertebrata","Mammalia","Mammalia","Mammalia","Mammalia",NA
"ffa17fc95d2073a0e395ca9602d3262c","d__Eukaryota","Ascomycota","Leotiomycetes",NA,NA,NA,NA
"2081d237490e7a18908440dcfe5c0c16","d__Eukaryota",NA,NA,NA,NA,NA,NA
"14d0b4c36e38f20b50558224d7cc0188","d__Eukaryota","Amoebozoa","Tubulinea","Euamoebida","Euamoebida","Euamoebida","Hartmannella_cantabrigiensis"
"55706847fc986e681881f279c4d32706","d__Bacteria",NA,NA,NA,NA,NA,NA
"d0ee7c8ae19a3c54435abb5a373f8ffd","d__Eukaryota","Gastrotricha","Gastrotricha","Chaetonotida","Chaetonotida","Chaetonotida","Halichaetonotus_schromi"
"5aa1e6fa19aa5379c068fabb7bf60149","d__Eukaryota","Ascomycota",NA,NA,NA,NA,NA
"ef3d031f5e49d2945445fb0789ab2645","d__Eukaryota","Apicomplexa","Conoidasida","Gregarinasina",NA,NA,NA
"6b7f651f9f8b909ccdc7be4f0b189111","d__Eukaryota","Chytridiomycota","Chytridiomycetes","Chytridiales","Incertae_Sedis","Incertae_Sedis","uncultured_Chytridiomycota"
"8f196d6b3fa7c54c3b1c754870a98114","d__Eukaryota",NA,NA,NA,NA,NA,NA
"7eb957e2766f8cda6e2b9beeebc39b40","d__Eukaryota","Apicomplexa","Conoidasida","Gregarinasina",NA,NA,NA
"5cee2e4a3fcb05f934c7f2536482449d","d__Eukaryota","Arthropoda","Insecta",NA,NA,NA,NA
"363e16252374073b8700aa9831881b49","d__Eukaryota",NA,NA,NA,NA,NA,NA
"58b35749352130b29ad4184d93a45507","d__Eukaryota",NA,NA,NA,NA,NA,NA
"6155e261ab0706a29da9c4c41aa729a1","d__Eukaryota",NA,NA,NA,NA,NA,NA
"158651aa4850a090eedc64c2465e4655","d__Eukaryota","Amoebozoa","Tubulinea","Arcellinida","Arcellinida","Arcellinida","metagenome"
"e05ca1e9660bf8b88c7e224153c4b96d","d__Eukaryota",NA,NA,NA,NA,NA,NA
"882d87da417b04d9c399ef77adf93916","Unassigned",NA,NA,NA,NA,NA,NA
"7f83075ae5ed1ea36ec09953b9b73b7b","Unassigned",NA,NA,NA,NA,NA,NA
"f3171ccfb1e8e6a8934ae748bec57418","d__Eukaryota","Ochrophyta","Chrysophyceae","Chrysophyceae","Chrysophyceae","Chrysophyceae",NA
"db896482c5b7d7e80721459b45b276ad","d__Bacteria","Proteobacteria","Gammaproteobacteria","Burkholderiales",NA,NA,NA
"efac7af48193ecbb1c6931b9dea9faa0","d__Eukaryota","Ciliophora","Intramacronucleata","Conthreep","Oligohymenophorea","Tetrahymena",NA
"87b17769d0e0e31d029d508b70c67bc7","d__Eukaryota","Basidiomycota","Agaricomycetes","Polyporales",NA,NA,NA
"be049d7389efb8b3456b9111fae9c374","d__Bacteria","Proteobacteria","Alphaproteobacteria","Sphingomonadales","Sphingomonadaceae",NA,NA
"8c8cc1ae6e2b6a5ac03ef2f72f382f56","d__Eukaryota","Ciliophora","Intramacronucleata","Conthreep","Oligohymenophorea","Peritrichia","Ophrydium_versatile"
"7a445bd5f193d818672570bbb9ce03e3","d__Bacteria","Proteobacteria","Alphaproteobacteria","Sphingomonadales","Sphingomonadaceae",NA,NA
"38bb730a613cc5da3039b7c0caf05b61","d__Eukaryota",NA,NA,NA,NA,NA,NA
"5e53b55b15cc7f62a7e593f54e1bb918","d__Eukaryota",NA,NA,NA,NA,NA,NA
"a124c55805d939c3617e22838cca9147","d__Eukaryota","Ochrophyta","Chrysophyceae",NA,NA,NA,NA
"16875b87d3aa500e1d6d95e1ff77e7f7","d__Eukaryota",NA,NA,NA,NA,NA,NA
"e51f479851f1f4a385e3472d786fbfc8","d__Eukaryota","Arthropoda","Insecta","Ephemeroptera","Ephemeroptera","Ephemeroptera",NA
"706e5f91a60aa1cb8201b2da5f6e5cf9","d__Eukaryota","Platyhelminthes",NA,NA,NA,NA,NA
"e46188448544c193b750e97d53ae3efb","d__Eukaryota","Arthropoda","Insecta","Ephemeroptera","Ephemeroptera","Ephemeroptera","Eurylophella_sp."
"aa893bcbad745c2a01783e0070b1af60","d__Eukaryota",NA,NA,NA,NA,NA,NA
"1c5651b940fbda896dc6ea7cd07b84ae","d__Eukaryota","Ascomycota",NA,NA,NA,NA,NA
"7e8e626909ec65b8170cf5da0dc9cd70","d__Eukaryota","Ciliophora","Intramacronucleata","Conthreep","Oligohymenophorea","Peritrichia","Ophrydium_versatile"
"2033a309b3a15a906cf82cd64c5b59c9","d__Eukaryota","Basidiomycota",NA,NA,NA,NA,NA
"2f214f7c02614c98b9158b6d5d826bc5","d__Eukaryota",NA,NA,NA,NA,NA,NA
"8142383978c0512c333e2348d8804f90","d__Eukaryota",NA,NA,NA,NA,NA,NA
"18bf5b4dfb9f5764c675f17f164d49dc","d__Eukaryota","Chlorophyta","Trebouxiophyceae","Trebouxiophyceae","Trebouxiophyceae","Trebouxiophyceae","Chloroidium_saccharophilum"
"90d575f14438b0dd975e470b45424275","d__Eukaryota","Arthropoda","Insecta","Ephemeroptera","Ephemeroptera","Ephemeroptera",NA
"8ccc3634fc333eaf6158e85215d98331","d__Eukaryota","Peronosporomycetes","Peronosporomycetes","Peronosporomycetes","Peronosporomycetes","Pythium",NA
"5199ea4d3449719c3c8a39a0335d02a8","d__Eukaryota","Arthropoda","Insecta","Diptera","Diptera","Diptera","Chironomus_tentans"
"cebe26973706827c531248e73f1ae1bf","d__Eukaryota",NA,NA,NA,NA,NA,NA
"e320835f2c8d984e5be42cfecc463e80","d__Eukaryota",NA,NA,NA,NA,NA,NA
"1be5997a9769ada450ba6d0b29437de4","d__Eukaryota",NA,NA,NA,NA,NA,NA
"f2e9cbe7f71b718acf22c0db075e15ef","d__Eukaryota","Ochrophyta","Chrysophyceae","Chrysophyceae","Chrysophyceae","Chrysophyceae","Hydrurus_foetidus"
"5e62aae8bfaf5220a04340d0494cfd05","d__Eukaryota","Chytridiomycota","Chytridiomycetes","Rhizophydiales",NA,NA,NA
"d3c7415c6ddb0b4793919fb8ac09c165","d__Eukaryota",NA,NA,NA,NA,NA,NA
"10a6bad007f3a3b910c6812b7cae7469","d__Eukaryota","Chytridiomycota","Chytridiomycetes",NA,NA,NA,NA
"64147d2da085b58114fb55d2b5e6e329","d__Eukaryota","Ciliophora","Intramacronucleata","Conthreep",NA,NA,NA
"99b60e132f70cce475cfe1a0e624ba7d","d__Eukaryota","Chytridiomycota","Chytridiomycetes","Rhizophydiales","Rhizophydiales","Rhizophydiales","uncultured_Chytridiomycota"
"ed3dc6da39c8c2992056e9c06b2bdc36","d__Eukaryota",NA,NA,NA,NA,NA,NA
"bece61cbcf58578bf974068aebab586c","d__Eukaryota",NA,NA,NA,NA,NA,NA
"23192d8ed2e64ed94b4ca8930ff0a237","d__Eukaryota","Arthropoda","Insecta","Diptera","Diptera","Diptera",NA
"d88ee3b8eb85e6590f2f1e6f3b3bda96","d__Bacteria",NA,NA,NA,NA,NA,NA
"9acdf4d2d19cc9e8b57cc5b865f77b52","d__Eukaryota",NA,NA,NA,NA,NA,NA
"ec65dd1a80a1e60741f5c958d512de7c","d__Eukaryota","Ciliophora","Intramacronucleata","Conthreep","Oligohymenophorea",NA,NA
"3a1f89214072c3f6c81e471393e45c3e","Unassigned",NA,NA,NA,NA,NA,NA
"c3a31ec81fabd7a476c92d7bc2c3f16f","d__Eukaryota","Platyhelminthes","Rhabditophora","Tricladida","Continenticola","Continenticola","Schmidtea_polychroa"
"02bf2d83ec5cfb5baaf2267d29170107","d__Eukaryota",NA,NA,NA,NA,NA,NA
"90adc9cc9b0e36a618d8540ec3cd23ca","d__Eukaryota",NA,NA,NA,NA,NA,NA
"ab3e73eb811fc98d5b06d8dcbe17a02b","d__Eukaryota","Vertebrata","Mammalia","Mammalia","Mammalia","Mammalia",NA
"1ddc7d076591e3522eae87e6a1515e7d","d__Eukaryota",NA,NA,NA,NA,NA,NA
"7fd042b92eea83a3f9b351085c3f8d6a","d__Bacteria","Verrucomicrobiota","Verrucomicrobiae",NA,NA,NA,NA
"767a83e30fe4180a2debc0455e879f7c","d__Eukaryota",NA,NA,NA,NA,NA,NA
"8a871965aea44e6563249e54f1e47e9d","d__Eukaryota",NA,NA,NA,NA,NA,NA
"fa66c0c5997b5e9824af4828dae3b4c2","d__Eukaryota",NA,NA,NA,NA,NA,NA
"26eec2941e95813c678cda3c7d1a66a2","d__Eukaryota","Chlorophyta",NA,NA,NA,NA,NA
"8ea9c86ef7662de0776b5b3ad0dd805d","d__Eukaryota","Chytridiomycota","Chytridiomycetes","Rhizophydiales",NA,NA,NA
"46888d10158a2fdf331551affde23bf5","d__Bacteria","Proteobacteria","Gammaproteobacteria",NA,NA,NA,NA
"27b80d150aca29426b2e4e50c49216eb","d__Eukaryota","Chytridiomycota","Chytridiomycetes",NA,NA,NA,NA
"c6df88797a3ec0d4b9a671a2513abcf8","d__Eukaryota","Rotifera","Bdelloidea","Adinetida","Adinetida","Adinetida",NA
"5f6615845b8f18a20ac7e9423d4ff544","d__Eukaryota","Arthropoda","Maxillopoda","Harpacticoida","Harpacticoida","Harpacticoida",NA
"893333e65090dadbc34d6d9bf5f60490","d__Eukaryota",NA,NA,NA,NA,NA,NA
"787a414d91f9a42c5abed87e4b2facff","d__Eukaryota","Apicomplexa",NA,NA,NA,NA,NA
"6f67cbfd7271781a6b1852b37ee0b4df","d__Eukaryota","Ciliophora","Intramacronucleata","Conthreep",NA,NA,NA
"70b2df786d766665ee52e4be5280c6a2","Unassigned",NA,NA,NA,NA,NA,NA
"6e7ab6b93fdfeea6274aa8ef9d3164ee","Unassigned",NA,NA,NA,NA,NA,NA
"8f1e33e6a7886156bcf83acff8e47448","d__Eukaryota","Cercozoa","Imbricatea","Imbricatea","Thaumatomonadida","Thaumatomonas","Thaumatomonas_sp."
"9285dd7ea101155f5062ff11667efea1","d__Eukaryota",NA,NA,NA,NA,NA,NA
"525960a562651bd6128b656f08038cfe","d__Bacteria","Proteobacteria","Alphaproteobacteria",NA,NA,NA,NA
"64fa9180224ad4d1eea3c0a00bd0dd9b","d__Bacteria",NA,NA,NA,NA,NA,NA
"4671b4d45868d0fb4efbd22ded9af3f1","d__Eukaryota",NA,NA,NA,NA,NA,NA
"37ff479daea96e16b51794f567349d84","d__Eukaryota",NA,NA,NA,NA,NA,NA
"e2dd855d91441b8f887d94eab9128a79","d__Eukaryota","Ciliophora","Intramacronucleata","Spirotrichea","Hypotrichia",NA,NA
"70254d378068a61b7471955f451a94ad","d__Eukaryota","Ciliophora","Intramacronucleata","Conthreep","Oligohymenophorea",NA,NA
"39a14538a900d9643ea50e19934756a9","d__Eukaryota","Ciliophora","Intramacronucleata","Spirotrichea","Euplotia","Euplotes",NA
"7a1722002817cee85025629bb8f547a2","d__Eukaryota",NA,NA,NA,NA,NA,NA
"825b0d0cfa8e4f12623b188598cde77c","d__Eukaryota","Cercozoa","Imbricatea","Imbricatea","Euglyphida","Paulinella",NA
"e6df1aaf5b09c6fde7d93042f29315ec","d__Eukaryota","Ochrophyta","Chrysophyceae","Chrysophyceae","Chrysophyceae","Chrysophyceae",NA
"cb6a4b5d4da1f288ff62ccc5a43e0391","d__Eukaryota",NA,NA,NA,NA,NA,NA
"8f42b3da8b3e42aa673e65dd7a922004","d__Eukaryota","Amoebozoa","Tubulinea","Euamoebida","Euamoebida","Euamoebida","Hartmannella_cantabrigiensis"
"100a21ca5ca2d958280ba4449f7cae6e","d__Eukaryota","Annelida","Clitellata","Haplotaxida","Haplotaxida","Haplotaxida","Stylaria_sp."
"96a7870e3d60d74c3251318b607bba84","d__Eukaryota","Euglenozoa","Kinetoplastea","Parabodonida","Parabodonida","Parabodo","Neobodo_curvifilus"
"bb7a2991d649fd1c93d204d66a6d036a","d__Eukaryota","Phragmoplastophyta","Embryophyta",NA,NA,NA,NA
"70f0b5f7453894f36db116e8809e2518","d__Eukaryota",NA,NA,NA,NA,NA,NA
"f25f87bf606ffc9f37fb2d3cadef8a83","d__Eukaryota","Cercozoa","Incertae_Sedis","Incertae_Sedis","Incertae_Sedis","Gymnophrys","uncultured_freshwater"
"b8f2a9a5fbbc2cce15c2904896d97a2c","d__Eukaryota",NA,NA,NA,NA,NA,NA
"51db28d6cc0c0ddae28e214db68e4c21","d__Eukaryota","Ascomycota","Leotiomycetes","Helotiales",NA,NA,NA
"97a7c913706e39893f4b977c642e327c","d__Eukaryota",NA,NA,NA,NA,NA,NA
"1295edcea9a59f0ba46b1bfe39373fcb","d__Eukaryota",NA,NA,NA,NA,NA,NA
"bb9b8ea585d3209afc23e9d8f2ecd10b","d__Eukaryota","Ciliophora","Intramacronucleata","Conthreep","Oligohymenophorea",NA,NA
"e4c7e512da7e497dd9e2f48272d9266d","Unassigned",NA,NA,NA,NA,NA,NA
"5a9d0a175c69bbf0440050e09c992ac0","d__Eukaryota","Chlorophyta","Trebouxiophyceae","Trebouxiophyceae","Trebouxiophyceae","Trebouxiophyceae","Dictyosphaerium_sp."
"a74097de841fa3bb822b96cac11f0a10","d__Eukaryota",NA,NA,NA,NA,NA,NA
"13ad04f2ff84c66cd0a5c138828b4bde","d__Bacteria",NA,NA,NA,NA,NA,NA
"978b8152d2fd194cc736f6be8e4d8067","d__Bacteria","Proteobacteria",NA,NA,NA,NA,NA
"5956b8a69bdb40b4dc46bfadfc263fd9","d__Eukaryota",NA,NA,NA,NA,NA,NA
"95425a42e825dee9b3ab757d51cc02c6","d__Eukaryota","Euglenozoa","Kinetoplastea","Neobodonida","Neobodonida","Rhynchomonas","marine_metagenome"
"0e8939584569998dc08ea2f8790c2614","d__Eukaryota","Platyhelminthes",NA,NA,NA,NA,NA
"427e49113433b905ad0bc12d6b02cac4","d__Bacteria","Myxococcota","Polyangia","Polyangiales","Phaselicystidaceae","Phaselicystis","Phaselicystis_flava"
"9d04526ca94c04f4503e424aa06e0a42","d__Eukaryota","Ciliophora","Intramacronucleata","Conthreep","Oligohymenophorea",NA,NA
"ee785e1cd9418162be2b2fb941495fa0","d__Eukaryota","Apicomplexa","Conoidasida","Gregarinasina","Eugregarinorida","Eugregarinorida","Apicomplexa_sp."
"97760e705691c8bf28756a325f144d48","d__Eukaryota","Diatomea",NA,NA,NA,NA,NA
"9b8e53c631007c4589a9755dbb83d966","d__Eukaryota","Centrohelida","Centrohelida","Centrohelida",NA,NA,NA
"2a8ec828313a4120c16e530ed7fd33ad","d__Bacteria","Verrucomicrobiota",NA,NA,NA,NA,NA
"db6e2f2535e3bf8b99ecd036efd4a0bf","d__Bacteria","Verrucomicrobiota",NA,NA,NA,NA,NA
"7f62e541eb9ec351cceaad25976bf949","d__Eukaryota","Ciliophora","Intramacronucleata","Conthreep","Oligohymenophorea","Tetrahymena",NA
"8e43c12c1891b920bb7cc638e602eec3","d__Eukaryota",NA,NA,NA,NA,NA,NA
"078e9aa3e0e68545ab307809eb782792","d__Eukaryota","Amoebozoa","Tubulinea","Tubulinea","Tubulinea","Tubulinea","Tubulinea_group"
"0e67fb3886c30250853ff4f6949cc546","d__Eukaryota","Amoebozoa","Tubulinea","Arcellinida","Arcellinida","Arcellinida","metagenome"
"5f13b59666aad954da802281737b83e6","d__Eukaryota","Apicomplexa",NA,NA,NA,NA,NA
"d7cf5bbacdd6f4edeccc8c5c468b8161","Unassigned",NA,NA,NA,NA,NA,NA
"c14a3a82b23cf0d70f080f47792c3370","d__Eukaryota","Chytridiomycota","Chytridiomycetes","Chytridiales","Incertae_Sedis","Incertae_Sedis","uncultured_Chytridiomycota"
"a3c72759b65162ceb470db995e71e8ce","d__Eukaryota","Holozoa","Ichthyosporea","Rhinosporideacae","Rhinosporideacae","Rhinosporideacae",NA
"a8cf9dfb39f804a10b29f158410ff8d7","d__Eukaryota",NA,NA,NA,NA,NA,NA
"d89f56d8fa4222b179bf6c213aae9ad5","d__Eukaryota","Diatomea","Coscinodiscophytina","Coscinodiscophytina","Melosirids","Melosira","Melosira_varians"
"cedb0a6bc3c0fbce35723b660ae5b6fa","d__Eukaryota","Diatomea","Coscinodiscophytina","Fragilariales","Fragilariales",NA,NA
"5b31df76519986bdd5ba86fc696623d5","d__Eukaryota",NA,NA,NA,NA,NA,NA
"556036492cd1863c33f97ada2eb68946","Unassigned",NA,NA,NA,NA,NA,NA
"8ead2a6a45f5dec450946ea6f71b3107","d__Eukaryota",NA,NA,NA,NA,NA,NA
"ec5509be9fda7be7f40331ce336f17ee","d__Eukaryota","Ciliophora","Intramacronucleata","Conthreep","Oligohymenophorea","Peritrichia","Ophrydium_versatile"
"2bab638a7808acf6825befefe1f50dd4","d__Eukaryota",NA,NA,NA,NA,NA,NA
"9039673b01a9c4819d54a3b55cc9ce57","d__Bacteria",NA,NA,NA,NA,NA,NA
"92f79046531d71dc84c3dc86384ee644","d__Eukaryota","Arthropoda","Insecta","Diptera","Diptera","Diptera",NA
"240c720e66b27605a94ee86cc132e122","Unassigned",NA,NA,NA,NA,NA,NA
"3569b23b7f3a43066d4a85bc4feb8944","d__Eukaryota",NA,NA,NA,NA,NA,NA
"ceca85259d44608b970b58d837aaaa62","d__Eukaryota",NA,NA,NA,NA,NA,NA
"c5ade715847ded3a9904a284c2d3b5a1","d__Eukaryota",NA,NA,NA,NA,NA,NA
"ca56601611d994e7742933cdf7eda837","d__Eukaryota",NA,NA,NA,NA,NA,NA
"aeb26ed7d93a04e7caacd79d814bcf5c","d__Eukaryota",NA,NA,NA,NA,NA,NA
"f397546d254ecb571f7fa76126b8b0b0","d__Eukaryota",NA,NA,NA,NA,NA,NA
"dc225bb708dce99294a74f16e4880d7d","Unassigned",NA,NA,NA,NA,NA,NA
"c33a70215a21c2478662f0d8ea715adf","d__Eukaryota","Incertae_Sedis","Incertae_Sedis","Incertae_Sedis","Incertae_Sedis","Telonema","uncultured_marine"
"bb44aae703dbd23646d989f65231e7b2","d__Eukaryota","Platyhelminthes","Rhabditophora","Tricladida","Continenticola","Continenticola","Schmidtea_polychroa"
"ee5ab233607ac547e16ee167c362ccef","Unassigned",NA,NA,NA,NA,NA,NA
"4a0c2f58788d5cfdf2e448006edc1d49","d__Eukaryota","Nematozoa","Chromadorea","Monhysterida","Monhysterida","Monhysterida","Tridentulus_sp."
"9dd7e16b063b0b0ecf34b81eade09b8d","d__Eukaryota",NA,NA,NA,NA,NA,NA
"787e065a53e3af4b99eb4ade7250dfa8","d__Eukaryota",NA,NA,NA,NA,NA,NA
"9ebe204ebebdf9985e9323caf7678af7","d__Eukaryota",NA,NA,NA,NA,NA,NA
"e97bd8cf7584e1bfb7323f6b697eb3bf","d__Eukaryota",NA,NA,NA,NA,NA,NA
"7aa98b6a823130bcc4dfb8ae58a5545e","d__Eukaryota","Arthropoda","Insecta","Plecoptera","Plecoptera","Plecoptera",NA
"4c4f750be5c26c5f9e385868b1b75549","d__Eukaryota","SAR","Labyrinthulomycetes","Labyrinthulomycetes","Labyrinthulomycetes","Sorodiplophrys","Sorodiplophrys_stercorea"
"bc408f6c2363e9c9559d1ac3f418a5de","d__Eukaryota","Arthropoda","Insecta","Diptera","Diptera","Diptera","Ablabesmyia_rhamphe"
"3dec30f4e2c057604b42f894f3847e2f","d__Eukaryota","Rotifera","Bdelloidea","Adinetida","Adinetida","Adinetida",NA
"0b9486cb6f8d40579f738e0d43e9ad9f","d__Eukaryota","Amoebozoa","Discosea","Vannellida","Vannellida","Vannella","Amoebozoa_sp."
"0d540628f81b02e67266f56b142c67d7","d__Eukaryota",NA,NA,NA,NA,NA,NA
"fb75b5fc5e1eb0e42d9b913e431caee7","d__Eukaryota","Cercozoa","uncultured","uncultured","uncultured","uncultured","uncultured_Cercozoa"
"2e2d3f6b97bc56f7e44030733a1cb9b7","d__Eukaryota",NA,NA,NA,NA,NA,NA
"09c5642c408292a681dfff14c68dddc2","d__Eukaryota","Centrohelida","Centrohelida","Centrohelida",NA,NA,NA
"8909586eeb7df9661e8a052be55c7b88","d__Eukaryota",NA,NA,NA,NA,NA,NA
"41aa1042eea2cedca38b744b8a844b54","d__Eukaryota","Ciliophora","Intramacronucleata",NA,NA,NA,NA
"fcfcaeb414e9371dac5da165fd12fa36","d__Eukaryota",NA,NA,NA,NA,NA,NA
"459ceccb1e19867cf595d673831f45b7","d__Eukaryota","Peronosporomycetes","Peronosporomycetes","Peronosporomycetes","Peronosporomycetes","Pythium",NA
"6201f80621e63337f1b54e11342abc80","Unassigned",NA,NA,NA,NA,NA,NA
"a91f4880fdfc532b0e29b3b5ee205aab","d__Eukaryota","Ochrophyta","Chrysophyceae","Chromulinales","Chromulinales","Chrysochaete","Chrysochaete_britannica"
"2e67c142e44303d1132c1ca49e29c49f","d__Eukaryota",NA,NA,NA,NA,NA,NA
"460ac3f1c272a1d93b0ad2f6c5349761","d__Eukaryota",NA,NA,NA,NA,NA,NA
"26440131918f4a65e51ccb0163ce5203","d__Eukaryota","Ascomycota","Eurotiomycetes","Eurotiales","Trichocomaceae",NA,NA
"adf9ecd53e6fc78a9e1641d2db55f467","d__Eukaryota","Diatomea","Coscinodiscophytina","Coscinodiscophytina","Melosirids","Melosira","Melosira_varians"
"e433e21706237354168d6c374d93088e","d__Eukaryota",NA,NA,NA,NA,NA,NA
"28a274a1c68273cd3366569b33bde260","d__Eukaryota","Platyhelminthes","Rhabditophora","Tricladida","Continenticola","Continenticola","Schmidtea_polychroa"
"d5470f85cfa73e34b5cb9752a8af52f5","Unassigned",NA,NA,NA,NA,NA,NA
"4aad9bc7e6523563539ed481d3711c26","Unassigned",NA,NA,NA,NA,NA,NA
"a664f251c3bd2f6d09400f27a170c88c","d__Eukaryota",NA,NA,NA,NA,NA,NA
"56849e3723b688da606ad3644b8d9ac5","d__Eukaryota","Arthropoda","Insecta","Ephemeroptera","Ephemeroptera","Ephemeroptera",NA
"d436f9809affee260d77662bee0894c6","d__Eukaryota","Nematozoa","Chromadorea","Monhysterida","Monhysterida","Monhysterida","Tridentulus_sp."
"9fa35fa66d7e32ff604a61b9553e90ca","d__Bacteria",NA,NA,NA,NA,NA,NA
"daa94da70090fd86b8a1ae7228e11691","d__Eukaryota","Tardigrada","Eutardigrada","Parachela","Parachela","Parachela","Hypsibius_dujardini"
"e7d8da1cb62ef3e4ee3be4dcc2352b0a","Unassigned",NA,NA,NA,NA,NA,NA
"2f89077fa762a192efd49a6ff7b80b6e","d__Bacteria","Proteobacteria","Alphaproteobacteria","Sphingomonadales","Sphingomonadaceae",NA,NA
"3d902e64a1f9440a6c863e81da4222fa","Unassigned",NA,NA,NA,NA,NA,NA
"a99dd7d853f4c2ac0a4f64d631957b29","d__Eukaryota","Retaria","Foraminifera","Rotaliida",NA,NA,NA
"a21f44bacacd34be0443bd9682087e76","d__Bacteria",NA,NA,NA,NA,NA,NA
"90a0c8ece0c5514c96513ce0c8c932e1","d__Eukaryota","Heterolobosea","Tetramitia","Tetramitia","Tetramitia",NA,NA
"15abd4e3c86de616e32d065f4663f5a5","d__Eukaryota",NA,NA,NA,NA,NA,NA
"7bf05d07d5a125e8c04030d57931176b","d__Eukaryota","Peronosporomycetes","Peronosporomycetes","Peronosporomycetes","Peronosporomycetes","Pythium",NA
"fc3efd34a6adf3666d1330d44b64730a","Unassigned",NA,NA,NA,NA,NA,NA
"cdad99d4560e88c69618f148777cc1ee","d__Eukaryota","Ciliophora","Intramacronucleata","Conthreep","Oligohymenophorea","Peritrichia","Ophrydium_versatile"
"80d0104ff9c46589e08d20d80339bbd0","d__Eukaryota",NA,NA,NA,NA,NA,NA
"3d7c96a923df91a7d621f96dc98dc773","d__Eukaryota",NA,NA,NA,NA,NA,NA
"221a36100efa8f105e46b77adb52fbd2","Unassigned",NA,NA,NA,NA,NA,NA
"f4b962a694cdc6713fbdee3eabee9539","Unassigned",NA,NA,NA,NA,NA,NA
"12cb904434c46756ae071af15a624b96","d__Eukaryota","Ciliophora","Intramacronucleata","Litostomatea","Haptoria","Loxophyllum",NA
"e254abbaf09ec5fe91720534e9af6615","d__Eukaryota","Arthropoda","Insecta","Ephemeroptera","Ephemeroptera","Ephemeroptera",NA
"b21e8edd38936f998b7616e309240f22","d__Eukaryota","Vertebrata",NA,NA,NA,NA,NA
"417ee2be7ab6063bf2a54b57491b9db3","d__Eukaryota","Arthropoda","Insecta","Diptera","Diptera","Diptera","Belgica_antarctica"
"904b71e90d47be7b1be7d2f5a9b34d26","d__Eukaryota","Euglenozoa","Kinetoplastea","Prokinetoplastina","Prokinetoplastina","Ichthyobodo","Ichthyobodo_necator"
"706c9c862e98351d09f94d0ea80c9947","d__Bacteria",NA,NA,NA,NA,NA,NA
"fa722da5ab42602c27460cf4978bc0cb","d__Eukaryota",NA,NA,NA,NA,NA,NA
"ef0403e0c215b67067e0e5f827efb33c","d__Eukaryota",NA,NA,NA,NA,NA,NA
"de099ff9756457394bd6626af0d27e0d","d__Eukaryota","Ciliophora","Intramacronucleata","Spirotrichea","Hypotrichia","Hypotrichia",NA
"ac6e4581dadeef03f53ef3682c51e980","d__Eukaryota",NA,NA,NA,NA,NA,NA
"18a942b64ddcde2c6cc20cd47d096ef4","d__Eukaryota","Centrohelida","Centrohelida","Centrohelida",NA,NA,NA
"9e5ce53b4be06af809d4fd55ceaafdff","d__Eukaryota","Nematozoa","Chromadorea","Monhysterida","Monhysterida","Monhysterida","Tridentulus_sp."
"ae628dc8438cc3dc670e23ec5d4ed8ae","d__Eukaryota",NA,NA,NA,NA,NA,NA
"acecdec7a19f41231c7e8de4b1458471","d__Eukaryota","Basidiomycota","Microbotryomycetes","Sporidiobolales","Sporidiobolaceae","Rhodotorula",NA
"d4269ed9ef4cb1ac58405b6a37ea5afb","d__Eukaryota","Chytridiomycota","Chytridiomycetes",NA,NA,NA,NA
"2da379927db497aa992860443a25df7f","d__Eukaryota","Ciliophora","Intramacronucleata","Litostomatea","Haptoria","Litonotus","Litonotus_sp."
"776db9ac749b8019139aa0646f3f9cae","Unassigned",NA,NA,NA,NA,NA,NA
"fa309f81a65a7353b1399f9aeae94397","Unassigned",NA,NA,NA,NA,NA,NA
"4435921ea851e46363e1e54e44006d24","d__Eukaryota",NA,NA,NA,NA,NA,NA
"f51aa31c1cb44988ac81b818cf07b8d4","Unassigned",NA,NA,NA,NA,NA,NA
"07afcc2a9c6582f1d80a329755d91658","d__Eukaryota","Euglenozoa","Kinetoplastea","Neobodonida","Neobodonida",NA,NA
"230b898b54b7f293d2ab4a03c0aec946","Unassigned",NA,NA,NA,NA,NA,NA
"3406edb1361e85193a76897ce2f930a3","d__Eukaryota","Ascomycota","Dothideomycetes","Pleosporales","Phaeosphaeriaceae",NA,NA
"4f7673691596bf94017559bd6cbcf514","d__Eukaryota",NA,NA,NA,NA,NA,NA
"d11fb8f6fc01d719795196aba49548a9","d__Eukaryota",NA,NA,NA,NA,NA,NA
"c7f4b00626b16b9d66c0d76479655404","Unassigned",NA,NA,NA,NA,NA,NA
"985ddfd5b2701e3bb6c94b27e51a6629","d__Eukaryota","Ochrophyta","Eustigmatophyceae","Eustigmatales","Eustigmatales","Nannochloropsis",NA
"ef3efb7f8c9f32328f09decacf6f6351","d__Eukaryota",NA,NA,NA,NA,NA,NA
"d43148e232fb8563904f7fa3ab56f782","d__Eukaryota",NA,NA,NA,NA,NA,NA
"75b96401bb4554899ce61c56fbad1f7c","d__Eukaryota","Vertebrata","Mammalia","Mammalia","Mammalia","Mammalia",NA
"df5fd9a66f54c537ea83639e6c797182","d__Eukaryota","Diatomea","Coscinodiscophytina","Coscinodiscophytina","Melosirids","Melosira","Melosira_varians"
"a66a9f1e1b40cb6744da00c33dc20b79","d__Eukaryota",NA,NA,NA,NA,NA,NA
"ee19a4bc193b2e684dcef9721d2c9a73","d__Eukaryota","Ciliophora","Intramacronucleata","Conthreep","Phyllopharyngea","Tokophrya",NA
"06d45d72325d0ad69dd26e6c05a80fb6","d__Eukaryota",NA,NA,NA,NA,NA,NA
"a7101d53e04113391c4806f0ba5160a1","d__Eukaryota","Arthropoda","Insecta","Trichoptera","Trichoptera","Trichoptera","Rhyacophila_fasciata"
"94268c752425973a8fcfbc840f0e5dff","d__Eukaryota","Annelida","Clitellata","Haplotaxida","Haplotaxida","Haplotaxida","Stylaria_sp."
"ab240197f5484d5d2e7184656bf5f270","d__Eukaryota",NA,NA,NA,NA,NA,NA
"92f682924a45395717055f1e3741e6fa","d__Eukaryota","Arthropoda","Insecta","Diptera","Diptera","Diptera","Rhyacophila_fasciata"
"2c1f4dbcac931bbb02a5005ddc1b3d5b","d__Eukaryota",NA,NA,NA,NA,NA,NA
"b487dc6474067e77ca0986f0b6a3fb84","d__Eukaryota","Klebsormidiophyceae","Klebsormidiophyceae","Klebsormidiophyceae","Klebsormidiophyceae","Klebsormidiophyceae",NA
"d8243ff1b2ef3d07e8bcfa26d787e23e","d__Eukaryota",NA,NA,NA,NA,NA,NA
"0acaf32544526da114600c4a6dfe821b","d__Bacteria","Proteobacteria","Alphaproteobacteria","Rhizobiales","Rhizobiales_Incertae_Sedis","uncultured","uncultured_Alphaproteobacteria"
"c178201ae2c580caf45ff1dbee18a152","d__Eukaryota","Amoebozoa","Discosea","Vannellida","Vannellida","Vannella","Amoebozoa_sp."
"fd8648782c41783149df4207ae884212","d__Eukaryota",NA,NA,NA,NA,NA,NA
"8450102a76d1ac59dfd553b7bc87be0d","Unassigned",NA,NA,NA,NA,NA,NA
"f6b49b398e17de0840c115683e0c6bd6","d__Bacteria","Proteobacteria","Gammaproteobacteria",NA,NA,NA,NA
"7948141bd5c1205e0ebe4eba4d73540c","d__Eukaryota","Diatomea",NA,NA,NA,NA,NA
"6dfe0b4a02174060e3aa67213fa64194","d__Eukaryota","Cercozoa","Phytomyxea","Phytomyxea","Phytomyxea","uncultured",NA
"9cf41992d86ede119705d024b329ce19","d__Eukaryota",NA,NA,NA,NA,NA,NA
"c77d627d5c0e1a35e90441b523e923c0","d__Eukaryota","Basidiomycota","Tremellomycetes","Cystofilobasidiales","Cystofilobasidiaceae","Cystofilobasidium",NA
"2e1d7c2737b4e22c666b3ead5aec2e82","Unassigned",NA,NA,NA,NA,NA,NA
"90c8cfaf61d7b9f3e886167f3ecb0971","d__Eukaryota",NA,NA,NA,NA,NA,NA
"20e21a4accefb3e380eff135e81dc4e8","d__Eukaryota","Centrohelida","Centrohelida","Centrohelida","Acanthocystidae","Pterocystis","metagenome"
"e148411e3a004cecdd379ea787598d96","Unassigned",NA,NA,NA,NA,NA,NA
"809c031a974f4ddd52c0b31bd2c21372","Unassigned",NA,NA,NA,NA,NA,NA
"89eafa74045ebf61f240ab47ef5a423f","d__Eukaryota",NA,NA,NA,NA,NA,NA
"0793e6b989a84af0e1640b12dd2c7c27","d__Eukaryota","Ciliophora","Intramacronucleata","Conthreep","Oligohymenophorea","Peritrichia","Carchesium_polypinum"
"f5c0fb1238baa072f8603ee94d482b79","d__Eukaryota","Ciliophora","Intramacronucleata","Conthreep","Phyllopharyngea",NA,NA
"db01f85737566acd38e663240a708e8e","d__Bacteria","Proteobacteria",NA,NA,NA,NA,NA
"b32629418276da3616bfccc9a030862a","d__Eukaryota",NA,NA,NA,NA,NA,NA
"d5a4f87e2fc35770f63b4a50624bb366","d__Eukaryota","Arthropoda","Insecta","Trichoptera","Trichoptera","Trichoptera","Hydropsyche_sp."
"b5a3d8a7a10d9520f62ee364031159cb","Unassigned",NA,NA,NA,NA,NA,NA
"1dec32cfee9a95e17d4f155c248b5a4b","d__Eukaryota",NA,NA,NA,NA,NA,NA
"4e31f5fdc008bf1f24f483a7d6745558","d__Eukaryota",NA,NA,NA,NA,NA,NA
"2a72c2ca62647bdf292fde38fb02cacd","d__Eukaryota","Ciliophora","Intramacronucleata","Conthreep","Oligohymenophorea","Peritrichia","Ophrydium_versatile"
"7ac6f70752a0ef89f3394f42e456a02b","d__Eukaryota",NA,NA,NA,NA,NA,NA
"95ea8d555d1c3ee25b36578163542279","d__Eukaryota","Ciliophora","Postciliodesmatophora","Heterotrichea","Heterotrichea","Stentor","Stentor_roeselii"
"e000b22268968d003a3db93055122e6f","d__Eukaryota",NA,NA,NA,NA,NA,NA
"3ceb6452260f9c4b2f7b266f2eb3677c","d__Bacteria",NA,NA,NA,NA,NA,NA
"bbf94730d6864ca3cc0cde7cadb56c87","d__Eukaryota","Diatomea",NA,NA,NA,NA,NA
"f1093d407fa074d0b2289a8260af9777","d__Eukaryota",NA,NA,NA,NA,NA,NA
"ca05034b8edbbb5d791440cad5337d20","d__Eukaryota","Retaria","Foraminifera","Rotaliida",NA,NA,NA
"b99091e09f06e38b919158a305f4d97e","d__Eukaryota",NA,NA,NA,NA,NA,NA
"0a062576e80dba5f460eadce99b27264","d__Eukaryota","Arthropoda","Insecta","Trichoptera","Trichoptera","Trichoptera","Potamyia_flava"
"6326916a72d2177ba4048631edabe9ab","d__Eukaryota",NA,NA,NA,NA,NA,NA
"cf795f1b8403e07006161d7cc053940d","d__Eukaryota","Arthropoda","Insecta","Ephemeroptera","Ephemeroptera","Ephemeroptera",NA
"2d426bbc98210b4f36ada7f0f73e16d6","d__Eukaryota",NA,NA,NA,NA,NA,NA
"50aa5d464b92039f48cc74b16136ff77","d__Eukaryota","Heterolobosea","Tetramitia","Tetramitia","Tetramitia","Allovahlkampfia",NA
"1ae9156e101693daefe314a6c476f8eb","d__Eukaryota",NA,NA,NA,NA,NA,NA
"a5e53989871f4c6e4aeb6b69deef8c8a","d__Eukaryota","Amoebozoa","Tubulinea","Arcellinida","Arcellinida","Arcellinida","metagenome"
"81dc6b0d437baaae95445d032724dd41","d__Eukaryota","Chytridiomycota","Chytridiomycetes",NA,NA,NA,NA
"3e68101b798bde33ef9584ba3ec7d139","d__Eukaryota",NA,NA,NA,NA,NA,NA
"8bc53e7f29a630e431bde9b1eeca17fc","d__Eukaryota",NA,NA,NA,NA,NA,NA
"6a5f5ea7b728bf474cfc0bc4cf355478","d__Eukaryota","Diatomea","Coscinodiscophytina","Coscinodiscophytina","Melosirids","Melosira","Melosira_varians"
"1a9a81fae990750853ed2593a6e0ec93","d__Bacteria",NA,NA,NA,NA,NA,NA
"b43f63be262f4ae9ed0559a4e384545a","d__Eukaryota",NA,NA,NA,NA,NA,NA
"2eb5c3c70a4acdd35076e2805dc0619a","d__Eukaryota",NA,NA,NA,NA,NA,NA
"3b8ae49d07aec73b4d538f20431e8d8a","d__Eukaryota",NA,NA,NA,NA,NA,NA
"0760ae80dd3c7ecf17874cd2354204d2","d__Eukaryota",NA,NA,NA,NA,NA,NA
"e061e5fc02723577752b4086786320fa","d__Bacteria","Verrucomicrobiota","Verrucomicrobiae","Opitutales","Opitutaceae",NA,NA
"ea77c2b598f14a7637970ff9cdefc5c5","d__Eukaryota","Apicomplexa","Conoidasida",NA,NA,NA,NA
"c098b7004b2663476059889de9bad4e2","d__Eukaryota",NA,NA,NA,NA,NA,NA
"f2dbb03023c8e60e84402161dca488b6","d__Eukaryota",NA,NA,NA,NA,NA,NA
"4c1af3c1cdb55a7f534d7d38ab2d83b7","d__Eukaryota","Ciliophora","Intramacronucleata","Conthreep","Oligohymenophorea","Tetrahymena",NA
"6d810d9b038cd5ea99f4ee61de9bda0d","d__Eukaryota","Diatomea","Bacillariophyceae","Bacillariophyceae","Bacillariophyceae","Gomphonema",NA
"48a9abb84a64c3dff99a3f39d1c40207","d__Eukaryota",NA,NA,NA,NA,NA,NA
"4a2adb576311f1fb6dc968b89a3c5585","d__Eukaryota","Arthropoda","Insecta","Diptera","Diptera","Diptera","Ablabesmyia_rhamphe"
"c822285a11299f802f384ccd89196c1b","d__Eukaryota","Amoebozoa","Discosea","Dactylopodida","Dactylopodida","Korotnevella","Korotnevella_stella"
"a386dfff3d68d22cd8a881500b528b70","d__Eukaryota",NA,NA,NA,NA,NA,NA
"c1479e98f02dec01bf972c80e61f15bf","d__Eukaryota","Chlorophyta","Trebouxiophyceae","Trebouxiophyceae","Trebouxiophyceae","Trebouxiophyceae","Chloroidium_saccharophilum"
"cf3f2be56cbe5a301ea6fc082a525289","d__Eukaryota","Amoebozoa","Tubulinea","Euamoebida","Euamoebida","Euamoebida","Saccamoeba_sp."
"fce69e199ed2e0acc328b44b22a240eb","d__Bacteria",NA,NA,NA,NA,NA,NA
"40b3ee746259862e86356f0fd97b1303","d__Eukaryota","Cercozoa",NA,NA,NA,NA,NA
"769895308ee79c7412a1013a02d7307f","d__Eukaryota","Chlorophyta","Ulvophyceae","Ulvophyceae","Ulvophyceae","Ulvophyceae",NA
"2a065f38bb89d6e23d74ae1a3d6e3cfd","d__Eukaryota",NA,NA,NA,NA,NA,NA
"052a784c374b8e72cfc097e68a2f0a09","d__Eukaryota","Rotifera","Bdelloidea","Adinetida","Adinetida","Adinetida","Hyalella_azteca"
"3839753892e45275db1094a249f20692","Unassigned",NA,NA,NA,NA,NA,NA
"17f5fd9269bd61309b93d1f79ecc74c3","Unassigned",NA,NA,NA,NA,NA,NA
"ce94f6ce13137f52c2aa511d0b62039f","d__Eukaryota",NA,NA,NA,NA,NA,NA
"04947fb7744f3616a9b8af26edd4f06f","d__Eukaryota","Apicomplexa","Conoidasida","Gregarinasina","Eugregarinorida","Eugregarinorida","Apicomplexa_sp."
"9639f21eebeb6d272351a97c36f0198e","d__Eukaryota",NA,NA,NA,NA,NA,NA
"c784695a5fb5d55bdb4e53aca5dcd014","d__Eukaryota","Arthropoda","Insecta","Diptera","Diptera","Diptera","Chironomus_tentans"
"18368dfcf0befbbe47c2e8cc4e9829b2","d__Eukaryota",NA,NA,NA,NA,NA,NA
"e9026cfff1887092baa14483fa8ce4a1","d__Eukaryota",NA,NA,NA,NA,NA,NA
"a521e0dfb46d7c140dea6487795f80ec","d__Eukaryota","Retaria","Foraminifera","Rotaliida","Rotaliida","Rotaliida","Haynesina_orbiculare"
"0a1ddeb39e3c1adab68882c5b8dc3ca7","d__Eukaryota",NA,NA,NA,NA,NA,NA
"37242d366a47af18011b780d50ec6417","Unassigned",NA,NA,NA,NA,NA,NA
"4754eb555ceb617588b617ccd1047fcb","d__Eukaryota","Ciliophora","Intramacronucleata","Litostomatea","Haptoria","Haptoria","Dileptus_sp."
"fd1f026bb255a0ad6fb2daa0a76019ed","d__Eukaryota","Ascomycota",NA,NA,NA,NA,NA
"50e489c06fe1ca6c5a835857e8ca9225","Unassigned",NA,NA,NA,NA,NA,NA
"c1e859d54a2216af7da56782af129abd","d__Eukaryota",NA,NA,NA,NA,NA,NA
"a59261a9d2eecf1954a7b5efe1914f46","Unassigned",NA,NA,NA,NA,NA,NA
"19166e674994f1732c36a03692ec8de8","d__Eukaryota",NA,NA,NA,NA,NA,NA
"759cd6ce6051839d8ae53b6180c9af12","d__Bacteria","Verrucomicrobiota","Verrucomicrobiae","Opitutales","Opitutaceae",NA,NA
"d5833849b0e163cb0d81a3135f17f7b8","d__Eukaryota",NA,NA,NA,NA,NA,NA
"9a9d9f0096571f71d6c6301fa22f415b","d__Eukaryota",NA,NA,NA,NA,NA,NA
"b637dd361e78482148c3d4c361cdd3c4","d__Eukaryota",NA,NA,NA,NA,NA,NA
"524dec5ec02bacfc355cb0ea82aa40aa","Unassigned",NA,NA,NA,NA,NA,NA
"a00325795cba76f0d6dfa6c5bbe118fd","d__Eukaryota",NA,NA,NA,NA,NA,NA
"cd9898cba2ba9bed8e552f01ec739878","d__Eukaryota",NA,NA,NA,NA,NA,NA
"a2fda49cefb600c4a203d3c174ebe4bf","d__Eukaryota","Amoebozoa","Tubulinea","Arcellinida","Arcellinida","Arcellinida","metagenome"
"ad5ae13b56e8e8f5db8f9e99182b41aa","d__Eukaryota",NA,NA,NA,NA,NA,NA
"5d8a170143fa6adaaf04234dfb08735f","d__Eukaryota",NA,NA,NA,NA,NA,NA
"d10334575a76a86e8c30e1774b239b84","d__Eukaryota","Apicomplexa","Conoidasida","Gregarinasina","Eugregarinorida","Ascogregarina",NA
"50c447ee9df3deecacb26e4f5e56dfb9","d__Eukaryota",NA,NA,NA,NA,NA,NA
"0c2ebd6561ac5f852ad06d00d77f0a63","d__Eukaryota","Chytridiomycota","Chytridiomycetes",NA,NA,NA,NA
"29c5e0c5bb3bbe1c0e225dedb76edca4","d__Eukaryota","Arthropoda","Insecta","Ephemeroptera","Ephemeroptera","Ephemeroptera","Baetis_sp."
"7c2dbdb1eb8681644d339535ad6c3f87","d__Eukaryota",NA,NA,NA,NA,NA,NA
"cf5f45e9d72cf95a552dd80d2e960384","d__Eukaryota",NA,NA,NA,NA,NA,NA
"919a9989f9486eac30b5ba473f7b07dd","d__Eukaryota","Ascomycota",NA,NA,NA,NA,NA
"7e12de4f42c05da2a19eeb1aa4d6312a","d__Eukaryota","Arthropoda","Insecta","Diptera","Diptera","Diptera","uncultured_eukaryote"
"cac404c93311a901e68c4e0a52ca0110","d__Eukaryota","Gastrotricha","Gastrotricha","Chaetonotida","Chaetonotida","Chaetonotida",NA
"a98148a4ec3961c7f28ec1b9f04a3c32","d__Eukaryota",NA,NA,NA,NA,NA,NA
"a299c9e7972e7e97714dabc2a476f4ec","d__Eukaryota",NA,NA,NA,NA,NA,NA
"81e4d6bff95d510caeed4c744f8a65b5","d__Eukaryota","Ochrophyta","Chrysophyceae","Chrysophyceae","Chrysophyceae","Chrysophyceae","Hydrurus_foetidus"
"ccf92dc2abe3c362925e60580e387695","Unassigned",NA,NA,NA,NA,NA,NA
"220f81f93f87dec7e21664c167264860","d__Eukaryota","Ochrophyta","Chrysophyceae","Ochromonadales","Ochromonadales","Paraphysomonas","eukaryotic_picoplankton"
"aafbd750136ac026c7bb9201813f04c8","d__Bacteria",NA,NA,NA,NA,NA,NA
"af73aa55abb6b51a4e9a38def9929669","d__Eukaryota","Ciliophora","Intramacronucleata","Litostomatea","Haptoria",NA,NA
"c9d4e2128c38c4ea0a45a2952427ece6","d__Eukaryota","Ciliophora","Intramacronucleata","Conthreep","Oligohymenophorea","Peritrichia","Ophrydium_versatile"
"0f7cc425e9da2edcd060ae692faf8fd4","d__Eukaryota","Ciliophora","Intramacronucleata","Conthreep","Oligohymenophorea","Peritrichia","Ophrydium_versatile"
"4de3bfafaa14f7e336ead968dd76afd7","d__Eukaryota",NA,NA,NA,NA,NA,NA
"79ec8f354ef0374076e0ec9aabe6db18","d__Eukaryota",NA,NA,NA,NA,NA,NA
"0a4489245737d6090ec7d7510d968abe","d__Eukaryota",NA,NA,NA,NA,NA,NA
"6521d5592c8d10172e3810730cce7752","d__Eukaryota",NA,NA,NA,NA,NA,NA
"2cf6cc96ba40478bceb2af36f09159d0","Unassigned",NA,NA,NA,NA,NA,NA
"14b729459244c8aa3d7fb98ac02e64c6","d__Eukaryota","Ascomycota","Leotiomycetes",NA,NA,NA,NA
"05569350fe19d7f1fb957923a4cd1028","d__Eukaryota",NA,NA,NA,NA,NA,NA
"40614a27d26ae4c8c6ed134ed11ead6d","d__Eukaryota",NA,NA,NA,NA,NA,NA
"70384055f54f286b16df2906144811d5","d__Eukaryota",NA,NA,NA,NA,NA,NA
"b34b108e6fc799f3fc4ac48a52684c03","d__Eukaryota","Platyhelminthes","Rhabditophora","Rhabdocoela","Neodalyellida","Neodalyellida",NA
"71185c09430d8c562706b17fa1839986","d__Eukaryota","Diatomea",NA,NA,NA,NA,NA
"e18b3839b02d3a51cec2d61c02d151a2","d__Bacteria",NA,NA,NA,NA,NA,NA
"9b442229ec6e0137db820dd9c6309e7a","d__Eukaryota","Euglenozoa","Kinetoplastea",NA,NA,NA,NA
"7efca84a141a772b97e9a270f193f74f","Unassigned",NA,NA,NA,NA,NA,NA
"477081fd1f3cf0dfcef30e6792c70d64","d__Eukaryota","Nucleariidae_and_Fonticula_group","Nucleariidae_and_Fonticula_group","Nucleariidae_and_Fonticula_group","Nucleariidae","Nuclearia","metagenome"
"de365e815e1fd2d29b7cc8dcb6448691","d__Eukaryota",NA,NA,NA,NA,NA,NA
"62f1f4ec061073acedf7bd898c223a43","d__Eukaryota","Ciliophora",NA,NA,NA,NA,NA
"dd87cd4040adacda2150a9622a45b670","d__Eukaryota",NA,NA,NA,NA,NA,NA
"b901e74c99b4dd0123f80548b9376a75","d__Eukaryota","Cercozoa","Thecofilosea","Cryomonadida","Rhizaspididae","Rhogostoma","uncultured_freshwater"
"4193290c8b2ecc90415ab542f3728896","d__Eukaryota","Chytridiomycota","Chytridiomycetes",NA,NA,NA,NA
"8e544273643b1d359446d359b180e2bc","Unassigned",NA,NA,NA,NA,NA,NA
"fdd5802a437e30e184bc22e08e505375","d__Eukaryota",NA,NA,NA,NA,NA,NA
"55f7d12146a596a5f7a294f1072e78e8","d__Eukaryota",NA,NA,NA,NA,NA,NA
"9bee0af56e741359cc69a8564171cd36","d__Eukaryota","Cercozoa","Glissomonadida","Glissomonadida","Glissomonadida",NA,NA
"17e4111d76bab1679096de784505975a","d__Eukaryota","Ciliophora","Postciliodesmatophora","Heterotrichea","Heterotrichea","Stentor","Stentor_roeselii"
"9b6a2f2a5570bbc3f5e1e6096f954f73","d__Eukaryota",NA,NA,NA,NA,NA,NA
"567a26aa42b48ab00da6492204c3a040","d__Eukaryota","Peronosporomycetes","Peronosporomycetes","Peronosporomycetes","Peronosporomycetes","uncultured","uncultured_eukaryote"
"60163e25a0f0be83799f9148a56f40e7","d__Eukaryota","Ciliophora","Intramacronucleata","Litostomatea","Haptoria","Haptoria","Dileptus_sp."
"99152d5238846a2dc24da624b41a6b73","d__Eukaryota","Arthropoda","Insecta","Diptera","Diptera","Diptera","Rhyacophila_fasciata"
"158f2e4f8629971dcacc4326083d1297","d__Eukaryota","Ciliophora","Intramacronucleata","Conthreep",NA,NA,NA
"e7f6afde3c6a955db5f2b7aaf57382c7","Unassigned",NA,NA,NA,NA,NA,NA
"0dc728b143e074240509423abbea56e2","d__Eukaryota","Phragmoplastophyta","Embryophyta","Magnoliophyta","Magnoliophyta","Magnoliophyta",NA
"34d6480ae49727119dfb7185504316d4","Unassigned",NA,NA,NA,NA,NA,NA
"5b61b1a9c9e94d0fe05bec347df0751d","d__Eukaryota","Diatomea","Bacillariophyceae","Bacillariophyceae","Bacillariophyceae","Sellaphora",NA
"6faa719e15a15a4b2fd624aca4e85e18","d__Eukaryota","Nematozoa","Chromadorea","Monhysterida","Monhysterida","Monhysterida","Tridentulus_sp."
"44f1d4457a3b3a59650cc51de66f59b0","d__Eukaryota","Peronosporomycetes","Peronosporomycetes","Peronosporomycetes","Peronosporomycetes","Pythium",NA
"9df1ef5d407436c8aa2a2a9337704157","d__Eukaryota","Arthropoda","Insecta","Diptera","Diptera","Diptera","Chironomus_tentans"
"77e2382a0b4bb62d566179d4f52d17a2","d__Eukaryota",NA,NA,NA,NA,NA,NA
"ec2c40db6b04d9bb2fafc6492a8da7c7","d__Eukaryota",NA,NA,NA,NA,NA,NA
"a3280016ec85e1a12da90c70997273ad","Unassigned",NA,NA,NA,NA,NA,NA
"a7ec2214571ffdc04e1a5f426fd49e1d","d__Bacteria",NA,NA,NA,NA,NA,NA
"7844822f183611e5015de44fa0279afd","d__Eukaryota","Apicomplexa","Conoidasida","Gregarinasina","Eugregarinorida","Ascogregarina",NA
"cb7bbfc217e0ef94b7c967e3f1910c52","d__Eukaryota","Chytridiomycota","Chytridiomycetes","Chytridiales","Incertae_Sedis","Incertae_Sedis","uncultured_Chytridiomycota"
"0d93c7fd52cd97ddb2f2e484c522869d","d__Eukaryota","Nematozoa","Chromadorea","Monhysterida","Monhysterida","Monhysterida","Tridentulus_sp."
"fb0356989acca810d487853425cd00f3","d__Eukaryota",NA,NA,NA,NA,NA,NA
"61310dd764c691617feaca327e22cb3c","d__Eukaryota","Cercozoa","Imbricatea","Imbricatea","Euglyphida",NA,NA
"18d546c5d4eb62e4ba88779ecf720e36","d__Eukaryota","Arthropoda","Insecta","Diptera","Diptera","Diptera","Chironomus_tentans"
"9fffd38c7fb4f654202031d5bf7b500b","d__Eukaryota",NA,NA,NA,NA,NA,NA
"771b2738e0b28e90ca692dee8de7727c","d__Eukaryota",NA,NA,NA,NA,NA,NA
"0bc52f600380d81e60d97d607b221cc7","d__Eukaryota","Cercozoa","Cercomonadidae","Cercomonadidae","Cercomonadidae","Paracercomonas","metagenome"
"64164145e0760f8e59ce1383f3967eb1","d__Eukaryota","Diatomea","Bacillariophyceae","Bacillariophyceae","Bacillariophyceae","Gomphonema",NA
"3cc8f1040f5a14983a1f7306afe902e7","d__Eukaryota","SAR","Labyrinthulomycetes","Labyrinthulomycetes","Labyrinthulomycetes","Sorodiplophrys","Sorodiplophrys_stercorea"
"ef0c9092b134b44bd825db03b6f1e162","d__Eukaryota",NA,NA,NA,NA,NA,NA
"30a342a18c2512e23fbb358ca01dc587","d__Eukaryota","Ciliophora","Postciliodesmatophora","Heterotrichea","Heterotrichea","Stentor","Stentor_roeselii"
"1d2a5094cdad05a6c9b97d27bed7098a","Unassigned",NA,NA,NA,NA,NA,NA
"69e09347a47d976f51212a1abb30a4b1","d__Eukaryota","Gastrotricha","Gastrotricha","Chaetonotida","Chaetonotida","Chaetonotida","Halichaetonotus_schromi"
"d0f2c4d68285e68e2c61a56fb43908a7","d__Bacteria","Bdellovibrionota","Bdellovibrionia","Bacteriovoracales","Bacteriovoracaceae","Peredibacter",NA
"018c10a29c5182facb3ae275554bdb06","d__Eukaryota","SAR","Labyrinthulomycetes","Labyrinthulomycetes","Labyrinthulomycetes","Sorodiplophrys","Sorodiplophrys_stercorea"
"1615f3a2e2adb8c44137590cc8953bde","d__Eukaryota",NA,NA,NA,NA,NA,NA
"8670cdb140d9a3df4b791b19ad7f261d","d__Bacteria",NA,NA,NA,NA,NA,NA
"1df8b7d28c9ad2eacda933ba6bd0dd49","d__Eukaryota","Peronosporomycetes","Peronosporomycetes","Peronosporomycetes","Peronosporomycetes","Peronosporomycetes",NA
"f1d707ada3448ca957081a7c84e90a5f","d__Eukaryota","Annelida","Clitellata","Haplotaxida","Haplotaxida","Haplotaxida","Stylaria_sp."
"c8eacbfd39c56532904fd7bbd0111b1d","d__Eukaryota","Ciliophora","Intramacronucleata","Conthreep","Phyllopharyngea","Tokophrya","uncultured_ciliate"
"78b8e6b6f581bed9c238d24bedcb3fd5","d__Eukaryota",NA,NA,NA,NA,NA,NA
"2343456784f18ed6aa01266c46b1ae57","d__Eukaryota","Platyhelminthes",NA,NA,NA,NA,NA
"d50ae1d045b3a21e304c09d3b1501467","d__Eukaryota","Diatomea","Coscinodiscophytina","Fragilariales","Fragilariales","Ulnaria","Synedra_angustissima"
"fa051015f453eaf4545c593401a4f6b6","d__Eukaryota","Ciliophora","Intramacronucleata","Conthreep","Oligohymenophorea","Tetrahymena",NA
"ceef7fb8cb3ae3adecc1050ccddd5539","Unassigned",NA,NA,NA,NA,NA,NA
"3c34dec7a3665ff769952ce068ff1abe","d__Eukaryota",NA,NA,NA,NA,NA,NA
"b83dcc21461c918e62206ee261ff8b05","d__Eukaryota",NA,NA,NA,NA,NA,NA
"b142607714fe8c81ff30dc2ce7c68ab6","d__Eukaryota","Rotifera","Bdelloidea","Adinetida","Adinetida","Adinetida",NA
"458ff377dac335c352b71c91eb4a390c","d__Eukaryota","SAR","Labyrinthulomycetes","Labyrinthulomycetes","Labyrinthulomycetes","Sorodiplophrys","Sorodiplophrys_stercorea"
"5203d6046059c1d4eeef616b2962a4f8","d__Eukaryota",NA,NA,NA,NA,NA,NA
"2768b46788410a40046e3340a00b794d","d__Eukaryota",NA,NA,NA,NA,NA,NA
"983cef508a93207d978105da56919ae5","d__Eukaryota","Cercozoa","Cercomonadidae","Cercomonadidae","Cercomonadidae","Cercomonadidae",NA
"ff92962352cd208a86a1863689d1260d","d__Eukaryota",NA,NA,NA,NA,NA,NA
"56e9e8124d395fdb4e4a935cce1fe425","d__Eukaryota","SAR","Labyrinthulomycetes","Labyrinthulomycetes","Labyrinthulomycetes","Sorodiplophrys","Sorodiplophrys_stercorea"
"0a33ac40d96cf25167f1cb689c3aa073","d__Eukaryota","Arthropoda","Insecta","Ephemeroptera","Ephemeroptera","Ephemeroptera",NA
"2891a8d33f3367f1f0690accf85d3bb0","d__Eukaryota","Ciliophora","Intramacronucleata","Conthreep","Oligohymenophorea","Peritrichia","Ophrydium_versatile"
"db3e406ba305208d9320d681d2ae24fc","d__Eukaryota",NA,NA,NA,NA,NA,NA
"aff1df7054fd773af90c8b9036b30ece","d__Eukaryota","Amoebozoa","Tubulinea","Euamoebida","Euamoebida","Euamoebida","Hartmannella_cantabrigiensis"
"5a8676d0609bf55e009c35afb6589b38","Unassigned",NA,NA,NA,NA,NA,NA
"548584ba682a6c6a3ccd7f75b2cb82fd","d__Eukaryota",NA,NA,NA,NA,NA,NA
"3e10977cff1756917c289fbb7b66b689","d__Eukaryota","Ochrophyta","Eustigmatophyceae","Eustigmatales","Eustigmatales","Nannochloropsis",NA
"7100623f4c6917b48801c57ce4bfdf9c","d__Eukaryota",NA,NA,NA,NA,NA,NA
"abd4d3d6443fb513ca4a66e72aca426a","d__Eukaryota","Nematozoa","Chromadorea","Monhysterida","Monhysterida","Monhysterida","Tridentulus_sp."
"c39918a13fc2126b045c21c4739cf44e","d__Eukaryota","Apicomplexa","Conoidasida","Gregarinasina","Eugregarinorida",NA,NA
"498aca003c0ea645dc4e17fd4f3469de","Unassigned",NA,NA,NA,NA,NA,NA
"3fa6c7f2b4578aab8b038cd43aca3bc5","d__Eukaryota",NA,NA,NA,NA,NA,NA
"a9396772dc58517a200796bfa741990e","Unassigned",NA,NA,NA,NA,NA,NA
"150021a5e43e1923a2ebb7ba4e1b0bd3","d__Eukaryota",NA,NA,NA,NA,NA,NA
"736d882cc157ef310b53e4998b0c948a","d__Eukaryota","Arthropoda","Insecta","Hemiptera","Hemiptera","Hemiptera","Aphis_citricidus"
"e65eea1564f68c1d8abafc5a83962341","d__Eukaryota","Bicosoecida","Bicosoecida","Bicosoecida","Bicosoecida","Bicosoeca","uncultured_stramenopile"
"59d74418b4659a01cccd82f31d211d8b","d__Eukaryota",NA,NA,NA,NA,NA,NA
"508e299e19961a01ef5dda7dd947aa16","d__Eukaryota",NA,NA,NA,NA,NA,NA
"1ef195e8de807abb82f548dfbe4288d0","d__Eukaryota","Ochrophyta","Chrysophyceae","Chrysophyceae","Chrysophyceae","Chrysophyceae","Ochromonas_tuberculata"
"3e9c2bce4e99458f7a762db4d29ed8e0","d__Eukaryota",NA,NA,NA,NA,NA,NA
"2db0a9b580c67af2580b73aad5a5227d","d__Eukaryota","Ascomycota","Saccharomycetes","Saccharomycetales",NA,NA,NA
"35c6410954fbce3d09c60047e7ab3ca2","d__Eukaryota","Arthropoda",NA,NA,NA,NA,NA
"ca20a7a5aef19801fcb2cab9e9ec9e8e","d__Eukaryota","Ciliophora","Intramacronucleata","Conthreep","Oligohymenophorea","Peritrichia","Ophrydium_versatile"
"9ab45641b5ce67469fffdb0a47b9543a","d__Eukaryota","Euglenozoa","Kinetoplastea","Prokinetoplastina","Prokinetoplastina","Ichthyobodo","Ichthyobodo_necator"
"91c7195a93c6fd13dfb4efcab299fcc5","d__Eukaryota",NA,NA,NA,NA,NA,NA
"33e0138a06c3b9945f7fb9d52039d489","d__Eukaryota","Diatomea",NA,NA,NA,NA,NA
"a3591b26a81c4a0e4256cee8f882c32b","d__Eukaryota",NA,NA,NA,NA,NA,NA
"529120a776e347310dd60fe2c7bc9f95","d__Eukaryota","Euglenozoa","Kinetoplastea","Neobodonida","Neobodonida","Lake_Biwa_clade","uncultured_kinetoplastid"
"01dbb0e113e8183bb2c87139e6b5a513","d__Eukaryota",NA,NA,NA,NA,NA,NA
"e8c83f6ee7f68829c62659ecfad9029f","d__Eukaryota",NA,NA,NA,NA,NA,NA
"0a8415cab5a1704509ddadfd5b7e5a3e","d__Eukaryota",NA,NA,NA,NA,NA,NA
"d39cf11fc3dceb42a8268d0b8514d8d4","d__Eukaryota",NA,NA,NA,NA,NA,NA
"066424f8792d78b80ea47ce371006fa4","d__Eukaryota",NA,NA,NA,NA,NA,NA
"95b4e6ee02d836fd9ca9cedb374a56fd","d__Bacteria","Proteobacteria","Gammaproteobacteria",NA,NA,NA,NA
"0934aca61a57ee9cc679680ec966c727","Unassigned",NA,NA,NA,NA,NA,NA
"1a81b7b1e89c5d642ddd9e2850ca6b20","d__Eukaryota",NA,NA,NA,NA,NA,NA
"6f06101edbcc51b2a39caa1bed5b0ccd","d__Eukaryota",NA,NA,NA,NA,NA,NA
"e9068392ee8b7ab55722d6f9dc9e49b8","d__Eukaryota","Incertae_Sedis","Incertae_Sedis","Incertae_Sedis","Incertae_Sedis","Telonema","uncultured_marine"
"acf5b1a5d930237000597cc5e66d3e50","d__Eukaryota","Arthropoda","Insecta","Ephemeroptera","Ephemeroptera","Ephemeroptera",NA
"92b2428fb3e12cc02db614c7edf66f60","Unassigned",NA,NA,NA,NA,NA,NA
"1b1512bc89f1e5846f98b43cc60d48bc","d__Eukaryota","Ochrophyta","Chrysophyceae",NA,NA,NA,NA
"17f3307b838c77c7f3611a4fcf88bac0","d__Eukaryota","Arthropoda","Insecta","Trichoptera","Trichoptera","Trichoptera","Rhyacophila_fasciata"
"25f85448ae2050a462351b7af58ec193","Unassigned",NA,NA,NA,NA,NA,NA
"cedf3ad7b7eea80759a5e4a0ba651b6b","d__Eukaryota",NA,NA,NA,NA,NA,NA
"cd5603f9cfc927f338db96fdca4e757c","d__Eukaryota",NA,NA,NA,NA,NA,NA
"2ebf058e665fb82b7f2f1c28bca92dcc","d__Bacteria",NA,NA,NA,NA,NA,NA
"9992d0990a8b5847a0fedca6e678a93d","d__Eukaryota",NA,NA,NA,NA,NA,NA
"dda8cfa67691a955b3ac3deae7d61823","d__Bacteria",NA,NA,NA,NA,NA,NA
"c2bc6d63dcc3492ceb8dd18773382017","d__Eukaryota",NA,NA,NA,NA,NA,NA
"c4deb1202f2e245ee50a5a4a2a87161c","d__Eukaryota",NA,NA,NA,NA,NA,NA
"f4ca4dd223cac6eefe546206b949eb78","d__Eukaryota","Ciliophora","Intramacronucleata","Conthreep","Oligohymenophorea","Tetrahymena",NA
"275368c63f3d67d3135e01941918021d","d__Eukaryota",NA,NA,NA,NA,NA,NA
"759361604444faeefa4479f38a4d4e4c","d__Eukaryota",NA,NA,NA,NA,NA,NA
"873e1160dd237f8de2fd97a33d818e34","d__Eukaryota",NA,NA,NA,NA,NA,NA
"892faa14698ecd13cb7c039257b42f44","d__Eukaryota",NA,NA,NA,NA,NA,NA
"79add02ac643912195c1cb0598c974ab","Unassigned",NA,NA,NA,NA,NA,NA
"e3dd24d0c76517cdf5f80f16c57fa029","Unassigned",NA,NA,NA,NA,NA,NA
"d7e8db41f1e82f568b37b998e9306ea9","d__Eukaryota",NA,NA,NA,NA,NA,NA
"d8212921a1d54359dd3b3eb0d0f6c55c","d__Bacteria","Proteobacteria","Gammaproteobacteria",NA,NA,NA,NA
"4a1150b0999c11a5935a32d7595ec34a","d__Eukaryota","Diatomea",NA,NA,NA,NA,NA
"9a4ac4dfcf4e63187a9b9eb4e081212e","d__Eukaryota","Arthropoda","Branchiopoda","Diplostraca","Diplostraca","Diplostraca","Acroperus_harpae"
"65cd2c58ec712adf80966214a4457dc0","d__Eukaryota",NA,NA,NA,NA,NA,NA
"a3edb759d6349cb08bc8bbbe8c36ba64","d__Eukaryota","Peronosporomycetes","Peronosporomycetes","Peronosporomycetes","Peronosporomycetes","Haptoglossa","Haptoglossa_sp."
"0d72a6471bf17a8188ae595249b6896d","d__Eukaryota",NA,NA,NA,NA,NA,NA
"bb4a1076131b2187337cc418e022ece3","d__Eukaryota",NA,NA,NA,NA,NA,NA
"81604ae426b420b84ef17c93766cc96d","d__Eukaryota","Arthropoda","Insecta","Plecoptera","Plecoptera","Plecoptera",NA
"a9e80dcdb35766602e977225e39a49ac","d__Eukaryota","Ascomycota","Leotiomycetes","Helotiales","Helotiales","Helotiales","Leotiomycetes_sp."
"00424c5adf7f7b6ba3d26d942fa229de","d__Eukaryota",NA,NA,NA,NA,NA,NA
"390f9fab6ee6188c5270fa59e70adcb4","d__Eukaryota",NA,NA,NA,NA,NA,NA
"c7449c7d516cb590192ac56bf762c311","d__Eukaryota","Arthropoda","Insecta","Diptera","Diptera","Diptera","Ablabesmyia_rhamphe"
"c8356658bf59c8fbd67f4ad0a77c2693","d__Eukaryota","Arthropoda","Insecta","Ephemeroptera","Ephemeroptera","Ephemeroptera",NA
"960864faefb66a951b8712d0798088ea","d__Eukaryota","Ciliophora","Intramacronucleata","Armophorea","Armophorida","Armophorida",NA
"3096628c858aa367d41f70da018cb741","d__Eukaryota",NA,NA,NA,NA,NA,NA
"178e25865145354672f8e7dbc573e16e","d__Eukaryota","Phragmoplastophyta","Embryophyta",NA,NA,NA,NA
"7bf378642843f115fe912bb0493ed05c","Unassigned",NA,NA,NA,NA,NA,NA
"57086dd679515ce95bcbda111d6fb19d","d__Eukaryota","Chytridiomycota","Chytridiomycetes","Chytridiales",NA,NA,NA
"964c9d7232da5c403cae49c4ee3e2169","d__Eukaryota","Rotifera","Bdelloidea","Adinetida","Adinetida","Adinetida",NA
"091f86ed668291421f7c3de21a2ebbab","d__Eukaryota","Apicomplexa","Conoidasida","Gregarinasina","Eugregarinorida","Ascogregarina",NA
"85622401b6632e7a65a2d47d0279cb2c","d__Eukaryota",NA,NA,NA,NA,NA,NA
"1b39cf0c9d664d8d03bb1453d5493df5","d__Eukaryota","Ciliophora","Intramacronucleata",NA,NA,NA,NA
"2cb2d700887697f0b62d4bc10b43a355","d__Eukaryota",NA,NA,NA,NA,NA,NA
"3afa152004bd43078f53a447dffab516","d__Bacteria","Proteobacteria","Alphaproteobacteria","Sphingomonadales","Sphingomonadaceae",NA,NA
"cef68dead5508dbf0879849865ff185c","d__Eukaryota",NA,NA,NA,NA,NA,NA
"b1d35f0be7851b7ddd51cb9ee08fb0b8","Unassigned",NA,NA,NA,NA,NA,NA
"67a7f7f45b3f2a43b32bfaf44c36307a","d__Eukaryota",NA,NA,NA,NA,NA,NA
"5e4de3e6adab160f538c22d2acf46df6","d__Eukaryota","Arthropoda","Insecta","Plecoptera","Plecoptera","Plecoptera","Amphinemura_nigritta"
"adfc515d68000f5a308a223be71f0da2","d__Eukaryota",NA,NA,NA,NA,NA,NA
"1fd865be4784cbd3758a82fd42fb84f4","d__Eukaryota","Euglenozoa","Kinetoplastea","Prokinetoplastina","Prokinetoplastina","Ichthyobodo","Ichthyobodo_necator"
"31e7563b32d63e6e3abc7bf4815fe74d","d__Eukaryota",NA,NA,NA,NA,NA,NA
"1675b5c7fbd82f1cffa8679ad7a5ce4a","d__Eukaryota",NA,NA,NA,NA,NA,NA
"4aeb635e12fa5306a8f6cd542f2c1fd4","d__Eukaryota","Amoebozoa","Discosea","Dactylopodida","Dactylopodida","Angulamoeba","Angulamoeba_fungorum"
"31988409bedcf16fd0cca597102ff5ff","d__Eukaryota",NA,NA,NA,NA,NA,NA
"3dfe4f2817584e6e54d7b6c7e99a8a59","d__Bacteria",NA,NA,NA,NA,NA,NA
"d2b53d31e4ea94ee60e4075174a2e421","Unassigned",NA,NA,NA,NA,NA,NA
"08863edd7f1c5cb67b731209d07a7d6f","d__Bacteria","Desulfobacterota","Desulfuromonadia","Geobacterales","Geobacteraceae",NA,NA
"60b6368b4fef76b0c95280411029ebf3","d__Eukaryota","Phragmoplastophyta",NA,NA,NA,NA,NA
"8fb1bfdeafa9d6e2a2726359b4ec1754","d__Eukaryota",NA,NA,NA,NA,NA,NA
"f64bd1347f51df7e97a81d5341ea4f21","d__Eukaryota","Apicomplexa","Conoidasida","Gregarinasina","Eugregarinorida","uncultured","uncultured_alveolate"
"12a17d366bab5094a2e2bce0930a4294","Unassigned",NA,NA,NA,NA,NA,NA
"834645fdf2efb3fba42e985d726ba942","d__Eukaryota","Ascomycota","Eurotiomycetes","Eurotiales","Aspergillaceae","Aspergillus",NA
"3d565445405015eccf8230234e4f1630","d__Eukaryota",NA,NA,NA,NA,NA,NA
"754ec9332733e275c23869a641c23ccc","d__Eukaryota","Bicosoecida","Bicosoecida","Bicosoecida","Bicosoecida","Bicosoeca","metagenome"
"6fb65b97b1dde70920ba50dc9b3cc574","d__Eukaryota","Arthropoda","Insecta","Diptera","Diptera","Diptera",NA
"6113e10978fe5acf27ec76e079d61b9c","d__Eukaryota","Cercozoa","Cercomonadidae","Cercomonadidae","Cercomonadidae","Paracercomonas",NA
"3af619788946847bc57466c65e6e17ca","d__Eukaryota","Platyhelminthes","Rhabditophora","Tricladida",NA,NA,NA
"6e8dae1470aa22a3395f89f0f869660e","d__Bacteria","Gemmatimonadota","Gemmatimonadetes","Gemmatimonadales","Gemmatimonadaceae","Gemmatimonas","Gemmatimonas_aurantiaca"
"d4381ce81ebf0ba631734a9bb0aa77c2","d__Eukaryota",NA,NA,NA,NA,NA,NA
"ac3f1748bc48e24f9b8606853e0296e2","d__Eukaryota",NA,NA,NA,NA,NA,NA
"dbb283e93713bd6688e315daa5e5e324","d__Eukaryota","Basidiomycota","Malasseziomycetes","Malasseziales","Malasseziaceae","Malassezia","Malassezia_globosa"
"3828ea7daf474e72a7d4de3f923c8aa3","d__Eukaryota",NA,NA,NA,NA,NA,NA
"67c29050c2f3ed7014e634c0927e4373","d__Eukaryota",NA,NA,NA,NA,NA,NA
"5f52ad8365d9c3dc8d574a19a6605a08","d__Eukaryota","Cercozoa","Cercomonadidae","Cercomonadidae","Cercomonadidae","Cercomonas","Cercomonas_pellucida"
"6797b63e1646e6c966d5a7b920c7f654","d__Eukaryota","Ciliophora","Postciliodesmatophora","Heterotrichea","Heterotrichea","Stentor","Stentor_roeselii"
"ea271164544053f9280fe828712b0733","d__Eukaryota","Peronosporomycetes","Peronosporomycetes","Peronosporomycetes","Peronosporomycetes",NA,NA
"f4cce8a69b5826729679a8c1e3520feb","d__Eukaryota","Vertebrata","Actinopterygii","Teleostei","Teleostei","Teleostei",NA
"36909e538fba7143f9efa1a6320a204e","d__Eukaryota",NA,NA,NA,NA,NA,NA
"335eada98af77469e10c91b4dae6b62a","d__Eukaryota",NA,NA,NA,NA,NA,NA
"13a995aaa8d109194410d877a98709b1","d__Eukaryota",NA,NA,NA,NA,NA,NA
"5fe98ede3129b3781c7040d31d26d2c0","d__Eukaryota","Cercozoa","Cercomonadidae","Cercomonadidae","Cercomonadidae","uncultured","uncultured_Eimeriidae"
"c37a3f1146504e19a8608cb618b970c2","d__Eukaryota",NA,NA,NA,NA,NA,NA
"a8c1a782367b9527db2a4c2b79749862","d__Eukaryota","Gastrotricha","Gastrotricha","Chaetonotida","Chaetonotida","Chaetonotida","Halichaetonotus_schromi"
"9efb88e02d6170e38ec45f299310bf54","d__Eukaryota",NA,NA,NA,NA,NA,NA
"32aa1acd39fb3752197f90c9462a4db0","d__Eukaryota","Amoebozoa","Discosea","Dactylopodida","Dactylopodida","Korotnevella","uncultured_eukaryote"
"c9f3a2d1a11aa581c8c1bbd9a0478a7f","Unassigned",NA,NA,NA,NA,NA,NA
"b696f9102093f5c0f1bd9562b473d7f3","d__Eukaryota",NA,NA,NA,NA,NA,NA
"ce1f33e2dcb4e55dd880e890938af30d","d__Eukaryota",NA,NA,NA,NA,NA,NA
"234577573a5e3188231b109ffaffdcef","d__Eukaryota","Chlorophyta","Trebouxiophyceae","Trebouxiophyceae","Trebouxiophyceae","Trebouxiophyceae","Chloroidium_saccharophilum"
"8bcd00196e6811b3c5890a64d4ccf400","d__Eukaryota","Arthropoda","Insecta","Ephemeroptera","Ephemeroptera","Ephemeroptera",NA
"5a61058fbd29cf460f30e664b94a6425","d__Eukaryota","Gastrotricha","Gastrotricha","Chaetonotida","Chaetonotida","Chaetonotida","uncultured_eukaryote"
"c78aa52706686a67ae69ce75a0e8a900","d__Eukaryota","Arthropoda","Insecta","Plecoptera","Plecoptera","Plecoptera","Amphinemura_nigritta"
"70100d8a67bdba21398448843a814085","Unassigned",NA,NA,NA,NA,NA,NA
"497de807d5f332a7adda5b34c819da8d","d__Eukaryota",NA,NA,NA,NA,NA,NA
"f770152b1387ff4f8732885d6fad1c89","d__Eukaryota","Cercozoa","Cercomonadidae","Cercomonadidae","Cercomonadidae",NA,NA
"e4d3513f09d14e44d8d9fc770489d736","Unassigned",NA,NA,NA,NA,NA,NA
"3fb2ee6e105ea434641f02be20adc2aa","d__Bacteria","Proteobacteria","Gammaproteobacteria",NA,NA,NA,NA
"50726bf2e3cc7b2a4e09f267015280e4","d__Bacteria",NA,NA,NA,NA,NA,NA
"d8ec7d15c5074c01f7dd3dfefe72d7a8","Unassigned",NA,NA,NA,NA,NA,NA
"c1b169a3202bd0a85e55403fdd5b69af","d__Eukaryota","Arthropoda","Insecta","Diptera","Diptera","Diptera","Chironomus_tentans"
"ee0c8f3791b258ddab6356fee322ac26","d__Eukaryota",NA,NA,NA,NA,NA,NA
"903579b99188cf6319325831b38b1909","d__Eukaryota",NA,NA,NA,NA,NA,NA
"1d92af6d424f3bbb79aaa6dacfdc4c6b","d__Eukaryota",NA,NA,NA,NA,NA,NA
"7842d0c33ea7b5334f942515648fdb6a","d__Eukaryota",NA,NA,NA,NA,NA,NA
"e3aadea583ee418c2e4c89f23f3dbf1f","d__Eukaryota","Gastrotricha","Gastrotricha","Chaetonotida","Chaetonotida","Chaetonotida","uncultured_eukaryote"
"158c4e44f8e2b22202ccb397d0a85467","d__Eukaryota","Arthropoda","Ostracoda","Podocopida","Podocopida","Podocopida","Candonidae_sp."
"8a48af1c97f82d7259a36ae8dabc1460","d__Eukaryota","Ascomycota","Eurotiomycetes","Chaetothyriales","Herpotrichiellaceae",NA,NA
"eb67e31bf40bd807e9ace44032a5aa40","Unassigned",NA,NA,NA,NA,NA,NA
"53be991976790e280409f5fce9a3df91","d__Eukaryota","Ciliophora","Intramacronucleata","Conthreep","Phyllopharyngea","Tokophrya",NA
"bce9c75f7072f941ba35fc6e131fe6be","d__Eukaryota",NA,NA,NA,NA,NA,NA
"9a78d1c129860c003f497b380c510c5a","Unassigned",NA,NA,NA,NA,NA,NA
"d890092274945b1104d3851aef47c0f7","d__Eukaryota",NA,NA,NA,NA,NA,NA
"90eb2e491ed1e2114a2482cc35fb2bde","d__Eukaryota","Amoebozoa","Tubulinea","Arcellinida","Arcellinida","Arcellinida","metagenome"
"9eb911f1233b81eb1c789311cfc109a4","d__Eukaryota","Ciliophora","Intramacronucleata","Conthreep","Oligohymenophorea","Peritrichia","Ophrydium_versatile"
"55becfca1984c294460c9d1a6b0e53af","d__Eukaryota",NA,NA,NA,NA,NA,NA
"b4e836e0dcd2c201cfb8061647aa749d","d__Eukaryota",NA,NA,NA,NA,NA,NA
"41599510cd8e3f5ab5e43aa1a2c2f6f4","d__Eukaryota","Chlorophyta",NA,NA,NA,NA,NA
"cddc0314358bd11f5b04f23d8a46c778","d__Eukaryota",NA,NA,NA,NA,NA,NA
"7ac1c09715ef7f23282da30380e5b523","d__Eukaryota",NA,NA,NA,NA,NA,NA
"62691456af655d4f80dbac8a3de5f95d","d__Eukaryota","Ciliophora","Intramacronucleata","Conthreep","Oligohymenophorea","Peritrichia","Ophrydium_versatile"
"7c940a015a9777c4e2c080fe397e5193","d__Eukaryota",NA,NA,NA,NA,NA,NA
"bb0bb13c7d8d432e71c56cd81ab4bb9e","d__Eukaryota","Heterolobosea","Tetramitia","Tetramitia","Tetramitia","Allovahlkampfia","Plasmopara_viticola"
"0b3c66d309d8e905c711d4b8b75de134","d__Eukaryota",NA,NA,NA,NA,NA,NA
"1ddef8be459e96c85c275667fa5e3daa","d__Eukaryota","Ascomycota","Leotiomycetes",NA,NA,NA,NA
"a04d062a28b483d855bb28cf71307b44","d__Eukaryota","Diatomea",NA,NA,NA,NA,NA
"aace9568dcd1018b6370dfc03a59c199","d__Eukaryota","Chytridiomycota","Chytridiomycetes",NA,NA,NA,NA
"f44061ad53f4d75b17185569f6a817be","d__Eukaryota",NA,NA,NA,NA,NA,NA
"59073ca98d54675cf39fcf1b0c08d53c","d__Eukaryota",NA,NA,NA,NA,NA,NA
"9aea0673a326655c57589ddd89d9fd11","d__Bacteria",NA,NA,NA,NA,NA,NA
"1ef842c0d80bbb55ad66483cf434c473","d__Eukaryota",NA,NA,NA,NA,NA,NA
"7b334af66b20b464c487ad2176d180d2","d__Eukaryota",NA,NA,NA,NA,NA,NA
"d6bc0def8154417f9892c8370c4a3518","Unassigned",NA,NA,NA,NA,NA,NA
"5d5423433ccdaa77cb123a85533da840","d__Eukaryota","Chlorophyta","Trebouxiophyceae","Trebouxiophyceae","Trebouxiophyceae","Trebouxiophyceae","Chloroidium_saccharophilum"
"88fcf96f42380e6f5fbc09badf1d767f","d__Eukaryota",NA,NA,NA,NA,NA,NA
"2d467a3f20c8567f91e757d300ef53a0","d__Eukaryota","Platyhelminthes",NA,NA,NA,NA,NA
"02e5c6e37c79ba96e612334ac91e1e8a","d__Eukaryota",NA,NA,NA,NA,NA,NA
"21a002f47d663b5025abfa38804efa84","d__Eukaryota",NA,NA,NA,NA,NA,NA
"158d404f853aa6da5db482733f7d6f71","d__Bacteria",NA,NA,NA,NA,NA,NA
"6e2ac6d50edeff1e3a9742816ab704cb","d__Eukaryota",NA,NA,NA,NA,NA,NA
"20724543c211d26c644f2a36d82f0860","d__Eukaryota","Gastrotricha","Gastrotricha","Chaetonotida","Chaetonotida","Chaetonotida","Halichaetonotus_schromi"
"9f95db41556c56f31d95efb832b0a92a","d__Eukaryota",NA,NA,NA,NA,NA,NA
"5879fbdc71eb92503d8d92fad26e4a48","d__Bacteria",NA,NA,NA,NA,NA,NA
"9dc60ddc92c3858c98d0d7c01a36aa5f","d__Eukaryota","uncultured","uncultured","uncultured","uncultured","uncultured","uncultured_Cryptophyta"
"8de3fca2cb19d349bf4f76d25064672e","d__Eukaryota",NA,NA,NA,NA,NA,NA
"2dd1395496d1657542235d10885da0f3","d__Eukaryota","Arthropoda","Insecta","Trichoptera","Trichoptera","Trichoptera",NA
"3648e4c908fd2e86bb3ddc361b39d554","d__Eukaryota",NA,NA,NA,NA,NA,NA
"32ebdf02865e5b913ed16ffe314fb578","d__Eukaryota",NA,NA,NA,NA,NA,NA
"f89b1d4bf38623f6fe2c99b0b8b0668a","d__Eukaryota",NA,NA,NA,NA,NA,NA
"1577c3d94ac64bf1e94a5700c34d78c9","d__Eukaryota","Amoebozoa","Tubulinea","Arcellinida","Arcellinida","Arcellinida","metagenome"
"1a54c21cd46ad6ad19b20c7481228134","Unassigned",NA,NA,NA,NA,NA,NA
"314c2c63a80ccb5bd3c60d35204f1323","Unassigned",NA,NA,NA,NA,NA,NA
"bdd4db0387b38ae093b686a3f5d182cf","d__Eukaryota",NA,NA,NA,NA,NA,NA
"c19f33dc4af5ebe7db7666e142260e70","d__Bacteria","Verrucomicrobiota","Verrucomicrobiae","Opitutales","Opitutaceae",NA,NA
"bdc7e7e90035740630e2c5a1a907b3ac","d__Eukaryota",NA,NA,NA,NA,NA,NA
"4c89afbcbc050ce5b04ecd64bec05777","d__Eukaryota",NA,NA,NA,NA,NA,NA
"06a7cedc6862e6022b6ce598ab0feb6b","d__Eukaryota",NA,NA,NA,NA,NA,NA
"f2b9f14629d948034c6b96460151af08","d__Eukaryota","Ciliophora","Intramacronucleata","Conthreep","Oligohymenophorea",NA,NA
"030ca250ab865766b40a99407ae975d5","Unassigned",NA,NA,NA,NA,NA,NA
"12421330ce9c2fb358f6b41c25c9b985","Unassigned",NA,NA,NA,NA,NA,NA
"9c9514b610ca159fb9a0602666a4b1a2","Unassigned",NA,NA,NA,NA,NA,NA
"d26b774650a16a2dc8cae4ca40eac917","Unassigned",NA,NA,NA,NA,NA,NA
"5ddd78cf1f66506eda134d8a19cd9fbc","d__Eukaryota","Vertebrata","Actinopterygii","Teleostei","Teleostei","Teleostei",NA
"ce9faffc8cb42bbb5ecc3fd06fae1629","d__Eukaryota","Tardigrada","Eutardigrada","Parachela","Parachela","Parachela","Hypsibius_dujardini"
"5c5429682607ce95219b2f3ea065689f","d__Eukaryota",NA,NA,NA,NA,NA,NA
"5e5f4ae47b6135b432962623c0c58ba3","d__Eukaryota","Arthropoda","Insecta","Diptera","Diptera","Diptera","Chironomus_tentans"
"db4dc0c5555736c1d7c20bfa6a7a02bb","Unassigned",NA,NA,NA,NA,NA,NA
"cc6b96f2d7c86a26bafc4b77e6c2f003","d__Eukaryota",NA,NA,NA,NA,NA,NA
"b9e042e5ff92a29342f667cfa649a4da","Unassigned",NA,NA,NA,NA,NA,NA
"dd6be016f7c55a0fc08f72984cbad971","d__Eukaryota","Amoebozoa","Tubulinea","Euamoebida","Euamoebida",NA,NA
"4951854eb9b45e4868f628713ebcf21b","Unassigned",NA,NA,NA,NA,NA,NA
"44f9beea86792bb3960410f49455ac04","d__Eukaryota","Euglenozoa","Kinetoplastea","Prokinetoplastina","Prokinetoplastina","Ichthyobodo","Ichthyobodo_necator"
"b859ffd2aeb218c093ef081d1785acbc","d__Eukaryota","Diatomea",NA,NA,NA,NA,NA
"09f4fbe23c833c85c18d15ae30967a96","d__Eukaryota","Diatomea","Bacillariophyceae","Bacillariophyceae","Bacillariophyceae","Gomphonema",NA
"418b310211ac6b47b60d4ce36dd1b204","d__Eukaryota",NA,NA,NA,NA,NA,NA
"d22fcd2d511e6b07ec69f05e2718ad92","d__Eukaryota","Basidiomycota","Pucciniomycetes","Pucciniales","Pucciniales","Cronartium","Cronartium_ribicola"
"2545e0873eeb509f3aa7205e056fca4b","Unassigned",NA,NA,NA,NA,NA,NA
"a066349f206e9c5b437c91545a1ad2de","d__Eukaryota",NA,NA,NA,NA,NA,NA
"e873cb29c8ac44770dce2812f2e87e67","d__Eukaryota","Ciliophora","Postciliodesmatophora","Heterotrichea","Heterotrichea","Stentor","Stentor_roeselii"
"bab8d17b40798f04fd4153e3ece392b0","d__Eukaryota",NA,NA,NA,NA,NA,NA
"8b6fa7465ccb11c671fcdd1c4bdcfe32","d__Eukaryota",NA,NA,NA,NA,NA,NA
"4f20c215fb9104db971f25e403d5e0c7","Unassigned",NA,NA,NA,NA,NA,NA
"a8e52922ca437b347f5ba644dec928ce","d__Eukaryota",NA,NA,NA,NA,NA,NA
"c4f9bae058af20ff4e9d11d615923313","d__Bacteria","Proteobacteria","Alphaproteobacteria","Sphingomonadales","Sphingomonadaceae",NA,NA
"70860dbf40c1af9c9736c6f437f06c71","d__Eukaryota",NA,NA,NA,NA,NA,NA
"d460d194ee7b72022d1c7ac7654d8b2d","Unassigned",NA,NA,NA,NA,NA,NA
"c2f1a5687a6be046a8d996d6bf0f068b","d__Eukaryota",NA,NA,NA,NA,NA,NA
"9fb0f4844f21fc97c233d4941f3f863c","d__Eukaryota","Ciliophora","Intramacronucleata","Conthreep","Oligohymenophorea","Tetrahymena",NA
"ca8397099f6721abc772279648182fdb","d__Eukaryota","Ciliophora","Intramacronucleata","Conthreep","Oligohymenophorea","Peritrichia","Ophrydium_versatile"
"eb10db2c556e4f566d3acd2a2055a6cc","d__Eukaryota","Apicomplexa","Conoidasida","Gregarinasina","Eugregarinorida","Eugregarinorida","Apicomplexa_sp."
"0c297408fb951d8bd45b5a1517c50fd5","d__Eukaryota","Arthropoda","Insecta",NA,NA,NA,NA
"00a750cfd167cb3d6c92a4d0f503fc2f","d__Eukaryota",NA,NA,NA,NA,NA,NA
"2eb373703439babf2546100806751b8e","d__Eukaryota","Basidiomycota","Agaricomycetes",NA,NA,NA,NA
"ea54c9c8e513944874fbb969b23f2d0c","d__Eukaryota","Centrohelida","Centrohelida","Centrohelida",NA,NA,NA
"141b8df72f96c943840e2a5c2487fa90","d__Eukaryota","Arthropoda","Insecta","Ephemeroptera","Ephemeroptera","Ephemeroptera",NA
"972122ee3c8beb52840a7d725811cf31","d__Eukaryota",NA,NA,NA,NA,NA,NA
"a224fc4cee60fa2be92534936a6a1b13","d__Eukaryota","Apicomplexa","Conoidasida","Gregarinasina","Eugregarinorida","Ascogregarina",NA
"35b7528ac08994373e97df5a78c59682","d__Eukaryota",NA,NA,NA,NA,NA,NA
"957843791a78f465c70241af6545aa49","d__Eukaryota","Ascomycota","Dothideomycetes","Capnodiales",NA,NA,NA
"a11835bcbd3eba189b4c28e1d7beb8b8","Unassigned",NA,NA,NA,NA,NA,NA
"a31392d29be42af858d146a731f9e4d4","d__Bacteria",NA,NA,NA,NA,NA,NA
"3067785b68f5e8e921850575f562dbfe","d__Eukaryota",NA,NA,NA,NA,NA,NA
"55f04033602ded0180dbbe43bee5a132","d__Eukaryota",NA,NA,NA,NA,NA,NA
"b88ad4aacb607fa9f3d975e33aab7f35","Unassigned",NA,NA,NA,NA,NA,NA
"d6f96b231b614d68c25182b78a1ac977","Unassigned",NA,NA,NA,NA,NA,NA
"1a26e9bb2ac50312a1d4e0820e4a244c","d__Eukaryota",NA,NA,NA,NA,NA,NA
"262838206ae15737627beeaa91925b57","d__Eukaryota","Arthropoda","Insecta","Ephemeroptera","Ephemeroptera","Ephemeroptera",NA
"91e57889f7a5532ce64fc5d0bae2d05f","d__Eukaryota","Holozoa","Choanoflagellida","Craspedida","Salpingoecidae","Salpingoecidae","metagenome"
"35dd0ed689345146b7c4f11e6697002e","d__Eukaryota",NA,NA,NA,NA,NA,NA
"06b3c6a3cff3a623fbb95a1b9c359a04","d__Eukaryota","Tardigrada","Eutardigrada","Parachela","Parachela","Parachela","Hypsibius_dujardini"
"65e892b37eb2491230541e87cf7116f4","d__Eukaryota",NA,NA,NA,NA,NA,NA
"eb5ffbb34db3fc1d83ea6859864e3ab4","d__Eukaryota","Ciliophora","Intramacronucleata","Conthreep","Oligohymenophorea",NA,NA
"435a40fe7775b3619eb61d691da09a3f","Unassigned",NA,NA,NA,NA,NA,NA
"be4734ccf4d3313c3e46a61adac9c1ab","d__Eukaryota",NA,NA,NA,NA,NA,NA
"2608d289955be7bdc0ddb7e9aee89bf6","d__Eukaryota","Euglenozoa","Kinetoplastea",NA,NA,NA,NA
"a8efdafc59e7ff55e873e1e1389d5173","d__Eukaryota","Chlorophyta","Chlorophyceae","Chlorophyceae","Chlorophyceae","Chlorophyceae","Stigeoclonium_farctum"
"7983a70da961fc737d1b11286382bfee","d__Eukaryota",NA,NA,NA,NA,NA,NA
"172f9972eb5ad122661bb6eaf1d5e27b","d__Eukaryota",NA,NA,NA,NA,NA,NA
"14435d92b9d75350ed12af3cdee0dd43","d__Eukaryota",NA,NA,NA,NA,NA,NA
"4dbac73d545b75d0cb2c51b64a25c69d","d__Eukaryota",NA,NA,NA,NA,NA,NA
"69fbe520f57de62582382a94b5e43ef6","Unassigned",NA,NA,NA,NA,NA,NA
"a24fbbd231938f4d0d2653b14cdfc920","d__Eukaryota",NA,NA,NA,NA,NA,NA
"8fea2a2d025284a8061da4feefce2b87","d__Eukaryota","Apicomplexa","Conoidasida","Gregarinasina","Eugregarinorida","Eugregarinorida","Apicomplexa_sp."
"ada8d58f80d972c2c97cb961e2827441","d__Eukaryota","Cryptophyceae","Cryptophyceae","Cryptomonadales","Cryptomonadales",NA,NA
"753a574f8d18954e8164ac4a51f6196e","d__Eukaryota",NA,NA,NA,NA,NA,NA
"bae8fbf2a1d6aa5cf8e1198cd8330efe","Unassigned",NA,NA,NA,NA,NA,NA
"04a377784d0172a1ba6d213342e756cd","d__Eukaryota","Cercozoa","Vampyrellidae","Vampyrellidae","Vampyrellidae","Vampyrellidae",NA
"882694917622131ce64abe376762b1f3","d__Eukaryota",NA,NA,NA,NA,NA,NA
"0e77290427a1c0dd89ba95bb17b3e1aa","d__Eukaryota",NA,NA,NA,NA,NA,NA
"c006916df2c39239e48e71fbbedb1236","d__Eukaryota","Arthropoda","Insecta","Diptera","Diptera","Diptera","Chironomus_tentans"
"618b510dfd544db1ad46e84d19c5252f","d__Eukaryota",NA,NA,NA,NA,NA,NA
"49e8970039d68ef3caffcd484b564799","d__Eukaryota",NA,NA,NA,NA,NA,NA
"d9b2ab6dca2d20d5c260a302c4db8dde","d__Eukaryota",NA,NA,NA,NA,NA,NA
"4c0f039e60b77dd8436665dc58107054","Unassigned",NA,NA,NA,NA,NA,NA
"052e2cd06667c0e2f57d03858269b5d7","d__Eukaryota","Ciliophora","Intramacronucleata","Conthreep","Oligohymenophorea","Hymenostomatia","Agolohymena_aspidocauda"
"cead37c78783682f7ae10b85e48f02b6","d__Eukaryota",NA,NA,NA,NA,NA,NA
"08ae1748c2159ac63b7e701d3b9329ab","d__Eukaryota","Ciliophora","Intramacronucleata","Conthreep","Oligohymenophorea","Peritrichia","Ophrydium_versatile"
"9f2fb37f07466ae05d019e22151fcb29","d__Eukaryota","Apicomplexa","Conoidasida","Gregarinasina","Eugregarinorida",NA,NA
"1d1830f4bc6995ddb9933bf1de833aa1","d__Eukaryota","Chytridiomycota","Chytridiomycetes","Rhizophydiales","Rhizophydiales","Rhizophydiales","uncultured_Chytridiomycota"
"488b24f8fa75f8ec7222d9fb86f41197","d__Eukaryota","Platyhelminthes","Rhabditophora","Lecithoepitheliata","Lecithoepitheliata","Lecithoepitheliata","Geocentrophora_sp."
"d2b7e9ecebc272afa041df7d92f929bc","d__Eukaryota","Rotifera","Bdelloidea","Adinetida","Adinetida","Adinetida","Hyalella_azteca"
"ad0cdb66bc9924afe23794e935527384","Unassigned",NA,NA,NA,NA,NA,NA
"4741741399af4c81ddeee244ab6d6b0d","d__Eukaryota","Arthropoda","Insecta","Ephemeroptera","Ephemeroptera","Ephemeroptera",NA
"d27c51f1d5ef29796b14a623e7d60306","d__Eukaryota",NA,NA,NA,NA,NA,NA
"2398ff8e4991894c5942cb2867e9ed7a","d__Eukaryota","Ciliophora","Postciliodesmatophora","Heterotrichea","Heterotrichea","Stentor","Stentor_roeselii"
"7a7c9c1be13e4cca9e6fa3fc04bc1f1e","d__Eukaryota",NA,NA,NA,NA,NA,NA
"87e18e97f5939d52d81983dff58549de","d__Eukaryota","Gastrotricha","Gastrotricha","Chaetonotida","Chaetonotida","Chaetonotida",NA
"c72f21299e02b4872ff46372a8bb5c5d","d__Eukaryota","Ciliophora","Intramacronucleata","Conthreep","Oligohymenophorea",NA,NA
"0280c178bd3abc8a5ecaddb6c4db5bc1","d__Eukaryota","Ascomycota","Leotiomycetes",NA,NA,NA,NA
"deb860338107942919d535089154e061","d__Eukaryota","Amoebozoa","Tubulinea","Tubulinea","Tubulinea","Tubulinea","Tubulinea_group"
"114ef6864f620219e596a24fd4a45608","d__Eukaryota","Phragmoplastophyta","Embryophyta",NA,NA,NA,NA
"d8dd423139f6899712455c589d8cc4f1","d__Eukaryota","Chytridiomycota","Chytridiomycetes",NA,NA,NA,NA
"1a8d43c09e8a77e25132132e1ef1e1b9","d__Eukaryota",NA,NA,NA,NA,NA,NA
"d6116feca7148a7df15e9e3c29f96c9c","d__Eukaryota",NA,NA,NA,NA,NA,NA
"69151f4370b2fe7e53ee0cac34a83dc2","d__Eukaryota","Arthropoda","Insecta","Plecoptera","Plecoptera","Plecoptera","Bolotoperla_rossi"
"c6a93fbf9affb458d739a82c8f90c09d","d__Eukaryota",NA,NA,NA,NA,NA,NA
"2e296d4b8dbe426888e07c0c3166c91a","d__Eukaryota","Incertae_Sedis","Incertae_Sedis","Incertae_Sedis","Incertae_Sedis","Incertae_Sedis","metagenome"
"c0887513fe0c3ee1b459aea402b3825d","d__Eukaryota","Gastrotricha","Gastrotricha","Chaetonotida","Chaetonotida","Chaetonotida","uncultured_eukaryote"
"c46674216ede9b2d6d1322e16f7287c6","d__Eukaryota",NA,NA,NA,NA,NA,NA
"35b5366e6ba4e32fe658b3d8438768fd","Unassigned",NA,NA,NA,NA,NA,NA
"4e8e3f8fbfcf44b83f3961dda564d5a2","d__Eukaryota","Ochrophyta","Chrysophyceae","Chromulinales","Chromulinales","Chrysochaete","Chrysochaete_britannica"
"a6ab40075877eddc40e3a8049ba6d9bb","Unassigned",NA,NA,NA,NA,NA,NA
"003fa62b65d8a7ff6058f8185d8739fc","d__Eukaryota","Arthropoda","Insecta",NA,NA,NA,NA
"69a6a72f7ba852d27c501774c4496ea6","d__Eukaryota",NA,NA,NA,NA,NA,NA
"3cbf864f1930d3b233c7eb0f90c9a879","d__Eukaryota","Gastrotricha","Gastrotricha","Chaetonotida","Chaetonotida","Chaetonotida","uncultured_eukaryote"
"932df6f42a8fae88dd4492d006df5c1b","d__Eukaryota",NA,NA,NA,NA,NA,NA
"d3f30fb54b88b67bd74878acfef9e724","d__Eukaryota",NA,NA,NA,NA,NA,NA
"74ed69b416ec94853dae07b335ecce1a","d__Eukaryota","Gastrotricha","Gastrotricha","Chaetonotida","Chaetonotida","Chaetonotida","uncultured_eukaryote"
"728ae430cbc59078f0d5e05bcb4857ae","d__Eukaryota","Ciliophora","Postciliodesmatophora","Heterotrichea","Heterotrichea","Stentor","Stentor_roeselii"
"73574c4fd9af015fd2851221e1749469","d__Eukaryota",NA,NA,NA,NA,NA,NA
"ff13ce55ed5b1c1ecc29672a31237c34","d__Eukaryota","Apicomplexa","Conoidasida","Gregarinasina","Eugregarinorida","Ascogregarina",NA
"6d64c732b3371123a172ba0c58b109f0","Unassigned",NA,NA,NA,NA,NA,NA
"27b1eeaeaf39a2db572aae4f3a15489d","d__Eukaryota",NA,NA,NA,NA,NA,NA
"04b47099152dc30b6889454bb7e90e53","d__Eukaryota","Basidiomycota",NA,NA,NA,NA,NA
"15aa6ba6bfbc6a898c0c0b018b1b87a5","d__Eukaryota","Incertae_Sedis","Incertae_Sedis","Incertae_Sedis","Incertae_Sedis","Telonema","uncultured_marine"
"3a31b9e4ef8d31a4e3a410af800f4f9c","d__Eukaryota","Chlorophyta","Chlorophyceae","Chlorophyceae","Chlorophyceae","Chlorophyceae",NA
"e41ce12290a5b906be5c98e07ba694cd","d__Eukaryota","Cercozoa","Phytomyxea","Phytomyxea","Phytomyxea","uncultured",NA
"04c0d9f25f796310ba4a9e8e25307cb6","d__Eukaryota",NA,NA,NA,NA,NA,NA
"30be487ec87ed9153c0b2897167d93e5","d__Eukaryota","Ciliophora","Intramacronucleata","Conthreep","Oligohymenophorea","Peritrichia","Ophrydium_versatile"
"095c1e73a42bccf215545df2301be133","Unassigned",NA,NA,NA,NA,NA,NA
"301d94b87ef62dd82d85ea1b5072e82c","d__Bacteria","Proteobacteria","Alphaproteobacteria","Sphingomonadales","Sphingomonadaceae",NA,NA
"d7b11b73c71ef3909653fb6288ae94d3","Unassigned",NA,NA,NA,NA,NA,NA
"a7ee8b46752c608e7e3b74652034df6c","d__Eukaryota","Gastrotricha","Gastrotricha","Chaetonotida","Chaetonotida","Chaetonotida","Halichaetonotus_schromi"
"64ec2ef172592f43cf25f95d50255669","d__Eukaryota",NA,NA,NA,NA,NA,NA
"395c9a920d48058a78a8021793637c09","d__Eukaryota",NA,NA,NA,NA,NA,NA
"544233bb9b8c847c95b2bfbd1cf8d5f7","d__Eukaryota","Ciliophora","Intramacronucleata","Conthreep","Oligohymenophorea","Peritrichia","Ophrydium_versatile"
"300eab35d7e619ecef85fae6d90546bb","d__Eukaryota",NA,NA,NA,NA,NA,NA
"6b1c839267cb98599768263134674952","Unassigned",NA,NA,NA,NA,NA,NA
"7086f2d378aa4e76790bd6cd838028ce","d__Eukaryota","Arthropoda","Insecta","Ephemeroptera","Ephemeroptera","Ephemeroptera","Eurylophella_sp."
"28785363e097429b14b59407d7fbe957","Unassigned",NA,NA,NA,NA,NA,NA
"4887a40aae76e6c90cb26c54a1f4c066","d__Eukaryota","Basidiomycota","Malasseziomycetes","Malasseziales","Malasseziaceae","Malassezia","Polyrhabdina_sp."
"0b03c481ec0fb04ec338bc64eee64ecb","d__Eukaryota",NA,NA,NA,NA,NA,NA
"e154081ce7f5bb90209a5797d7a81995","d__Eukaryota","Cercozoa","Incertae_Sedis","Incertae_Sedis","Incertae_Sedis","Gymnophrys","uncultured_eukaryote"
"dca324c05f11eda5e8d701b646a60168","Unassigned",NA,NA,NA,NA,NA,NA
"f76f46d60df3063660ae80915f725aee","d__Eukaryota","Ciliophora","Intramacronucleata","Conthreep","Oligohymenophorea","Hymenostomatia","Agolohymena_aspidocauda"
"60821bb397b68b4d75233ec453cafed5","Unassigned",NA,NA,NA,NA,NA,NA
"56e3f458e1a2dee0adf7df7a00ea9cc4","d__Eukaryota","Ciliophora","Postciliodesmatophora","Heterotrichea","Heterotrichea","Stentor","Stentor_roeselii"
"ee1d1d22d117c146aa6fb036bb7f7140","d__Eukaryota","Ciliophora","Intramacronucleata","Conthreep","Oligohymenophorea",NA,NA
"09e94c6907f6b083714527ac694a59ce","d__Eukaryota","Arthropoda","Insecta","Trichoptera","Trichoptera","Trichoptera","Rhyacophila_fasciata"
"570a2c11b0f1d100395a494246ba7bd5","d__Eukaryota",NA,NA,NA,NA,NA,NA
"9cc1952b232a6dbb66e553e632590229","Unassigned",NA,NA,NA,NA,NA,NA
"19a817ace62384f2e1ff8bca9b2f33f1","d__Bacteria","Verrucomicrobiota","Verrucomicrobiae","Methylacidiphilales","Methylacidiphilaceae","uncultured","uncultured_bacterium"
"1c1a3518a1e73427af5ed876691b9f1f","d__Bacteria","Verrucomicrobiota","Verrucomicrobiae","Opitutales","Opitutaceae","Ereboglobus",NA
"eb709082fe8bce8ed1b28152e4771e54","d__Eukaryota",NA,NA,NA,NA,NA,NA
"17dfe023fd7321049c662bf09f64d39a","d__Eukaryota","Amoebozoa","Tubulinea","Euamoebida","Euamoebida","Euamoebida","Ptolemeba_bulliensis"
"ff2e642307b57ed6dda211ffe9f136eb","d__Eukaryota","Gastrotricha","Gastrotricha","Chaetonotida","Chaetonotida","Chaetonotida","Halichaetonotus_schromi"
"6918921f4a68b49e904b5d7196bee687","d__Eukaryota","Apicomplexa","Conoidasida","Gregarinasina","Eugregarinorida","Ascogregarina",NA
"8dea507c089c1e6ffe3be8fbcec88cf7","d__Eukaryota",NA,NA,NA,NA,NA,NA
"00e1d6d3f2a2250a3aeeec3ce95615b0","d__Eukaryota","Arthropoda","Insecta","Plecoptera","Plecoptera","Plecoptera",NA
"220c22f4a3e4b47eb29dea8657978772","Unassigned",NA,NA,NA,NA,NA,NA
"d4b48b883310b93d6a20f57402d3f745","d__Eukaryota",NA,NA,NA,NA,NA,NA
"48a7cd27050382fe2b524062723908c9","d__Eukaryota",NA,NA,NA,NA,NA,NA
"2fa3c89f53a0a45c6064c2a73cb3bf9e","d__Eukaryota","Apicomplexa","Conoidasida","Gregarinasina","Eugregarinorida","Ascogregarina",NA
"af25f415ed494b91780f135889948478","d__Eukaryota",NA,NA,NA,NA,NA,NA
"b207ca72c24ce69565bdf958334ca993","d__Bacteria",NA,NA,NA,NA,NA,NA
"2d901f7c0879e7f5c67ef2d841e868ae","d__Eukaryota","Ciliophora","Postciliodesmatophora","Heterotrichea","Heterotrichea","Stentor","Stentor_roeselii"
"9e24931a717b3aba746d394f8e9e4a1d","d__Eukaryota","Chlorophyta","Ulvophyceae","Ulvophyceae","Ulvophyceae","Ulvophyceae",NA
"c7446bfbfd60ead4d33da1cac0a8c3a7","d__Eukaryota","Ciliophora","Intramacronucleata","Spirotrichea","Euplotia","Euplotes",NA
"97b8d6ef350afaa2aad7016aa4c02db2","d__Eukaryota","Ciliophora","Intramacronucleata","Conthreep","Oligohymenophorea","Peritrichia","Ophrydium_versatile"
"6d49694ffcbb9e94f2a7fdba5048fd06","d__Eukaryota","Apicomplexa","Conoidasida","Coccidia","Eimeriorina",NA,NA
"7d676672414112dbebb098c4e696d379","d__Eukaryota","Chytridiomycota","Chytridiomycetes",NA,NA,NA,NA
"fab73be6fcd8341f547391e68d320bb2","d__Eukaryota","Arthropoda","Insecta","Diptera","Diptera","Diptera","Belgica_antarctica"
"c2c2b208c05e0c708b34f4a1462670f3","Unassigned",NA,NA,NA,NA,NA,NA
"8eb155426dbfe11e16fe125a7a7218fe","d__Eukaryota","Apicomplexa","Conoidasida","Gregarinasina","Eugregarinorida",NA,NA
"96bb6c92bd957b1048c8b39442e06ba7","d__Eukaryota","Ciliophora","Intramacronucleata","Litostomatea","Haptoria",NA,NA
"cca86e4ac767d3897303ff00c33c7883","d__Eukaryota",NA,NA,NA,NA,NA,NA
"fb049501162c37b2f62757b6ce032a3b","Unassigned",NA,NA,NA,NA,NA,NA
"be728198f40e0077afccf5c1bd78688d","d__Eukaryota","Chlorophyta","Chlorophyceae","Chlorophyceae","Chlorophyceae","Chlorophyceae","Aphanochaete_sp."
"63eec82e96c2ea54223d47116aa3682a","d__Eukaryota","Apicomplexa","Conoidasida","Gregarinasina","Eugregarinorida",NA,NA
"a722161f800f2e79ebe3a477af717e8d","d__Eukaryota",NA,NA,NA,NA,NA,NA
"e837e5dc1ae908f0ca296f981dcd3cf3","d__Eukaryota",NA,NA,NA,NA,NA,NA
"7b14a7adcb9c48efe44fc693c1f4a818","d__Bacteria","Proteobacteria","Alphaproteobacteria",NA,NA,NA,NA
"6c7df6ddd207f2d901c4591e040a6ed7","d__Bacteria","Proteobacteria","Alphaproteobacteria","Rhizobiales",NA,NA,NA
"7348b588ecc28d16b3cbbc8a4a0cab2a","Unassigned",NA,NA,NA,NA,NA,NA
"6e4c758721c5f7ddee70fef6dc5ee038","d__Eukaryota",NA,NA,NA,NA,NA,NA
"e82aa1c96d15cfb4e23ac60774c44fff","d__Eukaryota","Prymnesiophyceae","Prymnesiophyceae","Isochrysidales","Isochrysidales","ESS2202","uncultured_Emiliania"
"50deb08609fbc6c6f71bbaceed9ff2af","d__Eukaryota","Amoebozoa","Tubulinea","Arcellinida","Arcellinida","Arcellinida","metagenome"
"28a3fdee04a52ffb0db2418cf7bf4979","Unassigned",NA,NA,NA,NA,NA,NA
"9574d45a17cae2f6b085910497ca0d77","Unassigned",NA,NA,NA,NA,NA,NA
"07d82d27b560736c252bb2111b7d4ac3","Unassigned",NA,NA,NA,NA,NA,NA
"1c81ef9760cd7b3f341f2e363b84c5ad","d__Eukaryota","Arthropoda","Insecta","Trichoptera","Trichoptera","Trichoptera",NA
"338eabb9252db98ae0abded15a27be65","d__Eukaryota","Vertebrata","Mammalia","Mammalia","Mammalia","Mammalia",NA
"4efc1d498013d689293ccf60db14bf0d","d__Eukaryota",NA,NA,NA,NA,NA,NA
"d9a4a6f60acc39a642b73bb205ff1214","d__Eukaryota",NA,NA,NA,NA,NA,NA
"ad520d0ccab9eeb16e0060246e34f763","d__Eukaryota",NA,NA,NA,NA,NA,NA
"abb6d5e4285abf65583694f728ebe75a","Unassigned",NA,NA,NA,NA,NA,NA
"ba3ce71052fafc1bfcd19f82fc0f1a69","d__Eukaryota",NA,NA,NA,NA,NA,NA
"ff2b780f4275ea3fd5404067a8a752e4","d__Eukaryota",NA,NA,NA,NA,NA,NA
"17a314dd7ab7e3151244e0eea54bf209","Unassigned",NA,NA,NA,NA,NA,NA
"52f4f4893ef983c568a6e97d2a9551ec","d__Eukaryota","Apicomplexa","Conoidasida","Gregarinasina","Eugregarinorida","Ascogregarina",NA
"64cf7ac3366c5facf95eca5f9ff17fb8","d__Eukaryota",NA,NA,NA,NA,NA,NA
"06cf575bab4cf0fd82adeec8fb528480","Unassigned",NA,NA,NA,NA,NA,NA
"e0fd7c057c8885dc6130acc9bb61c722","Unassigned",NA,NA,NA,NA,NA,NA
"ac7d5cb28893a3d2bde081cb6c6371e4","d__Eukaryota","Ciliophora","Intramacronucleata","Conthreep","Oligohymenophorea",NA,NA
"0c4617c2183ae8af1b079e1f94716972","d__Eukaryota",NA,NA,NA,NA,NA,NA
"4d24578d10dd1b83753e5597fe979f0c","Unassigned",NA,NA,NA,NA,NA,NA
"af6b7256688e0208e1da35db7659c241","Unassigned",NA,NA,NA,NA,NA,NA
"cc3004e35816d0284ba9fdda66eb3c75","Unassigned",NA,NA,NA,NA,NA,NA
"1b6bbf097a839dd5d280c61ee76fe10e","d__Eukaryota","Peronosporomycetes","Peronosporomycetes","Peronosporomycetes","Peronosporomycetes","Aphanomyces","Aphanomyces_astaci"
"25976cb9a38a5c0b21b0903f8a7c2795","d__Eukaryota",NA,NA,NA,NA,NA,NA
"48f2f03aea4cf2baa54bbcc3169aba1e","d__Eukaryota",NA,NA,NA,NA,NA,NA
"750229c8abcd64be01aad58caeaefa18","d__Eukaryota","Ciliophora","Intramacronucleata","Conthreep","Oligohymenophorea","Peritrichia",NA
"a99e6a216fa40109c1304e3628e1fcd2","d__Eukaryota","Euglenozoa","Kinetoplastea","Neobodonida","Neobodonida","Rhynchomonas","marine_metagenome"
"a5e2b65e7695001f7c05661f3408c4f8","d__Eukaryota","Apicomplexa","Conoidasida","Gregarinasina","Eugregarinorida","Eugregarinorida","Syncystis_mirabilis"
"e880b76d56c8b27bafc801651ca3184c","d__Eukaryota",NA,NA,NA,NA,NA,NA
"72d00ecd66fe6f3fc72dd21298e5b7dc","d__Eukaryota",NA,NA,NA,NA,NA,NA
"c1e7d68a404a46847f341eab96a83e68","d__Eukaryota",NA,NA,NA,NA,NA,NA
"71ea97b111d435bcebf2adbb34b47389","d__Eukaryota",NA,NA,NA,NA,NA,NA
"0457f34f57075316c5f389f7117fc156","d__Eukaryota","Basidiomycota","Microbotryomycetes","Sporidiobolales","Sporidiobolaceae","Rhodotorula",NA
"8642d3a38ba97d3fce5fedfd7a97c422","d__Eukaryota","Phragmoplastophyta","Embryophyta","Magnoliophyta","Magnoliophyta","Magnoliophyta",NA
"7bdf9d0def3abb00c64b3c9756c8d886","Unassigned",NA,NA,NA,NA,NA,NA
"28391576d551354d2166ca3d899241b0","d__Eukaryota","Chytridiomycota","Chytridiomycetes",NA,NA,NA,NA
"ffde51a29f60ac6eb12c3a809c88d560","d__Eukaryota",NA,NA,NA,NA,NA,NA
"cb1968abbc7cd8aa3867fd8289108d34","d__Eukaryota","Rotifera","Bdelloidea","Adinetida","Adinetida","Adinetida",NA
"62d693e39f601b1129cb5db50cf7d089","Unassigned",NA,NA,NA,NA,NA,NA
"7fd3fddfdd51e4b7588d0f44230e0ba4","d__Eukaryota",NA,NA,NA,NA,NA,NA
"1daf43b70df86eff8707ad55568e6b38","d__Eukaryota","Ochrophyta","Chrysophyceae",NA,NA,NA,NA
"58dfe8189c289242de2fe7a7d18b36f1","Unassigned",NA,NA,NA,NA,NA,NA
"33251c1501bae7987324076f38261db3","Unassigned",NA,NA,NA,NA,NA,NA
"52eefae735ab6d9d63ee31daef89f59e","d__Eukaryota","Rotifera","Bdelloidea","Adinetida","Adinetida","Adinetida",NA
"28b6a6c67c9024800dd04c24879baad4","d__Eukaryota","Arthropoda","Insecta","Ephemeroptera","Ephemeroptera","Ephemeroptera",NA
"f28928a615c0190595acecb8e5dc876e","d__Eukaryota","Arthropoda","Insecta","Ephemeroptera","Ephemeroptera","Ephemeroptera",NA
"bb24b460db3bde859758d581144d8ffc","d__Eukaryota",NA,NA,NA,NA,NA,NA
"e54b8efe0539d0d5496232fa129f7b01","d__Eukaryota","Apicomplexa","Conoidasida","Gregarinasina",NA,NA,NA
"e2674ae6b95da2c089bf4f199d1096df","Unassigned",NA,NA,NA,NA,NA,NA
"105bcbb88d22abf7006b67c8bcd91024","d__Eukaryota","Cercozoa","Imbricatea","Imbricatea","Euglyphida","Paulinella",NA
"6f3b8f0ea9ff4d1ee12ac4dd49a21ec1","Unassigned",NA,NA,NA,NA,NA,NA
"f9c21ca7c8b2f84e35757610913cb6f2","d__Eukaryota","Retaria","Foraminifera","Rotaliida",NA,NA,NA
"a715389017ac7947c2b2afdc894a2105","Unassigned",NA,NA,NA,NA,NA,NA
"213506aee542d24dd679879e54e6d6fa","d__Eukaryota","Ciliophora","Intramacronucleata","Conthreep","Oligohymenophorea","Tetrahymena",NA
"bc7e33a5a967c8e230ae3d5f87f51a3b","Unassigned",NA,NA,NA,NA,NA,NA
"1b67d488cdc6a438c8a68b5f9839fbbf","d__Eukaryota","Gastrotricha","Gastrotricha","Chaetonotida","Chaetonotida","Chaetonotida","uncultured_eukaryote"
"81baafd296612b12437c4c8d87e47d84","Unassigned",NA,NA,NA,NA,NA,NA
"5c165de7061266e8c83cb94378bde4fc","Unassigned",NA,NA,NA,NA,NA,NA
"f296ddf6ecf1db84a4904c9f4f699ffb","Unassigned",NA,NA,NA,NA,NA,NA
"8a99669eb832125fa018b7a0562dd142","d__Eukaryota",NA,NA,NA,NA,NA,NA
"2bafca0321963a0772ba5a0276305a50","d__Eukaryota","Ciliophora","Intramacronucleata","Conthreep","Oligohymenophorea","Peritrichia","Ophrydium_versatile"
"1510fb09b68083c79bd72c48736ae726","d__Eukaryota",NA,NA,NA,NA,NA,NA
"f81cafa58e0ee0db8cc79f84fbc18355","d__Eukaryota","Platyhelminthes","Rhabditophora","Rhabdocoela","Neodalyellida","Neodalyellida",NA
"61ab38546d093a2b72a182d8acf5b728","d__Eukaryota",NA,NA,NA,NA,NA,NA
"d3566d2e0e441260399c3c4be93f0272","d__Eukaryota",NA,NA,NA,NA,NA,NA
"f55d1acfabe84a73b8ab915da840fc4a","d__Eukaryota","Holozoa","Choanoflagellida","Codonosigidae","Codonosigidae","Codonosigidae","metagenome"
"81a0ee6a6649bf4ad0dddcafa1ed532a","d__Eukaryota",NA,NA,NA,NA,NA,NA
"c1363d9dafcd2557bf981a82b21fcb00","d__Eukaryota","Apicomplexa","Conoidasida","Gregarinasina","Eugregarinorida","Eugregarinorida","Apicomplexa_sp."
"36f753c2e24d6cff19db2613e18a4a50","d__Eukaryota","Amoebozoa","Tubulinea","Echinamoebida","Echinamoebida","Echinamoebida","uncultured_eukaryote"
"704ec9e700f856a4f0a5ef6ddb8c5f6d","Unassigned",NA,NA,NA,NA,NA,NA
"73d78686b138e918df84ac9d710988d2","d__Eukaryota","Amoebozoa","Tubulinea","Leptomyxida","Leptomyxida","Flabellula",NA
"6c88e3e1f1b329f052fb8c8ef41509d1","Unassigned",NA,NA,NA,NA,NA,NA
"ede28469a674d79a2922004dc2d599c8","Unassigned",NA,NA,NA,NA,NA,NA
"897e393bfc082ca5078958aaec153ad6","d__Eukaryota",NA,NA,NA,NA,NA,NA
"61e7ac1c41738a99d5ea1ca1b620b6fb","d__Eukaryota","Ascomycota",NA,NA,NA,NA,NA
"3a5ffda97167f5fd1e9f682ed291664d","Unassigned",NA,NA,NA,NA,NA,NA
"9887a2290986525772c324224eb84ce1","d__Eukaryota","Apicomplexa","Conoidasida","Gregarinasina",NA,NA,NA
"c317702150d80016099552a4215b0a1a","d__Eukaryota","Diatomea","Coscinodiscophytina","Coscinodiscophytina","Melosirids","Melosira","Melosira_varians"
"82d49ec6339c7a94a426d8350afdef36","d__Eukaryota",NA,NA,NA,NA,NA,NA
"0f2e93b9abbb63c6f9cba041926dd380","d__Eukaryota","Annelida","Clitellata","Haplotaxida","Haplotaxida","Haplotaxida","Rheomorpha_neiswestonovae"
"7c43017a6cec3aba561549a12f427a75","d__Eukaryota","Apicomplexa","Conoidasida","Gregarinasina","Eugregarinorida","uncultured","uncultured_alveolate"
"3db75317404362ed81ff257811dc22e5","Unassigned",NA,NA,NA,NA,NA,NA
"888c50c379f89b30d6e2d28c7b1cffb1","d__Eukaryota",NA,NA,NA,NA,NA,NA
"228613cdbd1ad320efb125becfc82e87","d__Eukaryota",NA,NA,NA,NA,NA,NA
"ff60acd8d5e00a1ced066c588d069917","d__Eukaryota","Ciliophora","Intramacronucleata","Conthreep","Oligohymenophorea",NA,NA
"6531eddc4d17a925f5cbcb10b303828e","d__Eukaryota","Ciliophora","Postciliodesmatophora","Heterotrichea","Heterotrichea","Stentor","Stentor_roeselii"
"4d3ee4d7e7f1363383711c4eadf1485f","d__Eukaryota",NA,NA,NA,NA,NA,NA
"af885ac1050ebea229c15fbebc186627","d__Eukaryota","Ciliophora","Intramacronucleata","Conthreep","Phyllopharyngea","Tokophrya",NA
"0228772171b58ea7f35912c5bfcea579","d__Eukaryota","Ciliophora","Intramacronucleata","Conthreep","Oligohymenophorea","Peritrichia","Ophrydium_versatile"
"b0c687db5c054e302d7bbbc2b457443f","d__Eukaryota","Arthropoda","Insecta",NA,NA,NA,NA
"1593819533070b360798d50e717c310c","Unassigned",NA,NA,NA,NA,NA,NA
"10cc2b35c160700934ecc9ef2975e06b","Unassigned",NA,NA,NA,NA,NA,NA
"ed1a5e793ea160b92d73e736f4d7c661","d__Eukaryota","Ciliophora","Intramacronucleata","Litostomatea",NA,NA,NA
"efeb779b40f0a8658ee8df91db211063","d__Eukaryota",NA,NA,NA,NA,NA,NA
"fac877899b0be5bd3f2ca12b5220a647","d__Eukaryota",NA,NA,NA,NA,NA,NA
"8f1f7b9bbc81b9905d07709181755adc","d__Eukaryota",NA,NA,NA,NA,NA,NA
"51fb384db6f47d5567ae4f48b7a64d0b","d__Eukaryota","Peronosporomycetes","Peronosporomycetes","Peronosporomycetes","Peronosporomycetes","Aphanomyces","Aphanomyces_astaci"
"277e4d2c3e7b25ad8851c32979e08450","d__Eukaryota",NA,NA,NA,NA,NA,NA
"b12e37cc6c09160f433e14f21fd6cf3e","Unassigned",NA,NA,NA,NA,NA,NA
"a9411d7ee69a59a68f7887ee2de87a6b","d__Eukaryota",NA,NA,NA,NA,NA,NA
"37d54b1826d7a64a9ed7dda243152316","d__Eukaryota",NA,NA,NA,NA,NA,NA
"52f7d57ad1966ef61a86034b8f948fff","d__Eukaryota","Chlorophyta","Chlorophyceae","Chlorophyceae","Chlorophyceae","Chlorophyceae","Chlamydomonas_bacca"
"fca9eed8131d68c7e63b08147247082a","d__Eukaryota",NA,NA,NA,NA,NA,NA
"88678105116157ae37ee827d4363a2b4","d__Eukaryota",NA,NA,NA,NA,NA,NA
"604af84d7ecbd5361e9c286225affb97","d__Eukaryota","Ascomycota","Pezizomycetes","Pezizales","Pezizaceae","Peziza",NA
"c699b0900913d2476000228901916207","Unassigned",NA,NA,NA,NA,NA,NA
"c873735c352d1cb1ba3c35b2cca1b825","d__Eukaryota","Basidiomycota","Microbotryomycetes","Sporidiobolales","Sporidiobolaceae","Rhodotorula",NA
"412a671bbc7c5e1e1a00ce912ca88eb3","d__Eukaryota",NA,NA,NA,NA,NA,NA
"06ed5914ad78da12ecea1d0e6e12078e","d__Bacteria",NA,NA,NA,NA,NA,NA
"7c038e29903916a27fc3e1be610cbc00","Unassigned",NA,NA,NA,NA,NA,NA
"d94ab648b7138ceaae317dea86e8ec96","Unassigned",NA,NA,NA,NA,NA,NA
"f0478122d4d21137462902e644b9387e","d__Eukaryota","Chlorophyta","Ulvophyceae","Ulvophyceae","Ulvophyceae","Ulvophyceae",NA
"0208d561fd71de6d1a6e8a31faa47a95","d__Eukaryota","Arthropoda","Insecta","Diptera","Diptera","Diptera",NA
"4cb5552f3f6ecaccf3e1ed8fee9fae75","d__Eukaryota","Dinoflagellata","Dinophyceae","Gonyaulacales","Gonyaulacales","Ceratium","uncultured_dinoflagellate"
"9a4f9dc03de2907b2dfa4800ea0e247b","Unassigned",NA,NA,NA,NA,NA,NA
"0499949f7147095b36c57f8bd9788eff","d__Eukaryota","Amoebozoa","Discosea","Vannellida","Vannellida",NA,NA
"bc43e03532f7110d530b8889d2985f93","d__Eukaryota",NA,NA,NA,NA,NA,NA
"eec7469060bb307730b4907d513f3d41","Unassigned",NA,NA,NA,NA,NA,NA
"c7ce0c27fe4ee14f7d57ce8bca19a230","d__Bacteria","Proteobacteria","Alphaproteobacteria",NA,NA,NA,NA
"db571427d4938771302c000a234d9ecb","d__Eukaryota","Cercozoa","Incertae_Sedis","Incertae_Sedis","Incertae_Sedis","Kraken","metagenome"
"ead5a33e9ab9856cdb9030bccef7b098","d__Eukaryota",NA,NA,NA,NA,NA,NA
"baa2e0cc598389cd494d9e51fd829ce3","d__Eukaryota",NA,NA,NA,NA,NA,NA
"6f18d7eecd39dd16840adaecbda35a20","d__Bacteria","Proteobacteria",NA,NA,NA,NA,NA
"b0b2d0012808e546eeea741c9e8b9688","d__Eukaryota",NA,NA,NA,NA,NA,NA
"c25e23fc95d5617a8e8bbe62dd839fcf","d__Eukaryota",NA,NA,NA,NA,NA,NA
"23852bba3a23a04bfa13f54829582bd4","d__Eukaryota","Cercozoa","Vampyrellidae","Vampyrellidae","Vampyrellidae","Vampyrellidae","Cercozoa_sp."
"921c8e6f644e5f51a8495b34833f5036","d__Eukaryota","Ciliophora","Intramacronucleata","Conthreep","Oligohymenophorea",NA,NA
"5f70e5f420473fb178ab9a99c03cfdbc","d__Eukaryota","Ciliophora","Intramacronucleata","Conthreep","Phyllopharyngea","Tokophrya",NA
"35865dac35939c76102e90a386880dcb","Unassigned",NA,NA,NA,NA,NA,NA
"bc8b6b69e52ecdc35fe1c390a3d42dfa","Unassigned",NA,NA,NA,NA,NA,NA
"3a21938ef6144ef284daa698eb651a7f","d__Eukaryota",NA,NA,NA,NA,NA,NA
"33d65a60158299eb75c387bcdd6aa169","d__Eukaryota","Arthropoda","Insecta","Diptera","Diptera","Diptera",NA
"ec40bbf1c3a2f9fe678b24d27571c12f","d__Eukaryota","SAR","Labyrinthulomycetes","Labyrinthulomycetes","Labyrinthulomycetes","Sorodiplophrys","Sorodiplophrys_stercorea"
"af84cc5c7f8a3ecf441a2e2526de6d62","Unassigned",NA,NA,NA,NA,NA,NA
"5c36cae1d769b6cae4ca746822d76e84","d__Eukaryota","Arthropoda","Insecta","Trichoptera","Trichoptera","Trichoptera","Hydropsyche_sp."
"ed4c4027ceb4f06eea78c931aceda195","Unassigned",NA,NA,NA,NA,NA,NA
"2b8afa065e2595f7c49b4cf63ccf554b","d__Eukaryota","Apicomplexa","Conoidasida","Gregarinasina","Eugregarinorida",NA,NA
"f7132c71e3d0e17982b229a06bb3cc75","d__Eukaryota",NA,NA,NA,NA,NA,NA
"c98afda8edae1e86f77021b9bee04320","d__Eukaryota","Tardigrada","Eutardigrada","Parachela","Parachela","Parachela","Hypsibius_dujardini"
"ef70bcc222c28971c50d6b0a568b935e","d__Eukaryota","Arthropoda","Insecta","Diptera","Diptera","Diptera","Ablabesmyia_rhamphe"
"dd59b302ae017d6a1a0a5dd25417f83a","d__Bacteria",NA,NA,NA,NA,NA,NA
"61b9a92fd0f9a9b2437763245d41afe0","d__Eukaryota","Ciliophora","Intramacronucleata","Conthreep",NA,NA,NA
"d41035d501884f147e5bdd06d4065a53","Unassigned",NA,NA,NA,NA,NA,NA
"479f9e7f173fa76dbcd15b71fb52eee3","Unassigned",NA,NA,NA,NA,NA,NA
"9370aff12cc1af415a3a91466d719e0e","d__Eukaryota","Ciliophora","Intramacronucleata","Conthreep","Oligohymenophorea",NA,NA
"f9ab9b17baf5551f9471b3912352573b","d__Eukaryota","Vertebrata","Mammalia","Mammalia","Mammalia","Mammalia",NA
"f6d835ceafb87adda1e0b09c908fb7ba","d__Eukaryota",NA,NA,NA,NA,NA,NA
"86df9a498034cc8c36603eef3dad60b6","d__Eukaryota","Arthropoda","Maxillopoda","Cyclopoida","Cyclopoida","Cyclopoida",NA
"5b29ba70a03227abc9a9468377ea264d","d__Eukaryota","Cercozoa","Imbricatea","Imbricatea","Euglyphida",NA,NA
"8b10973942cbc862e25884b64064ea36","d__Eukaryota","Chlorophyta","Chlorophyceae","Chlorophyceae","Chlorophyceae","Chlorophyceae","Stigeoclonium_farctum"
"092c4452b81821d418265ea9913915b4","d__Eukaryota",NA,NA,NA,NA,NA,NA
"ce3f290d0bd76734795fb7339c42cad6","d__Eukaryota",NA,NA,NA,NA,NA,NA
"0c980aaefc84fc80a38ebd2163f0baae","d__Eukaryota",NA,NA,NA,NA,NA,NA
"ae7476b343f1caff73a28f1a0ff157c0","Unassigned",NA,NA,NA,NA,NA,NA
"afe8402fd0d08be053cc82406ea99617","Unassigned",NA,NA,NA,NA,NA,NA
"309edea1d732ba8934aa574e70cefe2d","d__Eukaryota",NA,NA,NA,NA,NA,NA
"95846c26019a75ae38effecb85b7f8b6","d__Bacteria",NA,NA,NA,NA,NA,NA
"ca150c3053eb92b78fd7979cd1f31b69","Unassigned",NA,NA,NA,NA,NA,NA
"23427e8162ae044e06d90d858303b256","d__Bacteria","Desulfobacterota","Desulfuromonadia","Geobacterales","Geobacteraceae",NA,NA
"f73bbb6fc9ce1bb9fea0ea3c253dc68f","d__Bacteria","Proteobacteria",NA,NA,NA,NA,NA
"ae358932f1472139b24ca59780b9d5f3","Unassigned",NA,NA,NA,NA,NA,NA
"813da8d8a25275eebf87fe7c1f235818","Unassigned",NA,NA,NA,NA,NA,NA
"a0635c99be897dfe7623170a2b40fdf5","d__Eukaryota","Ciliophora","Intramacronucleata","Conthreep",NA,NA,NA
"4f5ffc8228b1ac5d6440e9c102fba349","d__Eukaryota","Ciliophora","Intramacronucleata","Conthreep","Oligohymenophorea","Peritrichia","Ophrydium_versatile"
"2a6867a3b8b8f4e129575d9ebc902838","Unassigned",NA,NA,NA,NA,NA,NA
"ee9bccf9eb2f62e1cf4b246b6dfe5b16","d__Eukaryota",NA,NA,NA,NA,NA,NA
"b0bcdd326f319fd3bddbe3f67745e400","Unassigned",NA,NA,NA,NA,NA,NA
"998fa709b5344647a099ef2678aab5e0","d__Eukaryota",NA,NA,NA,NA,NA,NA
"8fb256d273d8239b3d5b83d4a68e00fa","d__Eukaryota",NA,NA,NA,NA,NA,NA
"fb2c043d33bf62f3e0385a7158c8663f","Unassigned",NA,NA,NA,NA,NA,NA
"743c82f9d473fe855bd6223abd40ea82","d__Eukaryota",NA,NA,NA,NA,NA,NA
"540cf3eeb2c6a568ade8d317d9f43e5c","d__Eukaryota","Mucoromycota","Incertae_Sedis","Mucorales","Mucoraceae","Mucor",NA
"de8940df08606470b61a749d2845c90e","Unassigned",NA,NA,NA,NA,NA,NA
"1bdd5f9bab719b90941dca1cb818804e","d__Eukaryota","Vertebrata","Mammalia","Mammalia","Mammalia","Mammalia",NA
"4cb6228ac3bc2a106c2f08f349fb94cd","d__Eukaryota",NA,NA,NA,NA,NA,NA
"c59256e23406e6255a8b29eb45dd69b0","d__Eukaryota",NA,NA,NA,NA,NA,NA
"0ebaaa33e6bac698734ef8b54faf6e07","d__Eukaryota","Ciliophora","Postciliodesmatophora","Heterotrichea","Heterotrichea","Stentor","Stentor_roeselii"
"5514ed4dfea16399e7cd053640301a30","Unassigned",NA,NA,NA,NA,NA,NA
"cbff2698917ff4e41380fe64fce19e03","d__Eukaryota","Ciliophora","Intramacronucleata","Spirotrichea","Hypotrichia",NA,NA
"d8f8453acd26e3de59d0696ffef403d6","Unassigned",NA,NA,NA,NA,NA,NA
"f9f722dc59bfe5fd2616184dba9813e5","d__Eukaryota",NA,NA,NA,NA,NA,NA
"16b6ce6488f72f031369634804ca0c77","d__Eukaryota","Vertebrata","Mammalia","Mammalia","Mammalia","Mammalia",NA
"f4012d9c7563730500cf4b84e63d143d","d__Eukaryota",NA,NA,NA,NA,NA,NA
"0cc4f61d59df77cb9e2aabec497ca573","Unassigned",NA,NA,NA,NA,NA,NA
"a1ca36127c1319e06710feabdc833106","d__Bacteria",NA,NA,NA,NA,NA,NA
"08215a854ab7096ea8ec73435cbdecad","d__Eukaryota",NA,NA,NA,NA,NA,NA
"d47f4abe733177f469ea99e64085ab72","Unassigned",NA,NA,NA,NA,NA,NA
"05972496d09863760ed2bd0a63c74dfa","Unassigned",NA,NA,NA,NA,NA,NA
"06fab1224d8ac76cd3834cacc43bd6ad","d__Eukaryota",NA,NA,NA,NA,NA,NA
"42b9fc0c97883cdfb8df7b2575fe3a2a","Unassigned",NA,NA,NA,NA,NA,NA
"05a6420ded6b4ec057757646d4a90ee7","d__Eukaryota","Arthropoda","Insecta","Diptera","Diptera","Diptera","Belgica_antarctica"
"a17ba71ffd0465006143e23544474f08","d__Eukaryota","Nematozoa","Chromadorea","Araeolaimida","Araeolaimida","Araeolaimida","Nematoda_environmental"
"80867d80196da345f2376eb76af069e0","d__Eukaryota",NA,NA,NA,NA,NA,NA
"e9477dce776c8daddf0d7f62ab050a85","Unassigned",NA,NA,NA,NA,NA,NA
"76f1e1d919b73a2affef1b9f83970afa","d__Eukaryota",NA,NA,NA,NA,NA,NA
"f1811a946928fd421079753e7777847f","Unassigned",NA,NA,NA,NA,NA,NA
"6a07e8784d9f6350e7e0ba810727ed13","d__Eukaryota",NA,NA,NA,NA,NA,NA
"747eeeb75bcfcdb108189570fdebecca","d__Eukaryota","Ascomycota","Leotiomycetes",NA,NA,NA,NA
"014c8ebc27ec39544a312b9dc72c366b","d__Eukaryota",NA,NA,NA,NA,NA,NA
"8fb8162e0f55c174af8e878c8caa2f59","d__Eukaryota",NA,NA,NA,NA,NA,NA
"7dec27ad5df277b4d81c5439727129bd","d__Eukaryota",NA,NA,NA,NA,NA,NA
"7e2913322512e39e32894c6caec3f0ed","d__Eukaryota","Amoebozoa","Discosea","Vannellida","Vannellida",NA,NA
"ddc5f365556bbcfffe44ccf80758806d","d__Eukaryota","Ciliophora","Intramacronucleata","Conthreep","Oligohymenophorea","Tetrahymena","Tetrahymena_empidokyrea"
"763fc70b1a6b489ca5a8385214abe66d","d__Eukaryota",NA,NA,NA,NA,NA,NA
"193459397caaa4eb5eaeb4bb748c0bf0","d__Eukaryota",NA,NA,NA,NA,NA,NA
"3ed6753d38e74f512686c8a200be6383","d__Eukaryota","Ascomycota",NA,NA,NA,NA,NA
"090196f0efaa46342475c7c5dd4d6309","d__Eukaryota","Arthropoda","Insecta","Ephemeroptera","Ephemeroptera","Ephemeroptera",NA
"0d37e8f51d84c3ecb51935172f41489c","d__Eukaryota",NA,NA,NA,NA,NA,NA
"20c8ccfe778246cf83fe5ab9b6e51363","d__Eukaryota",NA,NA,NA,NA,NA,NA
"3a5f9113414fdcf0498164c7a6138581","d__Eukaryota","Centrohelida","Centrohelida","Centrohelida",NA,NA,NA
"5df81b441eec280da34f24233d84f9ed","Unassigned",NA,NA,NA,NA,NA,NA
"db1b703a87c9c0f20dcf18fe347f7fc4","d__Eukaryota",NA,NA,NA,NA,NA,NA
"bc7451280d33340aabb15b47891cd1b0","d__Eukaryota","Diatomea",NA,NA,NA,NA,NA
"e580f29b5d80f8217e3646b082baa758","d__Eukaryota",NA,NA,NA,NA,NA,NA
"9a4491acb88689bd71fc18fa59f903a8","d__Bacteria",NA,NA,NA,NA,NA,NA
"3eda1ab5fe1f4748c4a691b44b9eb43e","Unassigned",NA,NA,NA,NA,NA,NA
"714501b1575dba0f50ac93ed753ebdbc","Unassigned",NA,NA,NA,NA,NA,NA
"1abbc1e99db0204e3f62120bd7e0689e","d__Eukaryota",NA,NA,NA,NA,NA,NA
"2943425d2debcc0b187e37b8d1154930","d__Eukaryota","Arthropoda","Insecta","Ephemeroptera","Ephemeroptera","Ephemeroptera",NA
"499e188a0b456f681c42e6d4f40a8132","d__Eukaryota","Apicomplexa","Conoidasida","Gregarinasina","Eugregarinorida","Eugregarinorida","Syncystis_mirabilis"
"d62f9c48ef5b5132a132ffe73a88fcaf","d__Eukaryota","Apicomplexa","Conoidasida","Gregarinasina","Neogregarinorida","Neogregarinorida","Dendroctonus_ponderosae"
"687f67a76491210c7eadff709082a4a6","Unassigned",NA,NA,NA,NA,NA,NA
"c6f5c91e394ee9c899c58a51c774a7d0","d__Eukaryota","Arthropoda","Ostracoda","Podocopida","Podocopida","Podocopida","Candonidae_sp."
"540e693b2f14d2ecf854b0cfed0e5001","Unassigned",NA,NA,NA,NA,NA,NA
"f80ebd7de93de50a05e144c1befc72bd","Unassigned",NA,NA,NA,NA,NA,NA
"c07c068f9c60e7fd911b8dbfea5d6abe","d__Eukaryota",NA,NA,NA,NA,NA,NA
"7a3ac6973951bf0b7de91635c895f82c","d__Eukaryota",NA,NA,NA,NA,NA,NA
"838a8fd7f221ce60cac0dbf410c0fe16","d__Eukaryota",NA,NA,NA,NA,NA,NA
"ea661d3d0b34b5a8e9c9c63e55900ed6","Unassigned",NA,NA,NA,NA,NA,NA
"ca040d56014258f69c5595277a2dc1b3","d__Eukaryota",NA,NA,NA,NA,NA,NA
"90a8c3b4a7064cd015b32a1477488e21","Unassigned",NA,NA,NA,NA,NA,NA
"eaf427a6a652918538bb14c36a7ad57e","d__Eukaryota",NA,NA,NA,NA,NA,NA
"b17d2f17dac884874f350043ae42fdd2","d__Eukaryota",NA,NA,NA,NA,NA,NA
"d0d97d609309d1cc7bf65c7920ba913f","d__Eukaryota","Platyhelminthes","Rhabditophora","Rhabdocoela","Neodalyellida","Neodalyellida","Microdalyellia_armigera"
"dc349ca051a4bdfa4be550c2a24af46a","Unassigned",NA,NA,NA,NA,NA,NA
"32899741480ab78c819cf77844068820","d__Eukaryota","Gastrotricha","Gastrotricha","Chaetonotida","Chaetonotida","Chaetonotida","uncultured_eukaryote"
"b30de58d920f973d9a80de4b171607f8","d__Eukaryota",NA,NA,NA,NA,NA,NA
"e2f6d6a27af36825a798f8e1600e4f18","d__Eukaryota","Cercozoa","Imbricatea","Imbricatea","Thaumatomonadida","Thaumatomonas","Thaumatomonas_sp."
"697b194b11463204cc83126988a8bd51","d__Eukaryota",NA,NA,NA,NA,NA,NA
"6bffcedcae84e780d3b520fa8c82170d","d__Eukaryota",NA,NA,NA,NA,NA,NA
"1fbb2250f76357459de6e75f3a0809e1","Unassigned",NA,NA,NA,NA,NA,NA
"f02553663d99895fc24f596ac40f82ca","d__Eukaryota","Retaria","Foraminifera","Rotaliida",NA,NA,NA
"6fab7e44608a64929bbc4f91103e068b","d__Eukaryota",NA,NA,NA,NA,NA,NA
"0d738b11410ef989a52db2e84aee7ea3","d__Eukaryota","Ciliophora","Intramacronucleata","Conthreep","Oligohymenophorea","Peritrichia","Ophrydium_versatile"
"2176697ea51888e5d38fe24e126675dd","Unassigned",NA,NA,NA,NA,NA,NA
"fd1690c0e5a3e4984cf3b3efb1936a4c","d__Bacteria","Proteobacteria","Gammaproteobacteria","Burkholderiales",NA,NA,NA
"cb26b0a6af8cccb9ec1ff493212b3688","d__Eukaryota",NA,NA,NA,NA,NA,NA
"9c10d213425cb9ddbadab29cfc12ea52","Unassigned",NA,NA,NA,NA,NA,NA
"f0c56cab3ec7789737a842cdb1f6b958","Unassigned",NA,NA,NA,NA,NA,NA
"28babec8a623d2da83461db2caab3b9f","d__Eukaryota","Apicomplexa","Conoidasida","Gregarinasina",NA,NA,NA
"59b4251b3102d42f300efbef5c401385","d__Eukaryota",NA,NA,NA,NA,NA,NA
"8855049ceeaa93ff5eec22b54cef9088","d__Eukaryota","Ciliophora","Intramacronucleata","Conthreep","Oligohymenophorea","Peritrichia","Ophrydium_versatile"
"46148c800aea2bf02fa5e7175cddc7fa","d__Eukaryota","Ciliophora","Postciliodesmatophora","Heterotrichea","Heterotrichea","Stentor","Stentor_roeselii"
"a809fa5e2567b2bc6554ef326b928b13","Unassigned",NA,NA,NA,NA,NA,NA
"dc1b05bed6dd6aa96670667b4a39c963","d__Eukaryota",NA,NA,NA,NA,NA,NA
"d22a8d605838bdb2ed217a871e4be8b0","d__Eukaryota","Rotifera","Bdelloidea","Adinetida","Adinetida","Adinetida",NA
"5349d65273020034aaba89534cb34027","d__Eukaryota",NA,NA,NA,NA,NA,NA
"cf732040a06db4a00dd1947e3470570b","Unassigned",NA,NA,NA,NA,NA,NA
"b99bb3e0aaf9a6ef2fba25e5a19e3346","d__Eukaryota",NA,NA,NA,NA,NA,NA
"f00c00fc7f1ac8ed73b7baedf6ae58e8","Unassigned",NA,NA,NA,NA,NA,NA
"3a486fc8891ecb4e5789806611cb0ecb","d__Eukaryota",NA,NA,NA,NA,NA,NA
"8915cfa82feeddce2e7a0810647a9a33","d__Eukaryota",NA,NA,NA,NA,NA,NA
"539753e4e43e7f5fc48eb8b364397ec5","d__Bacteria","Proteobacteria","Alphaproteobacteria","Sphingomonadales","Sphingomonadaceae",NA,NA
"196366008caa2eba92ae24a778a0d763","Unassigned",NA,NA,NA,NA,NA,NA
"7bb89916840684d9a1adcb68a8307ea8","Unassigned",NA,NA,NA,NA,NA,NA
"06c84006973c4788cc5205b5df9d71e3","d__Eukaryota",NA,NA,NA,NA,NA,NA
"72113e00dc2984b603894d623b73fb04","Unassigned",NA,NA,NA,NA,NA,NA
"5d0aa30fd22934a15bbd2c0ac23522c2","Unassigned",NA,NA,NA,NA,NA,NA
"b0cfe19bbca1eadff7df18e42fa6c298","d__Eukaryota",NA,NA,NA,NA,NA,NA
"6a1ad27746e75130d39468e21034a83b","d__Eukaryota","Cercozoa","Phytomyxea","Phytomyxea","Phytomyxea",NA,NA
"34ee747667a33bc385bddad090d13c7a","d__Eukaryota","Vertebrata","Mammalia","Mammalia","Mammalia","Mammalia",NA
"c22da87fc55d45e0b5f5fb65b8111530","Unassigned",NA,NA,NA,NA,NA,NA
"c1d1185ef7253813947e5e8224f629c3","Unassigned",NA,NA,NA,NA,NA,NA
"5aa7834c280b0778d1b934cda6857988","Unassigned",NA,NA,NA,NA,NA,NA
"5a3fc4dfc62d6b249b6aeb258f9625a5","d__Eukaryota",NA,NA,NA,NA,NA,NA
"be4316fc6625f93edf470f8358ba9a82","Unassigned",NA,NA,NA,NA,NA,NA
"dfdc5bb07a75dd2e1c9748a240826371","d__Eukaryota","Ciliophora","Intramacronucleata","Conthreep","Oligohymenophorea",NA,NA
"1072695c0660fe9746e3b722dd4f8933","d__Eukaryota",NA,NA,NA,NA,NA,NA
"b873c2b3a68dea81521ff47b516f31ab","d__Eukaryota",NA,NA,NA,NA,NA,NA
"21af00de272e7c98ace4bbdfe1a312e0","d__Eukaryota","Ciliophora","Intramacronucleata","Conthreep","Oligohymenophorea","Tetrahymena",NA
"af2b70f410a190998c72213e7f5011b3","d__Eukaryota",NA,NA,NA,NA,NA,NA
"9706ac8eae9f7ca542ab372ed78e691c","Unassigned",NA,NA,NA,NA,NA,NA
"9330ac407949b9aea6ca99da8408667c","d__Eukaryota","Ochrophyta","Chrysophyceae","Chrysophyceae","Chrysophyceae","Chrysophyceae","Hydrurus_foetidus"
"95ae51d8c4c7d511c2384a763bc272b0","d__Eukaryota","Gastrotricha","Gastrotricha","Chaetonotida","Chaetonotida","Chaetonotida","uncultured_eukaryote"
"e403ef16f22e22c624dbaef596b1ae31","d__Eukaryota","Arthropoda","Insecta","Diptera","Diptera","Diptera",NA
"feba3b055aa1fd96d46f946b38772081","d__Eukaryota","Euglenozoa","Kinetoplastea","Prokinetoplastina","Prokinetoplastina","Ichthyobodo","Ichthyobodo_necator"
"1cb1cde65c361d7b6fc7ee54bbaa9e01","d__Eukaryota","Ciliophora","Intramacronucleata","Spirotrichea","Choreotrichia","Tintinnidium",NA
"a28ee587190d6c4995511438558cda77","d__Eukaryota","Diatomea","Coscinodiscophytina","Fragilariales","Fragilariales",NA,NA
"ebc08d50f19014559bbf20b92e3aeae2","d__Eukaryota","Ciliophora","Intramacronucleata","Conthreep","Oligohymenophorea","Peritrichia","Ophrydium_versatile"
"5b7a13fd92a17c9ed4f2143ed6e4309c","Unassigned",NA,NA,NA,NA,NA,NA
"ad77db6920a625bb96a9e1f9817fa6bf","d__Eukaryota",NA,NA,NA,NA,NA,NA
"91ad3d893a3e7fc8369920bf864e1af1","Unassigned",NA,NA,NA,NA,NA,NA
"1487c3bb8e848c2fc0eff23b5d07c0a2","d__Eukaryota",NA,NA,NA,NA,NA,NA
"eca7c4d44a9018cc07f29a008524475b","Unassigned",NA,NA,NA,NA,NA,NA
"744218791c09613443cd7511d998eaa9","Unassigned",NA,NA,NA,NA,NA,NA
"ed13c5f16797b73ad5dae0bd1c33f4f8","d__Eukaryota","Rotifera","Bdelloidea","Adinetida","Adinetida","Adinetida","Hyalella_azteca"
"d779425d511efe5d1f6379e4722772e6","d__Eukaryota","Ciliophora","Intramacronucleata","Conthreep","Oligohymenophorea",NA,NA
"a3e52242f16f0455d499b8209156b351","d__Eukaryota","Arthropoda","Insecta","Diptera","Diptera","Diptera","Belgica_antarctica"
"ce4a80b1b03da42e0bb1c3d47e624772","Unassigned",NA,NA,NA,NA,NA,NA
"ffc60a7a4c26c82d8a1b6b54d6fce26b","d__Eukaryota","Apicomplexa",NA,NA,NA,NA,NA
"b465d60f4c58cdfe164df1778441daed","d__Eukaryota","Peronosporomycetes","Peronosporomycetes","Peronosporomycetes","Peronosporomycetes","Aphanomyces","Aphanomyces_astaci"
"d9fd61c95935921c79bc4438af70239e","d__Eukaryota",NA,NA,NA,NA,NA,NA
"5143eb19f731362162af62469ec5ee16","Unassigned",NA,NA,NA,NA,NA,NA
"f53b2b42fadd0183dbfa6384fc14951d","d__Eukaryota","Ochrophyta","Xanthophyceae","Mischococcales","Mischococcales",NA,NA
"074b03c889ff3e862d38196cc5bd9f14","d__Eukaryota","Ochrophyta","Chrysophyceae","Chrysophyceae","Chrysophyceae","Chrysophyceae",NA
"8283a1f2ae202f0a5d8dcf8bbcbf4d2d","d__Eukaryota",NA,NA,NA,NA,NA,NA
"2329fd8e1238b32286e683e3b2672901","d__Bacteria","Proteobacteria","Gammaproteobacteria","Burkholderiales",NA,NA,NA
"8272f58cabe401c29c931ff10b7eb049","d__Bacteria",NA,NA,NA,NA,NA,NA
"7e4ac7c05be29759ca4eb06e8d50a9be","d__Eukaryota","Ciliophora","Intramacronucleata","Conthreep","Oligohymenophorea","Peritrichia","Ophrydium_versatile"
"a540a40adf205b3dd5181411e48338ef","Unassigned",NA,NA,NA,NA,NA,NA
"537d50274140898a6a458fac3fbbb496","d__Eukaryota",NA,NA,NA,NA,NA,NA
"a7585abf0f42e70c5ef462aea15fca83","Unassigned",NA,NA,NA,NA,NA,NA
"caa5fe56a769e13c6567c52c7f5e9989","d__Eukaryota",NA,NA,NA,NA,NA,NA
"58f31b53c6f323520f2afad0e17b673c","d__Eukaryota",NA,NA,NA,NA,NA,NA
"1237fe0b63ff70f7cfc4b9d849778b5d","d__Eukaryota","Chlorophyta","Ulvophyceae","Ulvophyceae","Ulvophyceae","Ulvophyceae",NA
"61f8823fa1c0f31b6bc937cccdd5cb54","d__Eukaryota",NA,NA,NA,NA,NA,NA
"37baad2d7bc06313441e147ed85d4485","d__Eukaryota",NA,NA,NA,NA,NA,NA
"b64b686723cb5eee9c8f6f327dff6fdc","d__Eukaryota","Vertebrata","Mammalia","Mammalia","Mammalia","Mammalia",NA
"7ea91ccc55d2bb73cfa54405797fcf94","d__Eukaryota",NA,NA,NA,NA,NA,NA
"63218ee1eec52cc9ab9bc26a4fd660b9","d__Eukaryota","Ascomycota","Leotiomycetes",NA,NA,NA,NA
"7e209fa5057df2c9d5c66efdd4d5f33f","Unassigned",NA,NA,NA,NA,NA,NA
"307d6ee9dddeff5f3d8cf5145960f8df","d__Eukaryota",NA,NA,NA,NA,NA,NA
"b5905c9e196abb5336cd09cdc9bf1e62","d__Eukaryota",NA,NA,NA,NA,NA,NA
"1c7788e6d041687d823d2ab01938f966","Unassigned",NA,NA,NA,NA,NA,NA
"45d32981372c414f97693d377306b495","Unassigned",NA,NA,NA,NA,NA,NA
"4ecabf273546caf728c5f6eca62f809f","Unassigned",NA,NA,NA,NA,NA,NA
"f6bd832d1581084310cb09d3b66ec5b9","d__Eukaryota","Ciliophora","Intramacronucleata","Litostomatea",NA,NA,NA
"313178f9656a32f52e840f8a8660a78d","Unassigned",NA,NA,NA,NA,NA,NA
"a7c7b3c9b8422d4f7ec2a9bf5cafeb8e","d__Eukaryota","Gastrotricha","Gastrotricha","Chaetonotida","Chaetonotida","Chaetonotida","uncultured_eukaryote"
"d5e2273ae0633ebe0809b60074ae1a18","d__Eukaryota",NA,NA,NA,NA,NA,NA
"449310759d5572ebb39cccc46826a629","d__Eukaryota",NA,NA,NA,NA,NA,NA
"4e5534bacd588b5d1595d7e983e4eb9b","d__Eukaryota","Vertebrata","Mammalia","Mammalia","Mammalia","Mammalia",NA
"204f5ba59d48cf3695d7cf02f140f528","Unassigned",NA,NA,NA,NA,NA,NA
"ca7dfec8e23d13113119da51e8599fd9","d__Eukaryota",NA,NA,NA,NA,NA,NA
"131e881dff644b30a0073e0eb973fa97","d__Eukaryota","Ciliophora","Intramacronucleata","Conthreep","Oligohymenophorea","Peritrichia","Ophrydium_versatile"
"d4edf4ebb7a04c722f6fb4be192b6041","Unassigned",NA,NA,NA,NA,NA,NA
"4f866bad419b9baab6018fb07bb1dfe1","d__Eukaryota",NA,NA,NA,NA,NA,NA
"9ce7fc079e2cd5f2551d45d39ce06e29","d__Eukaryota",NA,NA,NA,NA,NA,NA
"7c258515f21643e8003d8dbceab9fdca","d__Eukaryota","MAST-12","MAST-12C","MAST-12C","MAST-12C","MAST-12C","Stramenopile_sp."
"4fc06ed02751bd15e99c3acc2c75424c","d__Eukaryota","Annelida","Clitellata","Haplotaxida","Haplotaxida","Haplotaxida","Rheomorpha_neiswestonovae"
"d3d2509712382e5bb42ad8ef68a5c86e","Unassigned",NA,NA,NA,NA,NA,NA
"f96d4adf8592b963a329325064ed1a86","d__Eukaryota","Arthropoda","Insecta","Diptera","Diptera","Diptera",NA
"0e8280fa9b8b1962261a74f8ecf33709","d__Eukaryota",NA,NA,NA,NA,NA,NA
"e548b9a1bb6a1098f3ddbdf4ed4c6722","d__Bacteria","Proteobacteria","Alphaproteobacteria","Rhizobiales",NA,NA,NA
"f7285a2307717f24a124e791a4b8108f","d__Eukaryota","Ciliophora","Postciliodesmatophora","Heterotrichea","Heterotrichea","Spirostomum",NA
"c7173857cdc927f331dcc32647634ee7","d__Eukaryota","Ciliophora","Intramacronucleata","Conthreep","Phyllopharyngea","Tokophrya",NA
"a7a3d31e9f436daa1b218e91f99b5a7e","d__Eukaryota",NA,NA,NA,NA,NA,NA
"7eb41a22efe5fb73c8400407e402d570","Unassigned",NA,NA,NA,NA,NA,NA
"de776086a53c0b82cdbb7d30d5330e09","d__Eukaryota",NA,NA,NA,NA,NA,NA
"34caad91f48f2fbd151fb67b8eb4e012","d__Eukaryota",NA,NA,NA,NA,NA,NA
"3ad413faa7774c2509ffddb2ec4f4872","d__Eukaryota",NA,NA,NA,NA,NA,NA
"1e68afb0f7e17d99b24c0c7ac02b1c8f","d__Eukaryota","Ascomycota","Saccharomycetes","Saccharomycetales","Saccharomycodaceae","Hanseniaspora","Hanseniaspora_uvarum"
"90540198dacac5ef7991d60b7fa5bbda","Unassigned",NA,NA,NA,NA,NA,NA
"5ab7e702b1d430ff844337aa0b00acf1","d__Eukaryota","Ciliophora","Intramacronucleata","Conthreep","Oligohymenophorea",NA,NA
"3d9854468a6d3828c0a4bc69dbcaaf56","d__Eukaryota",NA,NA,NA,NA,NA,NA
"3ae4f75089ed5728701c640517753f0d","Unassigned",NA,NA,NA,NA,NA,NA
"965e85689e0bd1af16b544b3b79673cb","d__Eukaryota","Ciliophora","Postciliodesmatophora","Heterotrichea","Heterotrichea","Stentor","Stentor_roeselii"
"fb34dfdd1273e98c8aa64b2f328771a7","d__Eukaryota","Cercozoa","Cercomonadidae","Cercomonadidae","Cercomonadidae","Paracercomonas",NA
"b85de5be1ff10cc57671a7cd65463f20","d__Bacteria",NA,NA,NA,NA,NA,NA
"c260257c51e69609a9c41b081eed4b71","d__Eukaryota",NA,NA,NA,NA,NA,NA
"3a36271312f1b0320efd3c4a838e98b2","d__Eukaryota","Peronosporomycetes","Peronosporomycetes","Peronosporomycetes","Peronosporomycetes","Aphanomyces","Aphanomyces_astaci"
"272d3d7d0af5ff23ae526015e1a6dbb3","d__Eukaryota",NA,NA,NA,NA,NA,NA
"194afaef76e0cf6c0a13f102518c7cb7","d__Eukaryota",NA,NA,NA,NA,NA,NA
"529838b1369149752b47d066d7d52496","d__Eukaryota","Diatomea","Bacillariophyceae","Bacillariophyceae","Bacillariophyceae","Gomphonema",NA
"2ff28d75c562f2803bafdac4e438c37b","d__Eukaryota","Chytridiomycota","Chytridiomycetes",NA,NA,NA,NA
"906daefd1c6274083299f4e5dd27d3ed","d__Eukaryota",NA,NA,NA,NA,NA,NA
"1de61bcc9d5cde77a22c74d740c7b739","Unassigned",NA,NA,NA,NA,NA,NA
"d156c6b347d3e253d0f3739a6d62b8f0","Unassigned",NA,NA,NA,NA,NA,NA
"aaec42292ae14e00638922619b56b8b1","d__Eukaryota",NA,NA,NA,NA,NA,NA
"ec4c3ff22500e153fa8c43c02edb8adf","Unassigned",NA,NA,NA,NA,NA,NA
"c5b675bd3c6e4c66024b97c352d618fb","d__Eukaryota","Annelida","Clitellata","Haplotaxida","Haplotaxida","Haplotaxida","Stylaria_sp."
"81fc4da987f9e760c416aafe91179217","Unassigned",NA,NA,NA,NA,NA,NA
"3ab613e98cb0f486ae4ce02dcc24cf35","Unassigned",NA,NA,NA,NA,NA,NA
"182a7a2ca197fab64c7a334eef0a9465","d__Eukaryota","Apicomplexa","Conoidasida",NA,NA,NA,NA
"4800f5de7f89366100a5450a49ff1a58","Unassigned",NA,NA,NA,NA,NA,NA
"0d93a3700b7292be9724f864be7496b9","Unassigned",NA,NA,NA,NA,NA,NA
"a43a2ae6806e0bcc9eed3cea3b209be7","Unassigned",NA,NA,NA,NA,NA,NA
"d81b2ca8b1b22f9229e31a2237c84c07","d__Eukaryota","Ciliophora","Intramacronucleata","Litostomatea","Haptoria","Hemiophrys",NA
"0cbb2080451bf7e543b39c6e2b71d35c","d__Eukaryota",NA,NA,NA,NA,NA,NA
"ab51a7c01dccea4587eadda5548e2825","Unassigned",NA,NA,NA,NA,NA,NA
"510f7051dab6e9ee07070e721adc5f07","Unassigned",NA,NA,NA,NA,NA,NA
"a4cde5e291b473a4fc41f762005ec98f","Unassigned",NA,NA,NA,NA,NA,NA
"dcf221e8f8e9ac7590f3ff67bdbe1c39","d__Bacteria","Proteobacteria","Alphaproteobacteria",NA,NA,NA,NA
"e9b4d06fa77a7d97b6fd9827209eef10","d__Eukaryota","Ciliophora","Intramacronucleata","Litostomatea","Haptoria",NA,NA
"266a3af65c12fab52718ba32d27bad4f","d__Eukaryota",NA,NA,NA,NA,NA,NA
"379000075bdd657b24e9aca03fbb2c19","d__Eukaryota",NA,NA,NA,NA,NA,NA
"b08dd1f5047d167b541f42162197204d","Unassigned",NA,NA,NA,NA,NA,NA
"c3f1f94b47c5470826b396a24b1b1793","d__Eukaryota","Ascomycota",NA,NA,NA,NA,NA
"bdb205cd8feb1422e4b85a8cfb59e78a","d__Eukaryota","Arthropoda","Insecta","Diptera","Diptera","Diptera","Ablabesmyia_rhamphe"
"bc19ac95d361844d7136f926b16f43cc","Unassigned",NA,NA,NA,NA,NA,NA
"24bc3a487bfd7e226ea60f663c0abb05","d__Eukaryota",NA,NA,NA,NA,NA,NA
"b3a9282251171dd2a9158faaad316d4e","d__Eukaryota","Arthropoda","Insecta","Ephemeroptera","Ephemeroptera","Ephemeroptera","Eurylophella_sp."
"e1be403606cb7383a4ef5f898da0eb3b","d__Eukaryota",NA,NA,NA,NA,NA,NA
"093c74074571b2c627f8fef01d680544","d__Eukaryota","Apicomplexa","Conoidasida","Gregarinasina","Eugregarinorida","Eugregarinorida","Syncystis_mirabilis"
"3e5dbbd849d74860dfdd030a4eefdc51","d__Eukaryota","Chytridiomycota","Chytridiomycetes",NA,NA,NA,NA
"3fecfcda6158e6ad3e17907f5f48c9d5","d__Eukaryota","Apicomplexa","Conoidasida","Gregarinasina",NA,NA,NA
"a34f7379708e5eedceda48c0f06d84fc","Unassigned",NA,NA,NA,NA,NA,NA
"322fe6d69b205707e97abbfe60112464","Unassigned",NA,NA,NA,NA,NA,NA
"623a62883bba1f4251a8e003a0db9f15","d__Eukaryota",NA,NA,NA,NA,NA,NA
"0f9832cf6bfa4b5b6f56bad9e9d59b7c","d__Eukaryota",NA,NA,NA,NA,NA,NA
"ab7a7b0f4385c555342a27a03d96678f","d__Eukaryota",NA,NA,NA,NA,NA,NA
"9c7ea30396cf36e6b59257300bd96032","d__Eukaryota",NA,NA,NA,NA,NA,NA
"96949027d8061948f16c1e1948337f83","d__Eukaryota",NA,NA,NA,NA,NA,NA
"f6b627c66c4f37b0ae0ae74e6633f18e","d__Eukaryota",NA,NA,NA,NA,NA,NA
"82185b8ae6b17d5925d59136a5db18d8","Unassigned",NA,NA,NA,NA,NA,NA
"4a505eed8fec1dfb71a16004217fe6e2","d__Eukaryota",NA,NA,NA,NA,NA,NA
"5c0cc50ec943e387e085cb900ef8d537","d__Eukaryota",NA,NA,NA,NA,NA,NA
"c546b3cce527659edb2675dfcc26abd8","Unassigned",NA,NA,NA,NA,NA,NA
"e599f74db46fab7250a0b0ce9e1ae28c","d__Bacteria","Proteobacteria","Alphaproteobacteria","Rhizobiales",NA,NA,NA
"7016f38c4c67ab9c67730245df991309","d__Eukaryota","Tardigrada","Eutardigrada","Parachela","Parachela","Parachela","Hypsibius_dujardini"
"ed196658b1d3981e8e50294a66391bd9","d__Eukaryota","Ciliophora","Intramacronucleata","Conthreep","Oligohymenophorea",NA,NA
"70903600c4d0f8b0c7ae4c13708a0c2b","d__Eukaryota",NA,NA,NA,NA,NA,NA
"41560d8c9f69a8ad2d954fd55aee428e","d__Eukaryota",NA,NA,NA,NA,NA,NA
"b07f3d788508ccbb90f38b5fdedd057c","d__Eukaryota","Incertae_Sedis","Incertae_Sedis","Incertae_Sedis","Incertae_Sedis","Telonema","uncultured_marine"
"f2955f274325b11e95f8016de632cfa8","d__Eukaryota","Incertae_Sedis","Incertae_Sedis","Incertae_Sedis","Incertae_Sedis","Telonema","uncultured_marine"
"f00c5fcd579d42e738a38473abbc6ea1","d__Eukaryota","Ciliophora","Intramacronucleata","Conthreep","Oligohymenophorea","Zoothamnium",NA
"6a3a4cbc6ac3ab1526173357e32d983c","d__Eukaryota","Cercozoa","Cercomonadidae","Cercomonadidae","Cercomonadidae","Paracercomonas",NA
"4f23e68eac147adf3cabde79168124aa","Unassigned",NA,NA,NA,NA,NA,NA
"c27981bb48876a99017d08e6ace7ad6e","d__Eukaryota","Euglenozoa",NA,NA,NA,NA,NA
"098030cf0990d0396d44a1a55c39b649","d__Eukaryota",NA,NA,NA,NA,NA,NA
"b80eea370ad30f8abe7fcefa4ce52f55","d__Eukaryota","Platyhelminthes",NA,NA,NA,NA,NA
"09d21c7d6a6f2c1168ba37fa05bca5c7","d__Eukaryota",NA,NA,NA,NA,NA,NA
"0c3f1603bfb8941fb24f96d63ce3f978","d__Eukaryota",NA,NA,NA,NA,NA,NA
"275b79e4e26dc2dda31eb229102b5d1d","Unassigned",NA,NA,NA,NA,NA,NA
"58ba25824b8a9d96908d753f05eac14b","d__Eukaryota","Euglenozoa","Kinetoplastea","Prokinetoplastina","Prokinetoplastina","Ichthyobodo","Ichthyobodo_necator"
"9dcdf6d176ca4a414fcd0fa49bb73738","d__Eukaryota","Annelida","Clitellata","Haplotaxida","Haplotaxida","Haplotaxida","Stylaria_sp."
"08d45a27910056c2c70a6c4fcbbcc585","Unassigned",NA,NA,NA,NA,NA,NA
"154cfd12b056180c5f152d577882018a","Unassigned",NA,NA,NA,NA,NA,NA
"111ec548c1d6153751525f4a2268aa39","Unassigned",NA,NA,NA,NA,NA,NA
"746b3da56860df39c698674a263dcaa6","Unassigned",NA,NA,NA,NA,NA,NA
"9dfe235984f4155d999dd9cce7594780","Unassigned",NA,NA,NA,NA,NA,NA
"c941fcb3c2bd74d1eb138e508571a96d","Unassigned",NA,NA,NA,NA,NA,NA
"fc0cbb5e511fbfff67d07a0097ca773b","Unassigned",NA,NA,NA,NA,NA,NA
"f57f106854a2a84bfd23c215551a8031","d__Eukaryota","Arthropoda","Insecta","Ephemeroptera","Ephemeroptera","Ephemeroptera",NA
"a7c2a09a6dd00a27bc7364a00f89883b","d__Eukaryota",NA,NA,NA,NA,NA,NA
"535687510856c02b1cee7215b53e58a0","Unassigned",NA,NA,NA,NA,NA,NA
"7e17d207e10d955f5f5b2e14b6560c4d","d__Eukaryota",NA,NA,NA,NA,NA,NA
"a12fdae589357dc3348374dbe52c1762","Unassigned",NA,NA,NA,NA,NA,NA
"13b8c0e8664f22b7e6d16d849fd27fb6","d__Eukaryota",NA,NA,NA,NA,NA,NA
"794d30b8a0f59a345cf5c61686ed85ed","d__Eukaryota","Amoebozoa","Discosea","Dactylopodida","Dactylopodida","Korotnevella","Korotnevella_stella"
"a1e4dd512f934b1f1b44791d745190a3","d__Eukaryota",NA,NA,NA,NA,NA,NA
"4d332ac0902e9afc8a6325ba9a5211a2","d__Eukaryota",NA,NA,NA,NA,NA,NA
"53a4effe05c84a1523596e224f2dc365","d__Eukaryota",NA,NA,NA,NA,NA,NA
"d366cc00788a9a591d4cbab67496df60","d__Eukaryota","Euglenozoa","Euglenida","Heteronematina","Heteronematina","Petalomonas","uncultured_eukaryote"
"1163b8a14a563758beb39b2a9e3ab39b","d__Eukaryota","Gastrotricha","Gastrotricha","Chaetonotida","Chaetonotida","Chaetonotida","uncultured_eukaryote"
"ab735bfa93f90a4c5c8564ab2d707d64","Unassigned",NA,NA,NA,NA,NA,NA
"ed22900cce30f685407ff0e4ca311236","d__Bacteria","Desulfobacterota","Desulfuromonadia","Geobacterales","Geobacteraceae",NA,NA
"1671009efea96a1126af7ea09ef70915","Unassigned",NA,NA,NA,NA,NA,NA
"f0510b6f690c9c15a186220173d2e272","Unassigned",NA,NA,NA,NA,NA,NA
"8b4ca069e00a08f1a7dc9e354a108d53","Unassigned",NA,NA,NA,NA,NA,NA
"d131d6c673ba9923b048262f2961c61e","Unassigned",NA,NA,NA,NA,NA,NA
"b42026c6e926c770e40903dfdd676a20","d__Eukaryota","Arthropoda","Insecta","Diptera","Diptera","Diptera",NA
"72f9bd93bfbc016de475a7a3778e3484","d__Eukaryota","Ciliophora","Intramacronucleata","Conthreep","Oligohymenophorea","Tetrahymena",NA
"83747e1c9a0142712dcbe9b27fd61e58","Unassigned",NA,NA,NA,NA,NA,NA
"77923e6146fb8c461b24aae38d600b28","d__Eukaryota","Ciliophora","Intramacronucleata","Conthreep","Oligohymenophorea",NA,NA
"e539d46a6075e55c7b618e4f65ac8493","d__Eukaryota",NA,NA,NA,NA,NA,NA
"e3cc36b399909b0432f8f25033e22452","d__Eukaryota","Apicomplexa","Conoidasida","Gregarinasina","Eugregarinorida","Eugregarinorida","Syncystis_mirabilis"
"7d269f30713b42eb2fe1cd50f4ec4eca","d__Eukaryota","Cercozoa","Cercomonadidae","Cercomonadidae","Cercomonadidae","Paracercomonas","Paracercomonas_oxoniensis"
"fbdd19b5c11b17ccbe62e6da1915fa5e","Unassigned",NA,NA,NA,NA,NA,NA
"bf0d61890d1f4880bb36507ffd44e27c","d__Eukaryota",NA,NA,NA,NA,NA,NA
"cf575c7fd6f77eef7398d944d452a01b","d__Eukaryota","Cercozoa","Vampyrellidae","Vampyrellidae","Vampyrellidae","Vampyrellidae","Cercozoa_sp."
"c89833c79183ad2bd0357f29802b843b","d__Bacteria",NA,NA,NA,NA,NA,NA
"cb8b2b2de5da9583a0b02e4e5bc61d55","d__Eukaryota",NA,NA,NA,NA,NA,NA
"7ffe7ece3518f2d56077e44833adeef1","d__Eukaryota","Ciliophora","Intramacronucleata","Conthreep","Oligohymenophorea","Peritrichia","uncultured_eukaryote"
"73b4d251d5b4aede6e911c9556b20958","d__Eukaryota",NA,NA,NA,NA,NA,NA
"2c747e73df36781064ddcabe404b21c7","d__Eukaryota","Diatomea","Coscinodiscophytina","Coscinodiscophytina","Melosirids","Melosira","Melosira_varians"
"d904b33bee5901874e54ad23dd2af192","Unassigned",NA,NA,NA,NA,NA,NA
"f555d0f04aa3ce504469bb97b2ea7b04","d__Eukaryota",NA,NA,NA,NA,NA,NA
"da98322cd5887064a2c9294191e9d98b","Unassigned",NA,NA,NA,NA,NA,NA
"777b7c84630e7e44b1c156513ab2ab2f","Unassigned",NA,NA,NA,NA,NA,NA
"e0289fa7c9e25eafbf81fb691542885d","d__Eukaryota",NA,NA,NA,NA,NA,NA
"4e5832dd9d7093adb8e2d3d444fbf97e","d__Eukaryota",NA,NA,NA,NA,NA,NA
"d0b87b6c8ebeb754b9977acec6f39f63","d__Eukaryota",NA,NA,NA,NA,NA,NA
"1c196171e1b0a235b990b8d06a3cbe02","Unassigned",NA,NA,NA,NA,NA,NA
"f2ef37ac125e8fdcef3b8303654e44ac","d__Eukaryota","Ochrophyta","Eustigmatophyceae","Eustigmatales","Eustigmatales","Nannochloropsis",NA
"acfdc994b1ef1b6c968884af853ae6e9","d__Eukaryota","Incertae_Sedis","Incertae_Sedis","Incertae_Sedis","Incertae_Sedis","Telonema","uncultured_marine"
"75a27d5a2e7912d661c93ef901297a2d","d__Eukaryota","Ciliophora","Postciliodesmatophora","Heterotrichea","Heterotrichea","Stentor","Stentor_roeselii"
"908a4b7764afac1b059000756db4fcd0","d__Eukaryota",NA,NA,NA,NA,NA,NA
"cc19f751363c50b02a05364b68e66019","d__Eukaryota","Arthropoda","Insecta","Trichoptera","Trichoptera","Trichoptera","Rhyacophila_fasciata"
"df7ad616500244bf6f697b941d4b8dd2","d__Eukaryota",NA,NA,NA,NA,NA,NA
"792a4b003379443ef7cbf5e2f9bdd5a7","Unassigned",NA,NA,NA,NA,NA,NA
"02e037d1494c7652fda51d205c71aa66","Unassigned",NA,NA,NA,NA,NA,NA
"fb5e0976d267cd6a6188cce7449ea5cd","d__Eukaryota","Apicomplexa","Conoidasida",NA,NA,NA,NA
"52c7a93c265837d08bbe3c732e8d8f79","d__Eukaryota","Amoebozoa","Discosea","Vannellida","Vannellida",NA,NA
"ea63d8f6bfac687a378e7473af431ac5","d__Eukaryota",NA,NA,NA,NA,NA,NA
"b3862531ee58592497a0a58bd4eaa05b","d__Eukaryota",NA,NA,NA,NA,NA,NA
"5960a3d3097791a42cdb8c9aca9a33f9","Unassigned",NA,NA,NA,NA,NA,NA
"af27b8c2664bd9e453918a77541a714c","d__Eukaryota","Arthropoda","Insecta","Diptera","Diptera","Diptera","Belgica_antarctica"
"48119bf417233a00399009985b41dd13","Unassigned",NA,NA,NA,NA,NA,NA
"41be4a467642e080604fa6e454df8989","d__Eukaryota","Ciliophora","Intramacronucleata","Conthreep","Oligohymenophorea",NA,NA
"37c22fd1ab6de1a3a26708d45f9964d5","d__Eukaryota","Ascomycota",NA,NA,NA,NA,NA
"1a2d9d6fe326866e452ff586934e9f74","Unassigned",NA,NA,NA,NA,NA,NA
"d9f5b33e1f75f5f44595c778d73933f8","d__Eukaryota",NA,NA,NA,NA,NA,NA
"44c7b6747e5de529a3d67572d93ec8ef","d__Eukaryota",NA,NA,NA,NA,NA,NA
"ec2471f38508d5dbce0d6480a3a88848","d__Eukaryota",NA,NA,NA,NA,NA,NA
"3f687b0787f8e47ac05159bb3451c3ae","Unassigned",NA,NA,NA,NA,NA,NA
"22e0e20bd55b0effb3bbe3231dd46687","Unassigned",NA,NA,NA,NA,NA,NA
"5d3eb3de5bf844ae0a26f42c8d25d8f5","d__Eukaryota",NA,NA,NA,NA,NA,NA
"794c9eeee1eed4d2e662c644d5e8da10","Unassigned",NA,NA,NA,NA,NA,NA
"bfe5285ff9fa8d210d177d0ad0e609ad","d__Eukaryota","Arthropoda","Insecta","Psocoptera","Psocoptera","Psocoptera","Liposcelis_bostrychophila"
"55330667ad0f8bcfa77d0b685ce21a2e","d__Bacteria","Proteobacteria","Alphaproteobacteria","Rhizobiales",NA,NA,NA
"0907a23412a83629af58fc8b61ad54c2","d__Eukaryota","Ciliophora","Postciliodesmatophora","Heterotrichea","Heterotrichea","Stentor","Stentor_roeselii"
"a3deab15216d9d5b41da919d5061c0a9","Unassigned",NA,NA,NA,NA,NA,NA
"7d3f2d8e8c9ab9e940a133300093c84d","d__Eukaryota","Ciliophora","Intramacronucleata","Conthreep","Oligohymenophorea","Peritrichia","Ophrydium_versatile"
"24cc2bd067b43bf0396b4fad3b5686d2","d__Eukaryota","Ciliophora","Intramacronucleata","Conthreep","Prostomatea","Prorodon","Prorodon_teres"
"4efbb29dbd8f50f157ba4ce89e708221","Unassigned",NA,NA,NA,NA,NA,NA
"fbbddeebf9e2a744f23f3322a227d67e","d__Eukaryota",NA,NA,NA,NA,NA,NA
"e122d79f26853ec157521c1cc6c6e7a4","d__Eukaryota","Centrohelida","Centrohelida","Centrohelida",NA,NA,NA
"a0c47efb3154a21c12cf8aff4e5d3d17","d__Eukaryota",NA,NA,NA,NA,NA,NA
"aab9e34fe8452487c9f0b0cb85875d2a","Unassigned",NA,NA,NA,NA,NA,NA
"cec38fd99a2d0e49b366c6b27fe60af7","d__Eukaryota","Chytridiomycota","Chytridiomycetes","Chytridiales",NA,NA,NA
"1fa7b8b276859396faf26dea371f524d","d__Eukaryota","Ciliophora","Intramacronucleata","Conthreep","Oligohymenophorea","Peritrichia","Ophrydium_versatile"
"fae3f97c8ae03fded9a21ebab031d7fb","d__Eukaryota",NA,NA,NA,NA,NA,NA
"2f4fe571a57477a17c062a61c6185389","d__Eukaryota","Diatomea",NA,NA,NA,NA,NA
"d9c6357e69ef3d26913f4265744dc58e","Unassigned",NA,NA,NA,NA,NA,NA
"6ef9d43238ad300703f85fbfacc0ed50","d__Eukaryota","Gastrotricha","Gastrotricha","Chaetonotida","Chaetonotida","Chaetonotida","Halichaetonotus_schromi"
"e88c2306ccc3fa4c79f80e8717044696","d__Eukaryota",NA,NA,NA,NA,NA,NA
"23a194221d74bac504d4b1b183a3c49d","Unassigned",NA,NA,NA,NA,NA,NA
"c1ca1dce68522d18cc874c8184fdde2f","d__Eukaryota",NA,NA,NA,NA,NA,NA
"87ec8572f2505a36fa83296dc0fce572","d__Eukaryota","Arthropoda","Insecta",NA,NA,NA,NA
"9619b2c264fd58c1ca6b6b26666243d4","d__Eukaryota",NA,NA,NA,NA,NA,NA
"b554fd3b2f1874594460ca0fe4c5db4a","d__Eukaryota","Chlorophyta","Ulvophyceae","Ulvophyceae","Ulvophyceae","Ulvophyceae",NA
"ba8ad47ce475edfde7e9cebf97359e9d","d__Eukaryota",NA,NA,NA,NA,NA,NA
"7265847a201ae1e5f4e669f978dee6ed","Unassigned",NA,NA,NA,NA,NA,NA
"ed0de25966f2536890115c7dbb90992c","d__Eukaryota","Arthropoda","Insecta","Plecoptera","Plecoptera","Plecoptera",NA
"d274d270f0ad4eea01cd3f0b05abc53c","d__Eukaryota","Ciliophora","Intramacronucleata","Spirotrichea","Hypotrichia",NA,NA
"489411ba7352c8e904b403b4f7b0a6a5","d__Eukaryota",NA,NA,NA,NA,NA,NA
"f44b963fb5184011a68f4d653d5f5533","d__Eukaryota",NA,NA,NA,NA,NA,NA
"38e699cf65c58b57da6c98b83baf762b","Unassigned",NA,NA,NA,NA,NA,NA
"7e2bec60dbac402e3a1bec58c464781c","d__Eukaryota","uncultured","uncultured","uncultured","uncultured","uncultured","marine_metagenome"
"74942355bd50bc5adf028d2b4ac2c038","d__Eukaryota","Chytridiomycota","Chytridiomycetes","Chytridiales","Incertae_Sedis","Incertae_Sedis","uncultured_Chytridiomycota"
"3203441f0a72f2765b4cb21434020c96","Unassigned",NA,NA,NA,NA,NA,NA
"57df83a59848d5f7091eb6340bddfb2b","Unassigned",NA,NA,NA,NA,NA,NA
"71a063479d169c49e9fdeda8ceeb498a","Unassigned",NA,NA,NA,NA,NA,NA
"5a499d97a1d6f8e8f5fa3fa0b95039c4","d__Eukaryota",NA,NA,NA,NA,NA,NA
"5a6aa55a62259c99c526a66baad71747","Unassigned",NA,NA,NA,NA,NA,NA
"bb89873975afd50081d94e71f1e5d7e0","d__Eukaryota","Ciliophora","Intramacronucleata","Conthreep","Phyllopharyngea","Tokophrya",NA
"d723ade9f9bcd4932e13792497a5f48b","d__Bacteria",NA,NA,NA,NA,NA,NA
"d96dba5ffa9d1c4f565c94c1e8fc5ff0","Unassigned",NA,NA,NA,NA,NA,NA
"0e9cf2f02898259736b89173623d1e58","Unassigned",NA,NA,NA,NA,NA,NA
"bfc67cb055a4d4b0f0913bf54b46ba72","Unassigned",NA,NA,NA,NA,NA,NA
"d4f7de035086d3e6982943c76993cfdc","Unassigned",NA,NA,NA,NA,NA,NA
"2ba8207f61e631d8944d1e5354aa67b9","Unassigned",NA,NA,NA,NA,NA,NA
"6c6dda35a3336963f9405aa2f5e3da19","Unassigned",NA,NA,NA,NA,NA,NA
"f582899ce4360258afd4c162cbc78262","Unassigned",NA,NA,NA,NA,NA,NA
"7dbe133b4f7039d14cf369aa0e9f0a19","d__Eukaryota","Arthropoda","Insecta","Trichoptera","Trichoptera","Trichoptera","Hydropsyche_sp."
"1d8985ebd407c392bc859da48f56f527","d__Eukaryota","Rotifera","Bdelloidea","Adinetida","Adinetida","Adinetida",NA
"eadd35a262c67f05ce5674334d7d9ecc","Unassigned",NA,NA,NA,NA,NA,NA
"ea06261d208100db957faebc018a653b","d__Eukaryota","Amoebozoa","Tubulinea","Leptomyxida","Leptomyxida",NA,NA
"bd370780447e4bcac8337bd59a2556f4","d__Eukaryota",NA,NA,NA,NA,NA,NA
"9c271d99306845ba1aab692e41cb9d3d","d__Eukaryota","Arthropoda","Insecta","Diptera","Diptera","Diptera","Chironomus_tentans"
"f1497a86d409554b9d106b87f35aeab0","Unassigned",NA,NA,NA,NA,NA,NA
"5cffac5acf416af5e198302956b06bb2","d__Eukaryota",NA,NA,NA,NA,NA,NA
"486fcf87ae506df3d100ad8bd730be69","d__Eukaryota",NA,NA,NA,NA,NA,NA
"f9c8b12ebff0701e3100c46830b2b0d2","d__Eukaryota","Amoebozoa","Discosea","Vannellida","Vannellida","Vannella","Vannella_miroides"
"215259e1e80602833bc560e7322892ed","d__Bacteria",NA,NA,NA,NA,NA,NA
"00802aa0d1028cdcb105eb17d1d78ca6","Unassigned",NA,NA,NA,NA,NA,NA
"0a288212201610be217b45b42d18d629","Unassigned",NA,NA,NA,NA,NA,NA
"badeda638c87f993e45aacf247d71442","Unassigned",NA,NA,NA,NA,NA,NA
"76f4b75b82b59144d37dd0da7a5d3f09","d__Eukaryota","Apicomplexa","Conoidasida","Gregarinasina","Eugregarinorida","Eugregarinorida","Syncystis_mirabilis"
"7e522f429b5e3eda59bd8c4c52bfae38","d__Eukaryota",NA,NA,NA,NA,NA,NA
"0b6707d538d70be13c259f4679a4e3ce","d__Eukaryota",NA,NA,NA,NA,NA,NA
"38d6679c089a64ab67b813316d9c7b71","Unassigned",NA,NA,NA,NA,NA,NA
"7c9bd642471128dea74a4d9f366c228e","d__Eukaryota","Bicosoecida","Bicosoecida","Bicosoecida","Bicosoecida","Bicosoeca","metagenome"
"28f3083dbe52df7b25a232a9cdb4f46a","Unassigned",NA,NA,NA,NA,NA,NA
"5e53509702c89cf28934d601b36b466e","d__Eukaryota","Ciliophora","Intramacronucleata","Conthreep","Oligohymenophorea",NA,NA
"ad9e5f4a79645a0d3a7a319279904026","Unassigned",NA,NA,NA,NA,NA,NA
"81e9838b713490b746e43f93c607d125","Unassigned",NA,NA,NA,NA,NA,NA
"ad36b6303c4fdff94764b3b609654a0b","Unassigned",NA,NA,NA,NA,NA,NA
"65256b748a2be597abdaf95925df0114","d__Eukaryota",NA,NA,NA,NA,NA,NA
"e4fac9986962ded18b5f50fc4b727504","d__Eukaryota",NA,NA,NA,NA,NA,NA
"8879bfad77b91b945cfad244764e3e42","d__Eukaryota","Ascomycota","Dothideomycetes","Capnodiales","Cladosporiaceae","Cladosporium",NA
"dbcdd5cbbafa1b3ca69015c2405bff99","d__Eukaryota",NA,NA,NA,NA,NA,NA
"f6e2af52c9dc3b337c2c9fda30e34874","Unassigned",NA,NA,NA,NA,NA,NA
"df2474786c9a409bede41eb6d3f4de55","d__Eukaryota","Gastrotricha","Gastrotricha","Chaetonotida","Chaetonotida","Chaetonotida",NA
"03197878310c044be0a8705ff2d2a76b","d__Eukaryota","Euglenozoa","Kinetoplastea","Prokinetoplastina","Prokinetoplastina","Ichthyobodo","Ichthyobodo_necator"
"c113667cbca74cc1b3a036df6fcebcc2","d__Eukaryota",NA,NA,NA,NA,NA,NA
"c9fca49795d38d4a10a2c0c37689145e","d__Eukaryota","Cryptophyceae","Cryptophyceae","Cryptomonadales","Cryptomonadales",NA,NA
"0174135af6198688bf5e3116366ac844","Unassigned",NA,NA,NA,NA,NA,NA
"ecc370ffd9f91b521ab5fe703a7feed6","d__Eukaryota","Apicomplexa","Conoidasida","Gregarinasina","Eugregarinorida",NA,NA
"570e6b40ab43ee9c2a8832058be07486","d__Eukaryota",NA,NA,NA,NA,NA,NA
"436061733279601bca744d6e46668d00","d__Eukaryota","Retaria","Foraminifera","Rotaliida","Rotaliida","Rotaliida","Haynesina_orbiculare"
"c15d1b222851e993a4e0813919d3b2a1","d__Bacteria",NA,NA,NA,NA,NA,NA
"a2b2ac17a61910e38eb8c7ea4f78646f","Unassigned",NA,NA,NA,NA,NA,NA
"b9d84df5213f45311e048009d782e520","d__Eukaryota","Ciliophora","Postciliodesmatophora","Heterotrichea","Heterotrichea","Stentor","Stentor_roeselii"
"6a71acdc66dd9c3b8b438bfa1633c74a","Unassigned",NA,NA,NA,NA,NA,NA
"cb6fcb4d474b8de5729f86548d955c7e","Unassigned",NA,NA,NA,NA,NA,NA
"30c8ce1f84495642dd2fee5d5a086524","Unassigned",NA,NA,NA,NA,NA,NA
"31b40d4716c513e3e140957571da22a7","d__Eukaryota",NA,NA,NA,NA,NA,NA
"171275f901f609bb3343119f88652286","Unassigned",NA,NA,NA,NA,NA,NA
"67fe469c78c924fb0ed09926f4e737c1","d__Eukaryota","Arthropoda","Insecta","Diptera","Diptera","Diptera","Belgica_antarctica"
"a3b1f75f6d9c24f74496ed256676e11b","Unassigned",NA,NA,NA,NA,NA,NA
"de9c49d13346ac03f98df0bdf8f5164a","d__Eukaryota","Amoebozoa","Tubulinea","Euamoebida","Euamoebida","Euamoebida",NA
"7fbd48a5fce332663f328454c4be56c5","d__Eukaryota","Arthropoda","Insecta","Diptera","Diptera","Diptera","Twinnia_tibblesi"
"d67117b6ffc25a4fa40d94141ad497c9","Unassigned",NA,NA,NA,NA,NA,NA
"28bc4e78c9670137298b960dee164178","d__Eukaryota",NA,NA,NA,NA,NA,NA
"246718e411467be027ee79a159bd1a9e","d__Eukaryota",NA,NA,NA,NA,NA,NA
"26e8ad6b818c113f627de173a3189344","d__Eukaryota",NA,NA,NA,NA,NA,NA
"1eb4f5316bdeaa447ef33de922b8cab1","d__Bacteria","Proteobacteria","Alphaproteobacteria",NA,NA,NA,NA
"01983cd0c136427d553b6acc3b0bab75","d__Eukaryota","Ciliophora","Postciliodesmatophora","Heterotrichea","Heterotrichea","Stentor","uncultured_ciliate"
"e146a83de8afe70efb46b1b553c02598","d__Eukaryota","Ochrophyta","Chrysophyceae","Chrysophyceae","Chrysophyceae","Chrysophyceae","Hydrurus_foetidus"
"8881c54482988684f622673926b87323","d__Eukaryota","Ciliophora","Intramacronucleata","Conthreep","Oligohymenophorea","Peritrichia","Ophrydium_versatile"
"adc2e6a6dd3afc9678e3a374feee7bdc","Unassigned",NA,NA,NA,NA,NA,NA
"1083832da111ab8dbe5e2f4715ef4cdc","Unassigned",NA,NA,NA,NA,NA,NA
"6351af134effab4b76aeba1765fee7b3","Unassigned",NA,NA,NA,NA,NA,NA
"bfa0bbae530d5b050a243680d66672e9","Unassigned",NA,NA,NA,NA,NA,NA
"23ca9181acf06e7b298e0d9019b785e4","d__Bacteria","Proteobacteria",NA,NA,NA,NA,NA
"4dc24399b13d7038ca563756ba00bda0","d__Eukaryota","Ciliophora","Intramacronucleata","Conthreep","Oligohymenophorea","Peritrichia","Ophrydium_versatile"
"ed5211a50c07c4e1fc1d949001d1271b","d__Eukaryota","Euglenozoa","Euglenida","Euglenophyceae","Euglenaceae","Euglena",NA
"63b88108dca747057c3e42dd2c57506e","d__Eukaryota",NA,NA,NA,NA,NA,NA
"3c6c7ce620b0f7e8c12e96603b2d82bb","d__Eukaryota","Apicomplexa","Conoidasida","Gregarinasina","Eugregarinorida","Ascogregarina",NA
"49a660f05cdbc95c00e8411e36f957af","d__Eukaryota","Arthropoda","Insecta","Ephemeroptera","Ephemeroptera","Ephemeroptera",NA
"bea8dcbf24117e138379c26f6f634d9b","d__Eukaryota",NA,NA,NA,NA,NA,NA
"6312a6e4b2f6d05c416fbb8fd3b559e9","d__Eukaryota",NA,NA,NA,NA,NA,NA
"f1b4a0b5a957c8886fc79b07a7e97a04","Unassigned",NA,NA,NA,NA,NA,NA
"c65bda02ef2beb4ad45a341cf9e2d597","d__Eukaryota",NA,NA,NA,NA,NA,NA
"67c2d2ff4d0df39842f00a0d1f71c1ee","Unassigned",NA,NA,NA,NA,NA,NA
"69cd05f7e502b112675879dd210fdf0f","d__Eukaryota",NA,NA,NA,NA,NA,NA
"bba3d4b77f353a8ed3eb9960d2d5becd","d__Eukaryota",NA,NA,NA,NA,NA,NA
"d4576bfeb07cfbd03e7ac4fc2318cc01","Unassigned",NA,NA,NA,NA,NA,NA
"e5ed226a02a99abf133a94884e3af8fc","d__Eukaryota",NA,NA,NA,NA,NA,NA
"263c1a88e8c674bbcbcd6fbbcc84ac02","d__Eukaryota",NA,NA,NA,NA,NA,NA
"b673fed4beeb23ebd64950a0e6f9d205","Unassigned",NA,NA,NA,NA,NA,NA
"e6a75ea19b36a263089dfb7156c777fa","d__Eukaryota","Ascomycota","Dothideomycetes","Pleosporales","Didymellaceae","Boeremia","Boeremia_exigua"
"70e0a84191552e4ffa821c629e9ea894","d__Eukaryota",NA,NA,NA,NA,NA,NA
"7c2b4bf677b23308e9d58cc9a1a6b478","d__Eukaryota",NA,NA,NA,NA,NA,NA
"74895dc1962878d969ef7e15a50b8517","Unassigned",NA,NA,NA,NA,NA,NA
"9bc8fdc1ac01e59060578914fccde11d","Unassigned",NA,NA,NA,NA,NA,NA
"205d5d8f01397e9fe038c8785bf987f5","d__Eukaryota",NA,NA,NA,NA,NA,NA
"0ee55fe2bbb3560398b3dbd5dde7bd43","Unassigned",NA,NA,NA,NA,NA,NA
"f6191ebb067770cd1da07c09c07f46b5","d__Eukaryota",NA,NA,NA,NA,NA,NA
"3fb4861f5e216e0d8bf7f9ac8e15b1a3","d__Eukaryota",NA,NA,NA,NA,NA,NA
"85ead22ba843077457044eb5fd98ec16","Unassigned",NA,NA,NA,NA,NA,NA
"17b1d485dab2a6f8e742e299d61f938b","Unassigned",NA,NA,NA,NA,NA,NA
"41c1dad484a6f70bdbc96abacdb3c4d6","d__Eukaryota","Diatomea","Bacillariophyceae","Bacillariophyceae","Bacillariophyceae",NA,NA
"77aec2fb5c8baed65c2fd9c9d38ea52d","d__Eukaryota",NA,NA,NA,NA,NA,NA
"a9b0a23c7879e7f6f39c31cdc95b33a9","Unassigned",NA,NA,NA,NA,NA,NA
"e7f0f6c8b96b362933eee7ae7a94a60a","Unassigned",NA,NA,NA,NA,NA,NA
"9229a549c7afeb86cabdb4f04a896ee7","Unassigned",NA,NA,NA,NA,NA,NA
"28ce64caa4431753572e3a15503763ce","Unassigned",NA,NA,NA,NA,NA,NA
"4bb72aaf06c84e8fb3d8e855ec01f5a3","Unassigned",NA,NA,NA,NA,NA,NA
"a7b52bfce068eda53eae770fff5ace92","d__Eukaryota","Diatomea",NA,NA,NA,NA,NA
"6e823ee434b27c266e8494a21d8e9ef1","d__Eukaryota",NA,NA,NA,NA,NA,NA
"289b91efb1f22c5c788a53d84ded6462","d__Eukaryota","Arthropoda","Insecta","Ephemeroptera","Ephemeroptera","Ephemeroptera",NA
"2cd2f6e10a44d12a867b9ca19e24793c","Unassigned",NA,NA,NA,NA,NA,NA
"025ca934afe7b953278ba4637186c181","d__Eukaryota",NA,NA,NA,NA,NA,NA
"416462371fb5cbf032ed19db2917dc4c","Unassigned",NA,NA,NA,NA,NA,NA
"f4e315945bf48a5ac06354183113be4c","Unassigned",NA,NA,NA,NA,NA,NA
"47bd27a67af89e85d385b3de47143939","d__Eukaryota","Ciliophora","Intramacronucleata","Conthreep","Oligohymenophorea","Peritrichia","Ophrydium_versatile"
"0c80de37833795845935d24d8984c8e8","Unassigned",NA,NA,NA,NA,NA,NA
"064e5f4a0198908faff7f3333bb542f3","Unassigned",NA,NA,NA,NA,NA,NA
"13b2c3694b1d99c0077c53b0cd862288","d__Bacteria",NA,NA,NA,NA,NA,NA
"6776c3a58ec9b2f689d766c11865668b","d__Eukaryota","Arthropoda","Insecta","Diptera","Diptera","Diptera","Ablabesmyia_rhamphe"
"8b19ce3b984f5fcac6a1ede25604c58f","d__Eukaryota",NA,NA,NA,NA,NA,NA
"f5eb68f8396d116de369261052da5048","d__Eukaryota","Ascomycota",NA,NA,NA,NA,NA
"667af86199b427e4537ea4bfb17e8099","d__Eukaryota",NA,NA,NA,NA,NA,NA
"080cc77b7779da4035baee2d7cc13cf6","d__Eukaryota","Vertebrata","Mammalia","Mammalia","Mammalia","Mammalia",NA
"cbb97b57ede4c2b7bfacd76185349d0b","d__Eukaryota","Vertebrata","Mammalia","Mammalia","Mammalia","Mammalia",NA
"533c76c7fd0d45060e40fa2cf0d99654","d__Eukaryota","Ciliophora","Intramacronucleata","Conthreep","Oligohymenophorea","Peritrichia","Ophrydium_versatile"
"b14e10b0cae09e214159efed623e5816","d__Eukaryota","Ciliophora","Postciliodesmatophora","Heterotrichea","Heterotrichea","Stentor","Stentor_roeselii"
"866e2cc31b7149e0496bdb83a424dc3f","Unassigned",NA,NA,NA,NA,NA,NA
"f0c4d56b222ea73327a5a7cddb2216c4","d__Eukaryota",NA,NA,NA,NA,NA,NA
"db4dd846528497881bd50fe6b9fec9da","Unassigned",NA,NA,NA,NA,NA,NA
"6d015366287409a588c7d50cc615a784","Unassigned",NA,NA,NA,NA,NA,NA
"1c4f8b90f9afdb6cdde0eb049586248a","d__Eukaryota","Amoebozoa","Tubulinea","Euamoebida","Euamoebida","Euamoebida",NA
"f6882f58477ac548d011b7ded4e2622d","d__Eukaryota",NA,NA,NA,NA,NA,NA
"7ae4986e72c23cf8301ac9a5a0c919df","Unassigned",NA,NA,NA,NA,NA,NA
"e43dad0e4d488d432b8cdb9e72698dfb","d__Eukaryota",NA,NA,NA,NA,NA,NA
"5f8d518467c80e300300cacf434f4224","d__Eukaryota",NA,NA,NA,NA,NA,NA
"8a1a7ab52ab10e3c1a486a458eb282a2","Unassigned",NA,NA,NA,NA,NA,NA
"bca32bc439f841bf496c654685e3b5bf","Unassigned",NA,NA,NA,NA,NA,NA
"b7ffd38589b19e555ea7874d653ee7a5","Unassigned",NA,NA,NA,NA,NA,NA
"2196f57427039475e15c268710034d0f","d__Eukaryota","Ascomycota",NA,NA,NA,NA,NA
"210c58f2c419e7832a9591141ba384cb","d__Eukaryota",NA,NA,NA,NA,NA,NA
"5d920b29c811ccdfa884282737440843","d__Eukaryota",NA,NA,NA,NA,NA,NA
"f1c79001e3cc6243e537b84cc27556d6","Unassigned",NA,NA,NA,NA,NA,NA
"9b9c18e010eacdb23f0ca7a1b013cd74","d__Bacteria","Proteobacteria",NA,NA,NA,NA,NA
"cfdb80a74d950871b2e807f30100120d","d__Eukaryota",NA,NA,NA,NA,NA,NA
"487893eb78c3c70353cdf5404de026bf","d__Eukaryota","Ciliophora","Intramacronucleata","Conthreep","Oligohymenophorea",NA,NA
"383592859405b10e9faecf221e145820","Unassigned",NA,NA,NA,NA,NA,NA
"70ad22f3587189f923dae9237ea47c0c","Unassigned",NA,NA,NA,NA,NA,NA
"ee192dea3280cb3eacdfb24e53a97654","Unassigned",NA,NA,NA,NA,NA,NA
"338cf7d582491025994a6bba71fd4fca","d__Eukaryota",NA,NA,NA,NA,NA,NA
"b31e97c9855e3f9d64bfb55fc97e5e48","d__Eukaryota","Gastrotricha","Gastrotricha","Chaetonotida","Chaetonotida","Chaetonotida","uncultured_eukaryote"
"1e55a4e142b33fde5b469899b1608e53","d__Eukaryota",NA,NA,NA,NA,NA,NA
"3414e6c29783fc1cea713f5fd640143b","Unassigned",NA,NA,NA,NA,NA,NA
"e2d76ba3be17f8a6c0670190822fdc9c","d__Eukaryota",NA,NA,NA,NA,NA,NA
"7990facdc9335480b041c4eade5ff9e8","d__Eukaryota",NA,NA,NA,NA,NA,NA
"37b7131a4ef52ce5383be38a95094265","Unassigned",NA,NA,NA,NA,NA,NA
"167754b1113fa898ccf7c8c9b1aa6646","d__Eukaryota",NA,NA,NA,NA,NA,NA
"c37264eda00496a16f508f47f0d1e156","d__Eukaryota","Ciliophora","Intramacronucleata","Spirotrichea","Euplotia","Euplotes",NA
"89b47043bb2b04fd7769b53d5c5db9d1","d__Eukaryota","Euglenozoa","Euglenida","Euglenophyceae","Euglenaceae","Trachelomonas","Trachelomonas_sp."
"e2ce263741ade3fa8d20cd1a1a46cd4d","Unassigned",NA,NA,NA,NA,NA,NA
"016c4c945a1374df7e80360f5759962f","Unassigned",NA,NA,NA,NA,NA,NA
"3e26fcd077a2ac018172ded97618cc7e","Unassigned",NA,NA,NA,NA,NA,NA
"0c1296f83d62c6af589007eaceb8f0b0","Unassigned",NA,NA,NA,NA,NA,NA
"293f7d10b8e0271f3a7c81b6867bdb1b","Unassigned",NA,NA,NA,NA,NA,NA
"1bac161623d126581551ae8799ceb9bf","d__Eukaryota","Arthropoda","Insecta","Diptera","Diptera","Diptera","Belgica_antarctica"
"62f770ec393726477c48f10d0ebedf46","Unassigned",NA,NA,NA,NA,NA,NA
"4cf471750fbdc77fad498b2fe9085c0d","Unassigned",NA,NA,NA,NA,NA,NA
"62506ee9cebfb71669a860fdac0d99e2","d__Eukaryota",NA,NA,NA,NA,NA,NA
"e1bce83ff6ce0b8e4b4b42ae7e80ede7","Unassigned",NA,NA,NA,NA,NA,NA
"7d96cc14595dc7cf28a95729fa3e8a84","d__Eukaryota","Ciliophora","Intramacronucleata","Conthreep","Oligohymenophorea","Peritrichia","Ophrydium_versatile"
"a63b1922f76677b405d590e3897f8be2","Unassigned",NA,NA,NA,NA,NA,NA
"3a96d031f06bf7626c5a3f7f1805ffc6","d__Eukaryota","Amoebozoa","Tubulinea","Tubulinea","Tubulinea","Tubulinea","Tubulinea_group"
"a0375dba81841f8e938bac9261e28917","d__Eukaryota",NA,NA,NA,NA,NA,NA
"cf047b23e97795e9b3fa2497fd2cbdd6","d__Eukaryota","Nematozoa","Chromadorea","Tylenchida","Tylenchida","Tylenchida","Aphelenchoides_fragariae"
"9140efb05b11fb73315af5f7e0d32508","d__Eukaryota","Platyhelminthes","Rhabditophora",NA,NA,NA,NA
"a1513c2eda2d22bfa548e9955117062b","d__Bacteria","Proteobacteria","Alphaproteobacteria","Rhizobiales","Rhizobiales_Incertae_Sedis","uncultured","uncultured_Alphaproteobacteria"
"17358d09f2f5ed971c98abab32d08559","d__Eukaryota","Gastrotricha","Gastrotricha","Chaetonotida","Chaetonotida","Chaetonotida","Halichaetonotus_schromi"
"25524b466811f1f1eebcc3c936d89209","d__Eukaryota",NA,NA,NA,NA,NA,NA
"72ed1405b23f86eb842933259f0ec4f1","Unassigned",NA,NA,NA,NA,NA,NA
"0508078ebd589056abe21fa79553cd61","Unassigned",NA,NA,NA,NA,NA,NA
"2b4b6e5116269e2f314d47f088dbe55b","d__Eukaryota","Ciliophora","Postciliodesmatophora","Heterotrichea","Heterotrichea","Stentor","Stentor_roeselii"
"5f7c211d477e4f39cfc52f8c70629db8","d__Eukaryota",NA,NA,NA,NA,NA,NA
"8fd39bcbf0771ae5eefa5da2a3592d65","Unassigned",NA,NA,NA,NA,NA,NA
"0e9abbba9bef288c2883791ba83f2199","d__Eukaryota","Chytridiomycota","Chytridiomycetes","Chytridiales",NA,NA,NA
"1c31204569024b7ab3bad0c9224d31ec","Unassigned",NA,NA,NA,NA,NA,NA
"3a96b58dc13d79a0f95af7e4085248ba","d__Eukaryota",NA,NA,NA,NA,NA,NA
"48b9e030d1e571a630ac020e9360d023","d__Eukaryota","Vertebrata","Mammalia","Mammalia","Mammalia","Mammalia",NA
"4e8d906877b8e554d3ac314887c50c67","d__Eukaryota","Chlorophyta","Chlorophyceae","Chlorophyceae","Chlorophyceae","Chlorophyceae","uncultured_Chlamydomonadales"
"5923ef2ce290f4fbd2798c982fbb2343","d__Eukaryota","Nematozoa","Enoplea","Dorylaimia","Mermithida","Mermithida","Isomermis_lairdi"
"df612bc1596ac413edbf07ce08a195e1","d__Bacteria",NA,NA,NA,NA,NA,NA
"b8c9d66edf4b1fae22392a1aa4f54ff6","d__Eukaryota",NA,NA,NA,NA,NA,NA
"816483058ec5e0fdeebb54e904eb0152","d__Eukaryota",NA,NA,NA,NA,NA,NA
"33b914519d9f6a37decd439b7ddd1f23","d__Eukaryota","Cercozoa","uncultured","uncultured","uncultured","uncultured","Ammopiptanthus_mongolicus"
"a0576dd9eb4ece9611cab22d96b89871","Unassigned",NA,NA,NA,NA,NA,NA
"4ecdb923b6207c58363dc20fcaaf8e6e","d__Eukaryota","Ciliophora","Intramacronucleata","Conthreep",NA,NA,NA
"a1beb81488ff44a041d806d70bd674c5","d__Eukaryota","Platyhelminthes",NA,NA,NA,NA,NA
"ae79280c7fa7af04727ecf58cd3e0040","d__Eukaryota","Ciliophora","Postciliodesmatophora","Heterotrichea","Heterotrichea","Stentor","Stentor_roeselii"
"08451347c22c7f590aca50a6af754d6c","Unassigned",NA,NA,NA,NA,NA,NA
"8d5dd8b911737badecba5c0caee46bfb","d__Eukaryota","Ciliophora","Intramacronucleata","Conthreep","Oligohymenophorea","Peritrichia","Ophrydium_versatile"
"5ee44bf2d8d31ec0ad4b361655e60419","Unassigned",NA,NA,NA,NA,NA,NA
"743fd9539db30f469f7135226a2db15e","d__Eukaryota",NA,NA,NA,NA,NA,NA
"acc640d9ceef9d1e969344d9f4708e79","Unassigned",NA,NA,NA,NA,NA,NA
"0409a09a8fafe0ff9046f02e4d673558","Unassigned",NA,NA,NA,NA,NA,NA
"503ca1c0fc41152ea32fb57787e38434","d__Eukaryota","Ascomycota","Eurotiomycetes","Chaetothyriales","Herpotrichiellaceae",NA,NA
"ee66b0fb0723f098061cc2dba8304428","d__Eukaryota","Ciliophora","Intramacronucleata","Conthreep","Oligohymenophorea","Peritrichia","Ophrydium_versatile"
"0be2e2f4b0c43fc9608398871ebabf50","Unassigned",NA,NA,NA,NA,NA,NA
"21ef7e3216c9792012bb768b99c87565","d__Eukaryota",NA,NA,NA,NA,NA,NA
"02ab0530ca7854d76f5b39d5b296c22f","Unassigned",NA,NA,NA,NA,NA,NA
"3cf6de38007d2e0cb74b7d046df80831","Unassigned",NA,NA,NA,NA,NA,NA
"d9e6f6bbc42d03e5fc47edd9f20439ee","d__Eukaryota","Ascomycota","Leotiomycetes",NA,NA,NA,NA
"abfdb0b1c3b118650d34ff2661331c07","d__Eukaryota",NA,NA,NA,NA,NA,NA
"99b6b53e4d1b1e13e76192e62cab26cf","d__Eukaryota",NA,NA,NA,NA,NA,NA
"b9799b584d3b41d9e8b6bb411486f60a","Unassigned",NA,NA,NA,NA,NA,NA
"c1c01b86631c4b88e54fab32a33ec4ba","d__Eukaryota",NA,NA,NA,NA,NA,NA
"871d1b3c60d96feac65401bcc8bbf873","d__Eukaryota","Annelida","Clitellata","Haplotaxida","Haplotaxida","Haplotaxida","Rheomorpha_neiswestonovae"
"bfef6e7db6086abceb0b9a39aa8e47f1","d__Eukaryota","Ciliophora","Postciliodesmatophora","Heterotrichea","Heterotrichea","Stentor","Stentor_roeselii"
"1ccc06723ee56f48911330a1d5d42fb5","Unassigned",NA,NA,NA,NA,NA,NA
"9cf27937ab0334a93779a1f9c2f342a0","Unassigned",NA,NA,NA,NA,NA,NA
"51678c24b49e0bed57892559f9e270a5","d__Eukaryota","Gastrotricha","Gastrotricha","Chaetonotida","Chaetonotida","Chaetonotida","Halichaetonotus_schromi"
"4f39b77234fe5a0d7d659f65f9e14eb1","Unassigned",NA,NA,NA,NA,NA,NA
"a589beb7566a8ab9cda95cb8c83147b1","d__Eukaryota",NA,NA,NA,NA,NA,NA
"40dce2b920c958f04a2e72fffecd7e01","d__Eukaryota",NA,NA,NA,NA,NA,NA
"b6c3e55f1e864eb748932ba976b77a8b","d__Eukaryota","Ciliophora","Intramacronucleata","Conthreep","Oligohymenophorea","Peritrichia","Ophrydium_versatile"
"eebd7654e6b86ab423ebb479fb8c229e","Unassigned",NA,NA,NA,NA,NA,NA
"8965022810ec545b3609be60fea3e97d","d__Eukaryota",NA,NA,NA,NA,NA,NA
"ac0714bcd4a0ac8f29359ea3132ab9b8","d__Eukaryota",NA,NA,NA,NA,NA,NA
"0287dafe677700a7da7968837e2a4be1","d__Eukaryota",NA,NA,NA,NA,NA,NA
"1c003d9ab3996f21a72a0e2a1c678832","d__Eukaryota",NA,NA,NA,NA,NA,NA
"957b1ff867b5aa7360144de8e62fc957","d__Eukaryota","Ciliophora","Postciliodesmatophora","Heterotrichea","Heterotrichea","Stentor","Stentor_roeselii"
"13af370cb42f2bd9bce6a2a2d996b4f9","d__Bacteria","Proteobacteria",NA,NA,NA,NA,NA
"0c907b8dd3738ba286722cbc81f5b121","d__Eukaryota","Amoebozoa","Tubulinea","Tubulinea","Tubulinea","Tubulinea","Tubulinea_group"
"a5aedcdcef29fafbb51e76fcaa528bcd","d__Eukaryota","Ascomycota","Leotiomycetes",NA,NA,NA,NA
"943a8b7f9b00b72d1b6c5d8cb88a8e78","Unassigned",NA,NA,NA,NA,NA,NA
"d36bb99156c7c7a9745f00add98712f0","d__Eukaryota",NA,NA,NA,NA,NA,NA
"5d80b9c2c644e6ec3dc7c158388e0747","d__Eukaryota",NA,NA,NA,NA,NA,NA
"dcac70041f1be3bf614d7136e2c965c3","Unassigned",NA,NA,NA,NA,NA,NA
"2dd02355c1fe6d965697371bba9845b3","d__Eukaryota","Arthropoda","Insecta","Diptera","Diptera","Diptera","Ablabesmyia_rhamphe"
"a623673fe2e8a0776cc9c2f12173df87","d__Eukaryota",NA,NA,NA,NA,NA,NA
"65b4cfd2a70a5fcf79ce681a51eee0d2","Unassigned",NA,NA,NA,NA,NA,NA
"88b42f14864ba03680ebd7feda562319","Unassigned",NA,NA,NA,NA,NA,NA
"a884ed6f5574b9eb6d88ac85c875b810","d__Eukaryota","Apicomplexa","Conoidasida","Gregarinasina","Eugregarinorida","Ascogregarina",NA
"71dd34720e14afff54810afa8529a872","d__Eukaryota",NA,NA,NA,NA,NA,NA
"8a761aedd24381d7842208e05189ff85","d__Eukaryota","Ciliophora","Intramacronucleata","Conthreep","Phyllopharyngea","Tokophrya",NA
"0fe652948ce7a4be7fe0c9ab2c15a586","Unassigned",NA,NA,NA,NA,NA,NA
"5f507f4534917031948acd5192397f05","Unassigned",NA,NA,NA,NA,NA,NA
"1bd2e084d019c89427e320fd2fac5fa6","d__Eukaryota",NA,NA,NA,NA,NA,NA
"76799131db2dbf8dfa742c322bccacc1","d__Eukaryota","Arthropoda","Insecta","Diptera","Diptera","Diptera","Belgica_antarctica"
"22a61f197196d31baa7da5b12697c757","d__Eukaryota",NA,NA,NA,NA,NA,NA
"8c82aa4a37839cf9f1d78d9e4923b069","d__Eukaryota",NA,NA,NA,NA,NA,NA
"8de14ebc3a0fe24130c6c826b1eeed51","Unassigned",NA,NA,NA,NA,NA,NA
"ad222e78e94f69da81c50af06417b470","d__Eukaryota","Ciliophora","Intramacronucleata","Conthreep","Oligohymenophorea","Peritrichia","Ophrydium_versatile"
"ad03da23d8d18112722d168b2859bfb0","d__Eukaryota",NA,NA,NA,NA,NA,NA
"c70b69ddf1d46d546b383767ecaf0e49","Unassigned",NA,NA,NA,NA,NA,NA
"e21d2bdcd71b356d8a8c541f2dd04ffd","Unassigned",NA,NA,NA,NA,NA,NA
"3deb1aabc50f1c2ccc9b1c0edcb7e2a0","Unassigned",NA,NA,NA,NA,NA,NA
"23a77b8f723890ccc59bb2369fcd9b9c","d__Eukaryota",NA,NA,NA,NA,NA,NA
"04754829ec23d3105e5e074aa34907a0","Unassigned",NA,NA,NA,NA,NA,NA
"3e409e5a5bd982cd8a44a7614aee9abe","Unassigned",NA,NA,NA,NA,NA,NA
"c7fa44c0dcd17231e41e883e2a519193","Unassigned",NA,NA,NA,NA,NA,NA
"cd4f26636c869b67ff751bab27d86eec","Unassigned",NA,NA,NA,NA,NA,NA
"5edcbd33a65528de205ba85751e6dc7b","d__Eukaryota",NA,NA,NA,NA,NA,NA
"0fc8b2ef18ab5693873c04e02b75d2d9","d__Eukaryota","Arthropoda","Insecta","Trichoptera","Trichoptera","Trichoptera",NA
"6db19c37c8cf539b8d1c51f3ed301f2f","d__Eukaryota",NA,NA,NA,NA,NA,NA
"a70c90b4249857127463b81003b7ee13","d__Eukaryota","Arthropoda","Insecta","Ephemeroptera","Ephemeroptera","Ephemeroptera",NA
"3fd4d979ca98bcfd209765c0127475aa","Unassigned",NA,NA,NA,NA,NA,NA
"137323909f3e960ba3f7215a0441ba1c","d__Eukaryota",NA,NA,NA,NA,NA,NA
"01d26892bfce03dd5e5787afecdf433f","Unassigned",NA,NA,NA,NA,NA,NA
"ffa1d3afa5eb25984e123b452cdc29ba","d__Eukaryota",NA,NA,NA,NA,NA,NA
"0ecbff810bd9f73b499721db00cd7381","d__Bacteria","Verrucomicrobiota","Verrucomicrobiae","Opitutales","Opitutaceae",NA,NA
"06ac20527fce1047f200cfb4f9449940","d__Eukaryota",NA,NA,NA,NA,NA,NA
"25e4e836ef282764f3c0934902e883e4","d__Eukaryota","Platyhelminthes",NA,NA,NA,NA,NA
"06f9bec4942f7d67b28f11477f76aa5a","Unassigned",NA,NA,NA,NA,NA,NA
"229a7bc2919bd95cec39404db2157da3","Unassigned",NA,NA,NA,NA,NA,NA
"bdd621e77aba6b3b7609351e82031426","d__Eukaryota",NA,NA,NA,NA,NA,NA
"a9f6a786cf2fb2d50954490314db2f7c","d__Eukaryota",NA,NA,NA,NA,NA,NA
"f39a02b262f13439b2d215347e888cd5","Unassigned",NA,NA,NA,NA,NA,NA
"35a492406a1d0037b0e45503d87381ed","d__Eukaryota","Arthropoda","Insecta","Trichoptera","Trichoptera","Trichoptera","Rhyacophila_fasciata"
"4caa0e4d5e371600687f07113cbb0f16","d__Eukaryota","Ciliophora","Intramacronucleata","Conthreep","Oligohymenophorea","Peritrichia","Ophrydium_versatile"
"6678ea890abb394c7bfb826e5adf37d2","Unassigned",NA,NA,NA,NA,NA,NA
"3a21e9d8793bf791359d99716a119ff5","d__Eukaryota",NA,NA,NA,NA,NA,NA
"0b334686d67d609d7c8c17e4c8c281b8","Unassigned",NA,NA,NA,NA,NA,NA
"c7949f6a6e0b1bf3351ae51b7b8893d4","Unassigned",NA,NA,NA,NA,NA,NA
"97cf3a86d4147aae585fbd55af2d46e1","d__Eukaryota","Gastrotricha","Gastrotricha","Chaetonotida","Chaetonotida","Chaetonotida","Halichaetonotus_schromi"
"7bad838606efb117b5e6f5ac590eb83e","Unassigned",NA,NA,NA,NA,NA,NA
"d54993a021f3f0b32af83f962b4a0b34","d__Eukaryota",NA,NA,NA,NA,NA,NA
"2244a2df13b794c1ad5c395e86e3a8c3","Unassigned",NA,NA,NA,NA,NA,NA
"624521cf312ab2c94eb90fa8dea60882","Unassigned",NA,NA,NA,NA,NA,NA
"9fafae98b6145ad74724fead0ac6fe15","Unassigned",NA,NA,NA,NA,NA,NA
"2e37a6f0eb460f78b292f4c6400340fd","d__Eukaryota",NA,NA,NA,NA,NA,NA
"16b180a1f671392edceaec8d00719eda","d__Eukaryota",NA,NA,NA,NA,NA,NA
"083313bc2e0c08d7714d69a2b8cd2b2e","Unassigned",NA,NA,NA,NA,NA,NA
"7f10ebf5984c97f8b265f9b820283933","d__Eukaryota",NA,NA,NA,NA,NA,NA
"c2d33ffee8aa3b147943f31a09b2b3c7","Unassigned",NA,NA,NA,NA,NA,NA
"9c6752c34380251e5c78e7ca5d9074e5","d__Eukaryota",NA,NA,NA,NA,NA,NA
"d79dee93cea6bf6b8b9fcb9ce37c3d3d","d__Eukaryota",NA,NA,NA,NA,NA,NA
"64dca3421f08187ec7e2aff75edf0478","d__Eukaryota","Ciliophora","Intramacronucleata","Conthreep","Oligohymenophorea","Peritrichia","Ophrydium_versatile"
"2cd94c1bed9d161bc19105d7946c8fce","d__Eukaryota",NA,NA,NA,NA,NA,NA
"4a75b4da0b908cb24f1b45c1d1026d45","Unassigned",NA,NA,NA,NA,NA,NA
"86144bb85beb6bfbd8985d797b81040d","Unassigned",NA,NA,NA,NA,NA,NA
"5b06af71bf4edc35ba4d3864ec8d860c","d__Eukaryota","Ascomycota","Leotiomycetes",NA,NA,NA,NA
"f6fc7df2d63d90a3ae1467724dcdd759","d__Eukaryota","Diatomea","Bacillariophyceae","Bacillariophyceae","Bacillariophyceae","Gomphonema",NA
"a3fd94cbb8203fee4afefa5ee739e87d","Unassigned",NA,NA,NA,NA,NA,NA
"3e85cf91bbeb2129ea6868b58db5485a","d__Eukaryota","Arthropoda","Insecta","Trichoptera","Trichoptera","Trichoptera","Rhyacophila_fasciata"
"c057c1a1b4ed9fc4eb3deae6842ed3d2","d__Eukaryota",NA,NA,NA,NA,NA,NA
"fcdc5f48c2eff691d2bf215e7ac9d051","d__Eukaryota",NA,NA,NA,NA,NA,NA
"a1ee01ad91d78d9929c0c4a209bca1d2","Unassigned",NA,NA,NA,NA,NA,NA
"aa73ba5b730a2ad5079f806c839b505c","Unassigned",NA,NA,NA,NA,NA,NA
"472370285b06d568b339175e1c8c3acd","Unassigned",NA,NA,NA,NA,NA,NA
"452b9b05361513abf691a1f8ed93599d","d__Eukaryota","Platyhelminthes","Rhabditophora","Tricladida","Continenticola","Continenticola","Polycelis_nigra"
"b5c8a7462847482379c89611ce225104","d__Eukaryota",NA,NA,NA,NA,NA,NA
"e8a308f90ffe1e40a65facfe0c656eb0","d__Eukaryota",NA,NA,NA,NA,NA,NA
"dce7e4ede4ab9a9b4102b9c7e0b9bf99","d__Eukaryota","Arthropoda","Insecta","Ephemeroptera","Ephemeroptera","Ephemeroptera",NA
"1e02b1da8a8af16d94c9f213c08e3cab","Unassigned",NA,NA,NA,NA,NA,NA
"8d3ba3d8b0eec842ce3aaac960e13de4","d__Eukaryota",NA,NA,NA,NA,NA,NA
"6b5029739d68a041bcd2d35f94f500d2","d__Eukaryota",NA,NA,NA,NA,NA,NA
"e070e51318e9599375057e72ff030a23","Unassigned",NA,NA,NA,NA,NA,NA
"09aa401bfbae26f88d755e0d8605c3dc","d__Eukaryota","Ciliophora","Postciliodesmatophora","Heterotrichea","Heterotrichea","Stentor","Stentor_roeselii"
"92fa7e0eb43b6a17960a7c5151f4118f","d__Eukaryota","Peronosporomycetes","Peronosporomycetes","Peronosporomycetes","Peronosporomycetes","Aphanomyces","Aphanomyces_astaci"
"384864442a14ed4c1e3fc75e184d7877","Unassigned",NA,NA,NA,NA,NA,NA
"934e71381e93f73125150ce6c358f4e1","d__Eukaryota",NA,NA,NA,NA,NA,NA
"ad2f082201391032d5c494127f595153","d__Eukaryota",NA,NA,NA,NA,NA,NA
"b760d33f2b0955f3a781de799ad406c2","Unassigned",NA,NA,NA,NA,NA,NA
"13ae41db474ac9090a11d0137a07b832","d__Eukaryota","Arthropoda","Insecta","Diptera","Diptera","Diptera",NA
"5d706cdf5a8c2fdcac36848591088743","Unassigned",NA,NA,NA,NA,NA,NA
"9605fb679c50facb6355a92ac70399f4","Unassigned",NA,NA,NA,NA,NA,NA
"0efade77dfbe70643cfce61c17029043","Unassigned",NA,NA,NA,NA,NA,NA
"5811768417697b39a01710e90260f5f0","d__Eukaryota","Gastrotricha","Gastrotricha","Chaetonotida","Chaetonotida","Chaetonotida","uncultured_eukaryote"
"01ef45c729f7fe0d2637029508dcd91f","d__Eukaryota","Amoebozoa","Tubulinea","Tubulinea","Tubulinea","Tubulinea","Tubulinea_group"
"c40551325cac593cbccd8d3043aa499c","d__Eukaryota","Incertae_Sedis","Incertae_Sedis","Incertae_Sedis","Incertae_Sedis","Telonema","uncultured_marine"
"160d3837c5022b0ef40eac155c9d41cc","Unassigned",NA,NA,NA,NA,NA,NA
"87609bf606601e12c1658a25709fd149","Unassigned",NA,NA,NA,NA,NA,NA
"24a86ffe247a943e12d1cc3bd35401ba","d__Eukaryota","Ciliophora","Intramacronucleata","Conthreep","Oligohymenophorea",NA,NA
"04b014f43ac8302d6af2908da0ea9e2c","d__Bacteria","Verrucomicrobiota","Verrucomicrobiae","Verrucomicrobiales","Verrucomicrobiaceae",NA,NA
"baecafba1bfe0d32c16daafeb807b9d3","d__Eukaryota","Heterolobosea","Tetramitia","Tetramitia","Tetramitia","Allovahlkampfia","Plasmopara_viticola"
"7a495f6025c98703f8e5eb6ad4c36a6b","Unassigned",NA,NA,NA,NA,NA,NA
"bd920cbd998a6de37067e273723837c1","d__Eukaryota","Ciliophora","Postciliodesmatophora","Heterotrichea","Heterotrichea","Stentor","Stentor_roeselii"
"8cf5fa3cf24c6650075f32c722149310","d__Eukaryota","Arthropoda","Insecta","Plecoptera","Plecoptera","Plecoptera","Amphinemura_nigritta"
"baf87f07e9fbc05ad22e5fd86e9c2cca","Unassigned",NA,NA,NA,NA,NA,NA
"5792500d3132b536fbaef038c9ec1584","Unassigned",NA,NA,NA,NA,NA,NA
"031dc966ce4e464a45ae72bf03db91ff","d__Eukaryota","Basidiomycota","Microbotryomycetes","Sporidiobolales","Sporidiobolaceae","Rhodotorula",NA
"e9b4979a4bd25b271e9026334b265db2","d__Eukaryota",NA,NA,NA,NA,NA,NA
"c157dfb81085ea08b344e8afbdf011c7","Unassigned",NA,NA,NA,NA,NA,NA
"56789a48f327bca8c5471df520afd6e7","Unassigned",NA,NA,NA,NA,NA,NA
"f7c5978a59f0724968ab99f15fcd276b","d__Eukaryota",NA,NA,NA,NA,NA,NA
"08a3c04d7756b56cd9fec8ad65aecf68","Unassigned",NA,NA,NA,NA,NA,NA
"c634202e73840f66f8d8c658643d0bd8","Unassigned",NA,NA,NA,NA,NA,NA
"4ecb97dcdc5806848110822eb6d509ae","Unassigned",NA,NA,NA,NA,NA,NA
"4b395c677a9c626ede391d224e2b727f","d__Eukaryota","Arthropoda","Insecta","Diptera","Diptera","Diptera","Belgica_antarctica"
"bf6ff5a538285cb2be7011bc9e85e2a2","Unassigned",NA,NA,NA,NA,NA,NA
"00db19ce3d7e45b78b3b47dd8281e071","d__Eukaryota",NA,NA,NA,NA,NA,NA
"3cf471cc88345605c70573ad740a3333","Unassigned",NA,NA,NA,NA,NA,NA
"3906e1cfbd1f28fd9f37d17651154442","Unassigned",NA,NA,NA,NA,NA,NA
"efc40eb8708b34832ee4c697cb564cb6","Unassigned",NA,NA,NA,NA,NA,NA
"69f6359e92892db48cb33a8c3a5c3649","d__Eukaryota","Arthropoda","Insecta","Ephemeroptera","Ephemeroptera","Ephemeroptera","Eurylophella_sp."
"6b05e15d2171b3dccf701866e7ba801d","Unassigned",NA,NA,NA,NA,NA,NA
"180a956d9e946fade18312589be716e4","d__Bacteria","Proteobacteria","Alphaproteobacteria",NA,NA,NA,NA
"966a0c7e4f27b7bc91b476b3c105a8a2","d__Eukaryota","Vertebrata","Mammalia","Mammalia","Mammalia","Mammalia",NA
"4e112c25105dc1b81803b08ad3bd9f4f","Unassigned",NA,NA,NA,NA,NA,NA
"0bf62ed7d8432f8a33bd65854289e7d0","d__Eukaryota",NA,NA,NA,NA,NA,NA
"0577fc271ec60cc70ab3dc13dd0a0c99","Unassigned",NA,NA,NA,NA,NA,NA
"6b7a4e58c86d8071f30512b1429a1ff5","Unassigned",NA,NA,NA,NA,NA,NA
"e6f53459a765bf35faa018231d64ca82","d__Eukaryota","Ciliophora","Intramacronucleata","Conthreep","Oligohymenophorea","Peritrichia","Ophrydium_versatile"
"82e67b4f021a87e09a264edd9f021777","Unassigned",NA,NA,NA,NA,NA,NA
"060954900573c5dac005e824ad9897f7","d__Eukaryota",NA,NA,NA,NA,NA,NA
"354e9877bcb2d7fccf3057368f8d59ea","d__Eukaryota",NA,NA,NA,NA,NA,NA
"cf65ecdb9f4ec11837a0cccee379ec73","Unassigned",NA,NA,NA,NA,NA,NA
"2e45f6580406b973056cbe38a7b81b25","d__Eukaryota",NA,NA,NA,NA,NA,NA
"70c64faa8a5040f60b7ccd84b54db08b","d__Eukaryota",NA,NA,NA,NA,NA,NA
"43ff2483badfb3fb1fb8bb737b0e9231","Unassigned",NA,NA,NA,NA,NA,NA
"2b0a81c6b5fbcda65546d744cc2d82c5","Unassigned",NA,NA,NA,NA,NA,NA
"c2f60e34fd356ff5da580fa50b17c28f","d__Eukaryota",NA,NA,NA,NA,NA,NA
"4e149f69db91aca3410a259173f5d077","Unassigned",NA,NA,NA,NA,NA,NA
"ca94c26751be6856f75241bd3f67ed20","Unassigned",NA,NA,NA,NA,NA,NA
"a7c7b9042ec568e3c75283a444d9dd03","d__Eukaryota","Chlorophyta","Chlorophyceae","Chlorophyceae","Chlorophyceae","Chlorophyceae","uncultured_Chlamydomonadales"
"fe7802d131a138ea3ed63651fd33c1bc","Unassigned",NA,NA,NA,NA,NA,NA
"706f6d7ac20bfe233d01f52342771f19","d__Eukaryota","Apicomplexa","Conoidasida","Gregarinasina","Eugregarinorida","Eugregarinorida","Syncystis_mirabilis"
"596d6e7a9b82f49e4298ee142d3c8c1c","Unassigned",NA,NA,NA,NA,NA,NA
"f04066244831dae4239b8e0be70a10e0","Unassigned",NA,NA,NA,NA,NA,NA
"d5ce748cec8f19f41ed1d90069c3b5f3","d__Eukaryota",NA,NA,NA,NA,NA,NA
"eccd53af79a9c60ff555a13afba8f65a","d__Eukaryota",NA,NA,NA,NA,NA,NA
"076dad63d9e1756e3b607654d710e530","Unassigned",NA,NA,NA,NA,NA,NA
"c44afd86b528223d000c54dfcaf444ed","d__Bacteria","Desulfobacterota","Desulfuromonadia","Geobacterales","Geobacteraceae",NA,NA
"f6d7fccccc93693070eff865a0a46267","Unassigned",NA,NA,NA,NA,NA,NA
"ebeb28bd982f8a3e5009558c5617fd3a","Unassigned",NA,NA,NA,NA,NA,NA
"472f2c1107faf648d45880eb6d0280aa","d__Eukaryota","Arthropoda","Insecta","Diptera","Diptera","Diptera","Belgica_antarctica"
"08e1bafe4d041e2f7a485fe9fd45e30a","d__Eukaryota","Arthropoda","Insecta","Trichoptera","Trichoptera","Trichoptera",NA
"13c3cbd1b85c3400f6205cd09ed56f19","d__Eukaryota","Cercozoa","Imbricatea","Imbricatea","Euglyphida","Paulinella","Paulinella_chromatophora"
"1d7dbf7526297b8f47969dbdd1f6e8fa","d__Eukaryota",NA,NA,NA,NA,NA,NA
"9795bb5f5697269fc762ce6b2aa1a277","Unassigned",NA,NA,NA,NA,NA,NA
"43d8c096147cacb990719aa1bf027251","d__Eukaryota","Arthropoda","Insecta","Diptera","Diptera","Diptera","Chironomus_tentans"
"4d8f5f5beeeb57b00855b416f0bec6a0","d__Eukaryota","Chytridiomycota","Chytridiomycetes","Chytridiales",NA,NA,NA
"0023937e777736ea85fa8b3e6ec69506","d__Eukaryota","Chlorophyta","Ulvophyceae","Ulvophyceae","Ulvophyceae","Ulvophyceae",NA
"3435ca9183b318473b64fb01875461df","d__Eukaryota",NA,NA,NA,NA,NA,NA
"efbb99e3a76170c262f63eeb28b996b9","d__Eukaryota",NA,NA,NA,NA,NA,NA
"fa6ed1938378481b4fd1d4a568f77c9f","d__Eukaryota",NA,NA,NA,NA,NA,NA
"f2cceb2a6bb776e036a47a4fd987e32a","d__Eukaryota","Basidiomycota","Microbotryomycetes","Sporidiobolales","Sporidiobolaceae","Rhodotorula",NA
"2e9092cfb89d2d07fc374a340b1efd91","Unassigned",NA,NA,NA,NA,NA,NA
"d957889af8b5fb541500052e672b0a60","d__Eukaryota",NA,NA,NA,NA,NA,NA
"88be768e49b413b7ddf4bd2783762cbb","Unassigned",NA,NA,NA,NA,NA,NA
"8ef8c7db3fb1b46ab267612a7494a299","d__Eukaryota",NA,NA,NA,NA,NA,NA
"940af6213605e2d58d13234f7f348c94","d__Eukaryota",NA,NA,NA,NA,NA,NA
"c9d1dcba936989df2b8ce9cf68e2e68e","d__Eukaryota",NA,NA,NA,NA,NA,NA
"a8d4923b37e5c0b188afd8020aa1a99a","d__Bacteria","Proteobacteria","Alphaproteobacteria","Rhizobiales",NA,NA,NA
"d74de3443a0bcad13978b47d7ac89220","d__Eukaryota","Ciliophora","Intramacronucleata","Conthreep","Oligohymenophorea","Tetrahymena",NA
"ff241c816161a8ab83acbab4c20c0135","Unassigned",NA,NA,NA,NA,NA,NA
"f09e6b35c2e43076ffc8f151ce4b5eea","d__Eukaryota",NA,NA,NA,NA,NA,NA
"8d44c4b8b74c0e255cc64e0e28b5a97d","Unassigned",NA,NA,NA,NA,NA,NA
"2b165dd8bb966fa8558953effcb01b6b","Unassigned",NA,NA,NA,NA,NA,NA
"22a99185ab88e1bed4d69366502e5cc2","d__Eukaryota","Basidiomycota","Pucciniomycetes","Pucciniales","Pucciniaceae","Puccinia",NA
"2f5f9c3c3ec1e9d6b57dee70a086e5f2","Unassigned",NA,NA,NA,NA,NA,NA
"cec9c1f789b973800068b2eaa1f398dd","d__Bacteria",NA,NA,NA,NA,NA,NA
"a9e6b12f09f0465891d56bf81635179f","d__Eukaryota",NA,NA,NA,NA,NA,NA
"a02180042caaaf0803967569a1fd91a2","Unassigned",NA,NA,NA,NA,NA,NA
"1e02dc6cf1160ff08216a7a87409677e","Unassigned",NA,NA,NA,NA,NA,NA
"4b9028b94d9a0a12b66574c29be76536","d__Eukaryota",NA,NA,NA,NA,NA,NA
"772c44e9dc0d453eb0c52315e2c803bd","Unassigned",NA,NA,NA,NA,NA,NA
"78daf80fafaebec3473b3b5004004621","d__Eukaryota","Amoebozoa","Tubulinea","Tubulinea","Tubulinea","Tubulinea","Tubulinea_group"
"ac19ddc7a4459e89757e9e639fedc66f","Unassigned",NA,NA,NA,NA,NA,NA
"e8927f8a974e8eb3e4bf28704eb68e07","Unassigned",NA,NA,NA,NA,NA,NA
"95eb89bfb0d95be7673be69f3b27c7da","Unassigned",NA,NA,NA,NA,NA,NA
"9037a2ac96bd836fc0fdc1d48e8b2fae","Unassigned",NA,NA,NA,NA,NA,NA
"8872c039f44f507d40ae3f4b3fbd5a8f","Unassigned",NA,NA,NA,NA,NA,NA
"1d761b53bddf7bfd76b00d763a4a53e3","d__Eukaryota","Arthropoda","Insecta","Diptera","Diptera","Diptera","Belgica_antarctica"
"2808e4a9012ec17cdf97c72b5f8197f3","Unassigned",NA,NA,NA,NA,NA,NA
"cf33484cf2a26383e42121c2db09381a","Unassigned",NA,NA,NA,NA,NA,NA
"1c0ff39b121b1ac9514d277759b9c744","d__Eukaryota","Apicomplexa","Conoidasida","Gregarinasina","Eugregarinorida","Gregarina","Enterocystis_dorypterygis"
"f5cce4ad07527b3d4789f82a8ae823f5","d__Eukaryota",NA,NA,NA,NA,NA,NA
"8d1537856983b7416c15dc724ed61701","d__Eukaryota",NA,NA,NA,NA,NA,NA
"b77b939ec67478aa5d4bdc62541a19c7","d__Eukaryota","Ochrophyta","Chrysophyceae","Chrysophyceae","Chrysophyceae","Chrysophyceae","Hydrurus_foetidus"
"a74c27dd1357e9c25a77af4d1e42ee08","d__Eukaryota","Annelida","Clitellata","Haplotaxida","Haplotaxida","Haplotaxida","Stylaria_sp."
"bb3614c9390cec9ffd18eb36b7160ab6","d__Bacteria","Proteobacteria","Alphaproteobacteria","Rickettsiales","Mitochondria","Mitochondria","Pythium_ultimum"
"2d24e6b4eb25b7247653eb5ce8580378","d__Eukaryota","Peronosporomycetes","Peronosporomycetes","Peronosporomycetes","Peronosporomycetes","Aphanomyces","Aphanomyces_astaci"
"a4197ef110df5412ec4e1f21b4a7a9c1","d__Eukaryota",NA,NA,NA,NA,NA,NA
"360f9bb72752793fe96ea74e381fb2fc","Unassigned",NA,NA,NA,NA,NA,NA
"9503ddba0ec1a99f33ea9e61cfcb19d7","Unassigned",NA,NA,NA,NA,NA,NA
"3067c832c4a131a403d81b2bef057574","d__Eukaryota",NA,NA,NA,NA,NA,NA
"8d69210705503a48ff4d28401cde1062","Unassigned",NA,NA,NA,NA,NA,NA
"8f0d06d450a622fc96a8a4cc79f5a60f","d__Eukaryota",NA,NA,NA,NA,NA,NA
"8a66f885833560cc8af22d9f023697e8","Unassigned",NA,NA,NA,NA,NA,NA
"e4eb7cc1ff5e0eb44ff8fa83a1189ade","d__Eukaryota","Ochrophyta","Chrysophyceae","Chrysophyceae","Chrysophyceae","Chrysophyceae",NA
"c8c23414b4d20cbaf2688a8335c19781","Unassigned",NA,NA,NA,NA,NA,NA
"dfc7f842f02faaa880e6459f0ee2214f","Unassigned",NA,NA,NA,NA,NA,NA
"174109363ff04cae09f002741c973a31","Unassigned",NA,NA,NA,NA,NA,NA
"06b97ef95492203529639a0f798867ad","Unassigned",NA,NA,NA,NA,NA,NA
"3f706025a9aae09ffbf7d98a2df658d5","Unassigned",NA,NA,NA,NA,NA,NA
"6f9b8335d91a9042b8dd856607e06450","Unassigned",NA,NA,NA,NA,NA,NA
"8d6dc1a7965fa59c2271eea62e15e2d6","d__Eukaryota","Euglenozoa","Kinetoplastea","Trypanosomatida","Trypanosomatida",NA,NA
"2cf1e3ce5c678a5243d2091ad8a7dd5f","d__Eukaryota",NA,NA,NA,NA,NA,NA
"b435345fbf23b76a26f9f1e00becc0bf","Unassigned",NA,NA,NA,NA,NA,NA
"7ac18017f314e92acc6b844787194725","Unassigned",NA,NA,NA,NA,NA,NA
"16d92ce52b5e81cde85f7826b28c02c5","Unassigned",NA,NA,NA,NA,NA,NA
"a843279f43a0de60d6cd57e45252a16e","Unassigned",NA,NA,NA,NA,NA,NA
"409883ed70383a3f8de8c2acab17384f","d__Eukaryota","Ciliophora","Intramacronucleata","Conthreep","Oligohymenophorea","Peritrichia","Ophrydium_versatile"
"590018fec3d6fda7449afe9f6224e60c","d__Eukaryota",NA,NA,NA,NA,NA,NA
"e0837bb15b1af2255f319fdd762bd718","Unassigned",NA,NA,NA,NA,NA,NA
"96f5bae0d0c3a1f0e65516337eba8310","Unassigned",NA,NA,NA,NA,NA,NA
"013386d0e032180a41b547ee72724405","d__Eukaryota","Arthropoda","Insecta","Diptera","Diptera","Diptera","Ablabesmyia_rhamphe"
"b4cfe83e3ede90434ebd9807ee8ef2a9","d__Eukaryota","Ciliophora","Intramacronucleata","Conthreep","Phyllopharyngea","Tokophrya","Tokophrya_huangmeiensis"
"3b9b2ae6d3fe0e03299c5b12ac0c1422","Unassigned",NA,NA,NA,NA,NA,NA
"9e68ba042ef4e1b6ff8d8b703365e39b","d__Bacteria","Proteobacteria","Gammaproteobacteria","Burkholderiales",NA,NA,NA
"0efb8610996ef742984882551ebfdef6","d__Eukaryota","Annelida","Clitellata","Haplotaxida","Haplotaxida","Haplotaxida","Stylaria_sp."
"e8f242a3612f54a97f2eec37e2c7fa9a","d__Bacteria",NA,NA,NA,NA,NA,NA
"71bef555ab9fad770ba8f3eda93d5c64","d__Eukaryota","Amoebozoa","Tubulinea","Euamoebida","Euamoebida","Euamoebida","Hartmannella_cantabrigiensis"
"d04b0e06deef7a24f57829764a9c04d0","Unassigned",NA,NA,NA,NA,NA,NA
"0781da8ef63efe6483ca06a9670cbd35","d__Bacteria","Proteobacteria","Alphaproteobacteria","Rickettsiales","Mitochondria","Mitochondria",NA
"f55ef2ecba407e701b7ba0e6a0f7197e","d__Eukaryota",NA,NA,NA,NA,NA,NA
"661710f3692040ac06772efd6137c00d","d__Eukaryota","Ochrophyta","Dictyochophyceae","Pedinellales","Pedinellales",NA,NA
"9967b9f71f32ce3e9e545d81b0e3c1c6","Unassigned",NA,NA,NA,NA,NA,NA
"1e3af6dc4cb3556e3bcde05937e278bc","d__Eukaryota","Ciliophora","Intramacronucleata","Spirotrichea","Euplotia","Euplotes",NA
"39bb83b5c7980dd2e9703d80df8ac08e","d__Eukaryota",NA,NA,NA,NA,NA,NA
"3653b5427979617379153bcd335e0894","d__Eukaryota","Arthropoda","Insecta","Diptera","Diptera","Diptera","Chironomus_tentans"
"cf0d1a4fc3b0ff8a7c63dae090fcc610","d__Eukaryota",NA,NA,NA,NA,NA,NA
"8f8558b4641ffb9c84e06361031e038c","Unassigned",NA,NA,NA,NA,NA,NA
"59169b27acdc6ae6d2cde4befa033366","d__Eukaryota","Peronosporomycetes","Peronosporomycetes","Peronosporomycetes","Peronosporomycetes","Aphanomyces","Aphanomyces_astaci"
"fee4600bb8e7b6e6129ae4fc3c8b5ae2","Unassigned",NA,NA,NA,NA,NA,NA
"740dddd74a5d0a399d97e492e741b409","Unassigned",NA,NA,NA,NA,NA,NA
"eca68f9f3687827cc04a3590938a66a5","Unassigned",NA,NA,NA,NA,NA,NA
"54d02503168d31fe1d1cf2d6432cf3ef","d__Eukaryota",NA,NA,NA,NA,NA,NA
"a015583c38ed013a0a2e2925504b2024","d__Eukaryota",NA,NA,NA,NA,NA,NA
"b4e1e14594b2859ab87273de7d04b856","Unassigned",NA,NA,NA,NA,NA,NA
"0cdc81fa9b0ecce584813994f66728e0","Unassigned",NA,NA,NA,NA,NA,NA
"a63b81882530f01680eef6ca792f8081","d__Eukaryota","Ciliophora","Intramacronucleata","Conthreep","Phyllopharyngea","Tokophrya",NA
"472c41dcfcfbccfae38f4b328af15f73","d__Eukaryota",NA,NA,NA,NA,NA,NA
"0466fc75ccaf3ac19cfa37b5c162a41b","Unassigned",NA,NA,NA,NA,NA,NA
"8ebd4fea5f76641aaa7d32a7f244c847","Unassigned",NA,NA,NA,NA,NA,NA
"80361a2e1494125a93986813e47e2d85","d__Eukaryota",NA,NA,NA,NA,NA,NA
"35bfa62342962ee3abf3d33c6bad5e84","Unassigned",NA,NA,NA,NA,NA,NA
"774e2bac9f9cb03044969023c5bba511","d__Eukaryota",NA,NA,NA,NA,NA,NA
"7d67bcc520e7cbda16d43564266b4f61","Unassigned",NA,NA,NA,NA,NA,NA
"4963c5363c84435f8ffa16b87b9636c5","Unassigned",NA,NA,NA,NA,NA,NA
"b8a1d0f061de4c8fc73e7a17e8c33303","d__Bacteria",NA,NA,NA,NA,NA,NA
"22943a0935d343c25221a7b4f17cf8de","d__Eukaryota","Arthropoda","Insecta","Diptera","Diptera","Diptera","Belgica_antarctica"
"31448b6f2f280f38744c339c5286157e","d__Eukaryota","Arthropoda","Insecta","Ephemeroptera","Ephemeroptera","Ephemeroptera",NA
"8066b988133535a2cfa22e71cdd6d151","Unassigned",NA,NA,NA,NA,NA,NA
"3c3f3afc2473d01abd41e42558efdcd1","Unassigned",NA,NA,NA,NA,NA,NA
"7f1afa33c56071bf59de236b4754bd4e","d__Bacteria","Proteobacteria","Alphaproteobacteria","Rickettsiales","Mitochondria","Mitochondria","Phytophthora_phaseoli"
"92de7b413dc135e2b327b9cfbed729c5","d__Eukaryota","Basidiomycota","Microbotryomycetes","Sporidiobolales","Sporidiobolaceae","Rhodotorula",NA
"d0cc561e4de3f880b8f48391f78cf110","Unassigned",NA,NA,NA,NA,NA,NA
"ebf66e9e2f7888852d75ceb0bb3c46e6","d__Eukaryota","Amoebozoa","Tubulinea","Tubulinea","Tubulinea","Tubulinea","Tubulinea_group"
"03beead449f7c3753c7089e182ee8367","d__Eukaryota",NA,NA,NA,NA,NA,NA
"fc59e375eef79a4d8e9b4efceb82e226","d__Eukaryota","Arthropoda","Insecta","Trichoptera","Trichoptera","Trichoptera","Rhyacophila_fasciata"
"3bdb47fb3648f2034462bcd8993b3d64","Unassigned",NA,NA,NA,NA,NA,NA
"5bc55d97ff422103d465d387378933e7","Unassigned",NA,NA,NA,NA,NA,NA
"2dfc7c750eada6f6464893bbd07691fe","Unassigned",NA,NA,NA,NA,NA,NA
"18e34a385a0efad16cbcbd19e0a0158b","Unassigned",NA,NA,NA,NA,NA,NA
"3483b8566dc1a3abcfc1b20dbcf53f18","Unassigned",NA,NA,NA,NA,NA,NA
"e007252b556ca3393762b0becfb2de6d","d__Eukaryota","Rotifera","Monogononta","Ploimida","Ploimida","Ploimida","Synchaeta_tremula"
"917f7412d79cb973d76ae28ea1c9b30e","d__Eukaryota","Ciliophora","Intramacronucleata","Conthreep",NA,NA,NA
"aa7580729d81b74a0b37ddc6a92dbfa8","Unassigned",NA,NA,NA,NA,NA,NA
"03f506f986c16ea9002352512415adc8","d__Eukaryota","Ciliophora","Postciliodesmatophora","Heterotrichea","Heterotrichea","Stentor","Stentor_roeselii"
"9981b9d22659be1e89669edabdb4c91e","d__Eukaryota",NA,NA,NA,NA,NA,NA
"31c23a65cc59da140d6c8a5fa1608cc2","Unassigned",NA,NA,NA,NA,NA,NA
"d2d1d2ec187249d5bb6b593b1186429c","d__Eukaryota","Ciliophora","Intramacronucleata","Conthreep","Oligohymenophorea","Peritrichia","Ophrydium_versatile"
"1608e9ac659cf53318e44ef2449725d4","Unassigned",NA,NA,NA,NA,NA,NA
"99988fd0976fa46c3241ba802797b799","Unassigned",NA,NA,NA,NA,NA,NA
"34dd2b5a0906bab5b6875cb9d2260722","Unassigned",NA,NA,NA,NA,NA,NA
"7e781dc5df0a7726b35c20bf0f095271","Unassigned",NA,NA,NA,NA,NA,NA
"f41c613a3d1720410f28c9ea13ec5513","Unassigned",NA,NA,NA,NA,NA,NA
"485e6870e088984e16bd1a4659958e20","d__Eukaryota","Arthropoda","Insecta","Diptera","Diptera","Diptera","Belgica_antarctica"
"7a5a11004d71a578889a9ed9172d427b","d__Bacteria",NA,NA,NA,NA,NA,NA
"dca89ff6d2cfac36e33326b2ec6b9c72","d__Eukaryota",NA,NA,NA,NA,NA,NA
"0e9649fd040a5018dc9763e7c13e9dcc","d__Eukaryota",NA,NA,NA,NA,NA,NA
"9f985dd8010d4e7dc9ca6d69b9540921","d__Eukaryota","Arthropoda","Insecta","Diptera","Diptera","Diptera","Chironomus_tentans"
"3584ab0c95de18ce9f37308af0880307","Unassigned",NA,NA,NA,NA,NA,NA
"ad0e4a40cf403cc73774b20b775c3e20","d__Eukaryota","Amoebozoa","Tubulinea","Euamoebida","Euamoebida",NA,NA
"103c2dd84727ee27714422416b075605","d__Eukaryota","Amoebozoa","Tubulinea","Tubulinea","Tubulinea","Tubulinea","Tubulinea_group"
"b662f23e37fcf35875cf613cdc260007","d__Eukaryota","Ciliophora","Postciliodesmatophora","Heterotrichea","Heterotrichea","Stentor","Stentor_roeselii"
"70c91b19fd440005b1b32ac541bd9668","d__Eukaryota",NA,NA,NA,NA,NA,NA
"6342df3a32681a62f9b378f2a282cb47","d__Eukaryota","Amoebozoa","Tubulinea","Echinamoebida","Echinamoebida","Echinamoebida","uncultured_eukaryote"
"a09a5a5440735c3dfa1190ca8e7f1328","d__Eukaryota",NA,NA,NA,NA,NA,NA
"3a8c6beef16249a79001e132bddeaa97","d__Eukaryota",NA,NA,NA,NA,NA,NA
"38ba6db7e3d38e46c62d7efe24fd1372","Unassigned",NA,NA,NA,NA,NA,NA
"f7d5b74f1b737bfdc2b146097020c562","d__Eukaryota",NA,NA,NA,NA,NA,NA
"016afe264ec69fa5b91f6a26bad97e04","Unassigned",NA,NA,NA,NA,NA,NA
"3624d4bbfbcab1186eed5113c95f5741","Unassigned",NA,NA,NA,NA,NA,NA
"eb9dd18fecbb162dc48d57a8a73470ff","Unassigned",NA,NA,NA,NA,NA,NA
"5947e62998674fcffba827cd36391e75","Unassigned",NA,NA,NA,NA,NA,NA
"84ffa78bb9f5b564aaa3180ce1d71973","d__Eukaryota","Ciliophora","Intramacronucleata","Conthreep",NA,NA,NA
"4065e8e88fecd06864d698b2c51a6dd2","Unassigned",NA,NA,NA,NA,NA,NA
"4e01a4708e49cdddf91c49c336a4c295","d__Eukaryota",NA,NA,NA,NA,NA,NA
"cfb8e2bd237894376ffa18a6f0394a78","d__Eukaryota",NA,NA,NA,NA,NA,NA
"608cde3762d96129628898238103ed0f","Unassigned",NA,NA,NA,NA,NA,NA
"91c4c1d18c60352bc9daebc68fab5464","d__Eukaryota",NA,NA,NA,NA,NA,NA
"85d0cfbce3c530248541a8214e13aafd","Unassigned",NA,NA,NA,NA,NA,NA
"53b2eaaa168eb6ed9a98c0e849fbe548","Unassigned",NA,NA,NA,NA,NA,NA
"c0530bacd34978e4b98030b438678374","Unassigned",NA,NA,NA,NA,NA,NA
"576f15d3b738bb2c155f56cd25bc1ac0","d__Eukaryota","Arthropoda","Insecta","Diptera","Diptera","Diptera","Belgica_antarctica"
"79eebbf784514fc535ab8ccaf793a79c","d__Eukaryota","Arthropoda","Insecta","Diptera","Diptera","Diptera","Belgica_antarctica"
"3aff2f6291408f252eeff1e911f57916","d__Eukaryota","Arthropoda","Insecta","Diptera","Diptera","Diptera","Belgica_antarctica"
"defee5080fd93d02a595dd8cf81c6a39","Unassigned",NA,NA,NA,NA,NA,NA
"ea3e303fe11ff5bbd9703145a514e4de","Unassigned",NA,NA,NA,NA,NA,NA
"666788078d29264481411dc24ef7f174","d__Eukaryota",NA,NA,NA,NA,NA,NA
"ae728ce2d35efcbe34e1c85d0221c631","d__Eukaryota","Nematozoa","Chromadorea","Monhysterida","Monhysterida","Monhysterida","Tridentulus_sp."
"d3823860dee5e5dc16740e84fdd45b87","d__Eukaryota",NA,NA,NA,NA,NA,NA
"684f9330dd00988d7792b50e73b7652c","d__Eukaryota",NA,NA,NA,NA,NA,NA
"c2745a4d6da2b7e0bae2105be47c7dbb","d__Eukaryota",NA,NA,NA,NA,NA,NA
"ecf5c3ad88dfffd6f8cd2dc0f1e03ea4","d__Eukaryota",NA,NA,NA,NA,NA,NA
"2445de48fa8a7dcedc0b3114b45a3c32","d__Eukaryota","Ascomycota","Leotiomycetes",NA,NA,NA,NA
"41c3ea63713c9fbe8d75d9beb62f59a9","d__Eukaryota",NA,NA,NA,NA,NA,NA
"97d5b5f7a759595a3c1b6174081fdf68","d__Eukaryota","Arthropoda","Insecta","Trichoptera","Trichoptera","Trichoptera","Rhyacophila_fasciata"
"17f8c797f115cb1b328ed2025a758421","d__Eukaryota","Amoebozoa","Tubulinea","Tubulinea","Tubulinea","Tubulinea","Tubulinea_group"
"5a8e42196b1d62adab71e2170337cb49","Unassigned",NA,NA,NA,NA,NA,NA
"e9aa3f8350828071e0bb4a410b6dc8a1","d__Eukaryota",NA,NA,NA,NA,NA,NA
"74a02baf82825bf6bda566e99a4350a5","d__Eukaryota",NA,NA,NA,NA,NA,NA
"b389cda66a54f8b58920ba740062a1b9","d__Eukaryota",NA,NA,NA,NA,NA,NA
"bddafc841230e16a92434dc507e20eb5","Unassigned",NA,NA,NA,NA,NA,NA
"152216967114f7d01656d5be93f79c19","d__Eukaryota",NA,NA,NA,NA,NA,NA
"2fb71cbd66f3fcf87d0e17e2ba519510","d__Eukaryota",NA,NA,NA,NA,NA,NA
"aedb897d50fc039e926ecd055c1b3aac","Unassigned",NA,NA,NA,NA,NA,NA
"2cfa14d4224ad31bb6eb2b53ed347b76","Unassigned",NA,NA,NA,NA,NA,NA
"27f97319f23d40108f06051656152a48","Unassigned",NA,NA,NA,NA,NA,NA
"17fad5dfa8eb3a6cad2805e633223e4a","Unassigned",NA,NA,NA,NA,NA,NA
"e67e0962dd7fea4dcb9c8455d4a62f11","Unassigned",NA,NA,NA,NA,NA,NA
"110709ff8e37576a4b82b07d830b6527","Unassigned",NA,NA,NA,NA,NA,NA
"0b8afb0178944a67924931a86fee6570","Unassigned",NA,NA,NA,NA,NA,NA
"5998445aa4c3e0810f192600ba5a086b","Unassigned",NA,NA,NA,NA,NA,NA
"126956bde04aee985dae2beb68795312","Unassigned",NA,NA,NA,NA,NA,NA
"7917c97ab56f18cd02411b61e336b8da","d__Eukaryota","Ciliophora","Intramacronucleata","Conthreep","Oligohymenophorea",NA,NA
"2b6c91dfeeb4709faea151e2959e89cf","d__Eukaryota","Ascomycota",NA,NA,NA,NA,NA
"c613edbe13bdfc5b67454e29fe656fbb","d__Eukaryota","Cercozoa","Cercomonadidae","Cercomonadidae","Cercomonadidae","Cercomonas","Cercomonas_pellucida"
"26eb21da15c15ad9b1cd3752d0268129","Unassigned",NA,NA,NA,NA,NA,NA
"db3a5a963d401a1a95b51d76dc71cc2e","Unassigned",NA,NA,NA,NA,NA,NA
"633100a33b566e81192eb4e86fd39131","Unassigned",NA,NA,NA,NA,NA,NA
"5bca9ac562f73ba7046f0e5cf8a6b2da","d__Eukaryota",NA,NA,NA,NA,NA,NA
"c991d7e419377c573ae6b40f9d256e3d","d__Eukaryota",NA,NA,NA,NA,NA,NA
"f26f01abe9cdb0366f8600b8dd6c4432","d__Eukaryota","Amoebozoa","Tubulinea","Echinamoebida","Echinamoebida","Vermamoeba",NA
"828f74262c3d53581e2a4d7af88cce2c","Unassigned",NA,NA,NA,NA,NA,NA
"6c05f5c0416ea249b5b9a6f5e7f56e98","d__Eukaryota",NA,NA,NA,NA,NA,NA
"f042230a8d9e9f3b388f8051847a7bbe","d__Eukaryota",NA,NA,NA,NA,NA,NA
"b7f2b66c17bf38212e561d11673f367b","Unassigned",NA,NA,NA,NA,NA,NA
"e5e01f75fce5f9e1645f9178d48249e5","Unassigned",NA,NA,NA,NA,NA,NA
"b058dd97026d868d7a8cf906a8c564c6","d__Eukaryota","Amoebozoa","Tubulinea","Euamoebida","Euamoebida",NA,NA
"b0b39d14c040c95661e73e5793318ad5","Unassigned",NA,NA,NA,NA,NA,NA
"5916abc0b0d46a3aa42b81420dc272a8","Unassigned",NA,NA,NA,NA,NA,NA
"695deff99f0ec6987d7a61294a985753","Unassigned",NA,NA,NA,NA,NA,NA
"6a6270c0a9c24f304be30e1bda387f83","d__Eukaryota",NA,NA,NA,NA,NA,NA
"0ca51fa32a9bdff8ab326ec70f979481","Unassigned",NA,NA,NA,NA,NA,NA
"33405f6bb5b962302e8e0139bcdfcf72","Unassigned",NA,NA,NA,NA,NA,NA
"bd74ef6a67568b8d29b3de5c5ddf9d28","Unassigned",NA,NA,NA,NA,NA,NA
"44a288659bf43febb9bb276cac5f6751","Unassigned",NA,NA,NA,NA,NA,NA
"3d2136bc58f1521579d4821bc026160e","Unassigned",NA,NA,NA,NA,NA,NA
"ddec202eb02f051845b5419569236314","d__Eukaryota",NA,NA,NA,NA,NA,NA
"1c6ddeebc1a0ed5cfe97c816d01f1c8a","d__Bacteria","Proteobacteria","Alphaproteobacteria","Rickettsiales","Mitochondria","Mitochondria",NA
"10bac105e34ac416a0c73e40cf76d429","Unassigned",NA,NA,NA,NA,NA,NA
"fea54c9fe9adb136c11d6035036f74d4","Unassigned",NA,NA,NA,NA,NA,NA
"414e3af4e16e5cbecdf77c350b8fdfe3","d__Bacteria","Proteobacteria","Alphaproteobacteria","Rickettsiales","Mitochondria","Mitochondria",NA
"593d66516862636ba4c3e730d136253e","d__Eukaryota",NA,NA,NA,NA,NA,NA
"c362bc5de6e48aa2f3006d9a9c5e27ed","d__Eukaryota",NA,NA,NA,NA,NA,NA
"af8334af03dfec73a2569baffc0a50ff","Unassigned",NA,NA,NA,NA,NA,NA
"598d2e7cf67c8f05252c38b669c78836","d__Eukaryota","Arthropoda","Insecta","Diptera","Diptera","Diptera","Chironomus_tentans"
"474ac28643ea50b7ddb745ec9311f156","d__Eukaryota","Amoebozoa","Discosea","Dactylopodida","Dactylopodida","Dactylopodida","Tubulinea_group"
"10a458133c0e9135f671db60aeed574e","Unassigned",NA,NA,NA,NA,NA,NA
"c17d3fa6fe48aae793412f987977e4d8","d__Eukaryota",NA,NA,NA,NA,NA,NA
"c7564f8201b12be5fa9dbc1a8411e7b7","d__Eukaryota",NA,NA,NA,NA,NA,NA
"b8ad3a560aedee7118169f93fdd5e311","Unassigned",NA,NA,NA,NA,NA,NA
"b35aba056e315f92eefde7fefb8c7d11","d__Eukaryota","Cercozoa","Cercomonadidae","Cercomonadidae","Cercomonadidae","Paracercomonas","Paracercomonas_saepenatans"
"76a2457cb32a1e75690b2f3390ff0376","d__Eukaryota","Apicomplexa","Conoidasida",NA,NA,NA,NA
"f77d1ec724e08ed5b88ef4fdcc2d5a6d","Unassigned",NA,NA,NA,NA,NA,NA
"f29e48d7d9e21802c0d6293e4f404066","Unassigned",NA,NA,NA,NA,NA,NA
"e01087d1a97dfd27cf7deec764859c37","d__Eukaryota",NA,NA,NA,NA,NA,NA
"ebefbca1b3edf3dfe7381218300e5b58","Unassigned",NA,NA,NA,NA,NA,NA
"b7d0d9c25421e3f762feaf846a13c374","d__Eukaryota",NA,NA,NA,NA,NA,NA
"6e1c30d58a06ae3b250681a789cc64cd","Unassigned",NA,NA,NA,NA,NA,NA
"d4cdbc3b8ce3e6a894117aa9559ad082","Unassigned",NA,NA,NA,NA,NA,NA
"463d676f5b58802b7caef51c6f0a7cf8","d__Eukaryota","Ciliophora","Postciliodesmatophora","Heterotrichea","Heterotrichea","Stentor","Stentor_roeselii"
"289ddb5d763b550a98bff86691f75def","d__Eukaryota","Ciliophora","Postciliodesmatophora","Heterotrichea","Heterotrichea","Stentor","Stentor_roeselii"
"aa6d3b71cdb82696c6ddb4253fede966","d__Bacteria",NA,NA,NA,NA,NA,NA
"41efd30438f5dea5616f1c81d3b5ee8c","Unassigned",NA,NA,NA,NA,NA,NA
"287b9324d139414a73c95f2ed0b14d68","d__Eukaryota",NA,NA,NA,NA,NA,NA
"6114397190011d652a03caa5d13c895b","Unassigned",NA,NA,NA,NA,NA,NA
"4c6f20c809212c1ec3fa7ec9c2217a75","Unassigned",NA,NA,NA,NA,NA,NA
"2765ba06f59f78ee40f5968a66ca14c6","d__Eukaryota",NA,NA,NA,NA,NA,NA
"dcd5c435d4c06daffd825cd3247a12d5","Unassigned",NA,NA,NA,NA,NA,NA
"5cd385698577d5b807553d6dc46fa0b2","d__Eukaryota",NA,NA,NA,NA,NA,NA
"3dbe3687384d1b35fa04b6db95de8299","Unassigned",NA,NA,NA,NA,NA,NA
"4b012f33bf92192f49a4afbf7c33cbde","Unassigned",NA,NA,NA,NA,NA,NA
"0d946adaade1ae9b06cfd96b832d9d64","d__Eukaryota","Ciliophora","Intramacronucleata","Conthreep","Oligohymenophorea",NA,NA
"c2cd28f13e42cb775321b143f05c5536","d__Eukaryota","Ciliophora","Intramacronucleata","Conthreep","Oligohymenophorea",NA,NA
"dcb4665f953e600ce939afb979413922","d__Eukaryota","Ciliophora","Intramacronucleata","Conthreep","Oligohymenophorea",NA,NA
"4092983e0550ffcbfef9e923cfda75f7","d__Eukaryota",NA,NA,NA,NA,NA,NA
"09e6a9452044a3ba8b5467cdcd1ca9c2","Unassigned",NA,NA,NA,NA,NA,NA
"eb798ba0590d7a34f5203dd9fa61f5e9","d__Eukaryota","Amoebozoa","Discosea","Vannellida","Vannellida","Vannella","Vannella_miroides"
"d771bc13224325e430e70dd36d6ab876","d__Eukaryota",NA,NA,NA,NA,NA,NA
"27a104213d912e7a671bfd216e9e5e39","d__Eukaryota","Arthropoda","Insecta","Diptera","Diptera","Diptera",NA
"144c6252e0f5329fcd7d8ab88dbd396e","d__Eukaryota","Arthropoda","Insecta","Diptera","Diptera","Diptera","Chironomus_tentans"
"bc2da1272113cefdf3af674ca8f04d8e","Unassigned",NA,NA,NA,NA,NA,NA
"2edea7bcca090abfbe89a8cc617bf77f","Unassigned",NA,NA,NA,NA,NA,NA
"fce9b7ac0c8416c1de00d6b3446e00de","d__Eukaryota",NA,NA,NA,NA,NA,NA
"8cbc6ccd1a7e6b8f53046e258ea900b3","d__Eukaryota","Ciliophora","Postciliodesmatophora","Heterotrichea","Heterotrichea","Stentor","Stentor_roeselii"
"0f3b77c1f7e3e4efe22aa7a101ec1dd7","d__Eukaryota",NA,NA,NA,NA,NA,NA
"6b6a4b3dfca66dd8c822b405c34fbbea","Unassigned",NA,NA,NA,NA,NA,NA
"1c3c70ae58fcf9b60a8b88922ba322e5","d__Eukaryota",NA,NA,NA,NA,NA,NA
"bab8885422c9e5ebc25b6993defd6f8f","d__Eukaryota",NA,NA,NA,NA,NA,NA
"50b0676a7df0750eed1db0ce29c0d0a6","Unassigned",NA,NA,NA,NA,NA,NA
"f6b5fcd5553c8707dde97c8f8c1e2921","Unassigned",NA,NA,NA,NA,NA,NA
"fd11299d0c2882e1d95faa3ed688f23a","d__Eukaryota","Amoebozoa","Tubulinea","Tubulinea","Tubulinea","Tubulinea","Tubulinea_group"
"ac465aaa9fef4b3ea0864ea1ae430eea","Unassigned",NA,NA,NA,NA,NA,NA
"3f9a40f7ce65565f8383defd59994312","d__Eukaryota",NA,NA,NA,NA,NA,NA
"164face9f1769466f1fd77bb58a0d4a6","Unassigned",NA,NA,NA,NA,NA,NA
"b000654632171d51f6c88372727f4bb8","Unassigned",NA,NA,NA,NA,NA,NA
"c7d4d4f3e529dd78ec0a71a632fd66b0","Unassigned",NA,NA,NA,NA,NA,NA
"48f2a4e67ddf55161bfa70a185bd895b","d__Bacteria",NA,NA,NA,NA,NA,NA
"561c3d485036287f4fbf7273d57207f8","Unassigned",NA,NA,NA,NA,NA,NA
"f7e0cc68fe623b21d204eebc2cb1c646","Unassigned",NA,NA,NA,NA,NA,NA
"a210b9352d4dd51f4ae416db3057ed20","Unassigned",NA,NA,NA,NA,NA,NA
"4740cda9f8e4cb10b8d2121ded1f43e4","Unassigned",NA,NA,NA,NA,NA,NA
"a314007456cb8feb63940d1e35d1d290","d__Eukaryota","Ciliophora","Intramacronucleata","Conthreep","Oligohymenophorea",NA,NA
"e96c3c709a4208d547bb383b1a167096","Unassigned",NA,NA,NA,NA,NA,NA
"1fba470bebefcaa44294ed5fc34dbcc6","d__Eukaryota",NA,NA,NA,NA,NA,NA
"94702223974af3edcc508ef6ee813948","d__Eukaryota",NA,NA,NA,NA,NA,NA
"d2a98926eba2e3db16dabe348dfd81df","d__Eukaryota","Ciliophora","Intramacronucleata","Conthreep","Oligohymenophorea","Peritrichia","Ophrydium_versatile"
"b3c9380964796160bd6bd525d4d01546","Unassigned",NA,NA,NA,NA,NA,NA
"46dcf72a8bcc8b62817b969fbd44ff73","Unassigned",NA,NA,NA,NA,NA,NA
"326201d30b6d21da5a65cc4f7c860f7e","d__Bacteria","Verrucomicrobiota","Verrucomicrobiae","Verrucomicrobiales","Verrucomicrobiaceae",NA,NA
"265d23fa599ac65dd20e076f63c95b08","d__Eukaryota","Vertebrata","Mammalia","Mammalia","Mammalia","Mammalia",NA
"7c0af1592aac4df7345978c950fd7764","Unassigned",NA,NA,NA,NA,NA,NA
"ce02382e614de5294a95168ac88d3d49","Unassigned",NA,NA,NA,NA,NA,NA
"3486845a2f686ad69eb92c7884a97563","d__Eukaryota","Cercozoa","Cercomonadidae","Cercomonadidae","Cercomonadidae","Cercomonas","Paracercomonas_sp."
"32bd405312b4f63c41c3bec63ae39a91","d__Eukaryota","Gastrotricha","Gastrotricha","Chaetonotida","Chaetonotida","Chaetonotida","uncultured_eukaryote"
"3707ed997ebd9619f4cc031c073eab35","Unassigned",NA,NA,NA,NA,NA,NA
"5c90de98f26b49d8477a24a4f5b49ab4","d__Eukaryota","Ochrophyta","Chrysophyceae","Chromulinales","Chromulinales","Chrysochaete","Chrysochaete_britannica"
"56db6e8d4fb4181219ef9641c5d1d830","Unassigned",NA,NA,NA,NA,NA,NA
"81a7ea7a926d4991b0f4c8f3d9d8b82d","d__Eukaryota",NA,NA,NA,NA,NA,NA
"ec0272423f53e5193b3e2a5d45a9538e","d__Eukaryota",NA,NA,NA,NA,NA,NA
"b59a21e0f79e9bf8b43a4143cde54df5","Unassigned",NA,NA,NA,NA,NA,NA
"0eb74650cd71d38ab7313f00cbbf191a","Unassigned",NA,NA,NA,NA,NA,NA
"a5b6edc921685877f162ffef3c65be3e","Unassigned",NA,NA,NA,NA,NA,NA
"18c30f55a99e5ea824ed54d5770cf4e2","d__Eukaryota","Bicosoecida","Bicosoecida","Bicosoecida","Bicosoecida","Bicosoeca","uncultured_stramenopile"
"b216278e5e76689b2c2d90b6bf6020b9","d__Eukaryota",NA,NA,NA,NA,NA,NA
"fc9dd0591e67c7958d585be20280ed1a","d__Eukaryota","Ciliophora","Intramacronucleata","Conthreep","Oligohymenophorea","Peritrichia","Ophrydium_versatile"
"22922362c44d39744a3acfe83f750860","Unassigned",NA,NA,NA,NA,NA,NA
"5549f95922371639a4113fe038368a7b","Unassigned",NA,NA,NA,NA,NA,NA
"63fdd99cdd56bbf9c64727685eb26142","d__Eukaryota",NA,NA,NA,NA,NA,NA
"09122fb31b8b38b1046814507a88750a","d__Eukaryota","Ciliophora","Intramacronucleata","Conthreep","Oligohymenophorea","Peritrichia","Ophrydium_versatile"
"9cfd2238f79b80d5cbfa579b877ded7e","Unassigned",NA,NA,NA,NA,NA,NA
"14eb6678578f2d34c81e3b4de597abfc","Unassigned",NA,NA,NA,NA,NA,NA
"3e90d79b8fa01f4d49d3a71cdcb5427f","Unassigned",NA,NA,NA,NA,NA,NA
"2db7229eb12145eb9c406fd1a1388de4","Unassigned",NA,NA,NA,NA,NA,NA
"060eed02776b3a126de59e7941075d55","Unassigned",NA,NA,NA,NA,NA,NA
"100f8e08ff28441bc5aad2fc0007fe82","Unassigned",NA,NA,NA,NA,NA,NA
"f868ea3ada84090dbb4e4a4bfbd65fdf","d__Eukaryota","Arthropoda","Insecta","Diptera","Diptera","Diptera","Belgica_antarctica"
"c9677da9a3b42eff150402e2ed86a60b","d__Eukaryota",NA,NA,NA,NA,NA,NA
"f980a7b4fbdabd8db97f2164aee5d276","Unassigned",NA,NA,NA,NA,NA,NA
"6642ce940243755024c4d678832a9897","d__Eukaryota",NA,NA,NA,NA,NA,NA
"bbfd9fced271bd3e4f3e8a89ba756675","d__Eukaryota","Arthropoda","Insecta","Diptera","Diptera","Diptera","Chironomus_tentans"
"bd90f2a8023ec026b9bb567106fdf973","Unassigned",NA,NA,NA,NA,NA,NA
"a47a4f3ab748280fc7bda84596d4d8d7","Unassigned",NA,NA,NA,NA,NA,NA
"3c43f1ed4885c2d21e5815c7921f0b57","d__Eukaryota",NA,NA,NA,NA,NA,NA
"a3cb7379e18e8ef2e6b44a7fc6a89358","d__Eukaryota",NA,NA,NA,NA,NA,NA
"97200bb756ab4a94a5e8989a629e2c53","d__Eukaryota","Arthropoda","Insecta","Diptera","Diptera","Diptera","Chironomus_tentans"
"1d99e7277c4d90367072b6c8daef5e84","d__Eukaryota","Apicomplexa","Conoidasida","Gregarinasina","Eugregarinorida","Ascogregarina",NA
"8885ac1c0e52ed2000dacbf1e9df003b","d__Eukaryota","Arthropoda","Insecta","Diptera","Diptera","Diptera","Twinnia_tibblesi"
"3aaeed97211316424c45a3480d472720","Unassigned",NA,NA,NA,NA,NA,NA
"2b3f34689d8e472ac1489641af3c5a8e","d__Eukaryota",NA,NA,NA,NA,NA,NA
"cde5a20921fddb3a5332421ff00347e9","Unassigned",NA,NA,NA,NA,NA,NA
"06b2b6d358707fc1704b2ead06165855","d__Eukaryota","Arthropoda","Insecta","Trichoptera","Trichoptera","Trichoptera","Rhyacophila_fasciata"
"bad2a73ee0771c611de865f05a1c03f1","Unassigned",NA,NA,NA,NA,NA,NA
"ed4e767c3d39141d82f7def88141d086","d__Bacteria","Proteobacteria","Gammaproteobacteria","Burkholderiales",NA,NA,NA
"557d1e8a824278181932ae9553efa0d6","d__Eukaryota",NA,NA,NA,NA,NA,NA
"d28712307a80d8dd5d2cf86015ba856a","d__Eukaryota",NA,NA,NA,NA,NA,NA
"677ec1b2b36f72353e648c60a7f3c0b2","Unassigned",NA,NA,NA,NA,NA,NA
"0fd6bca58d1f604131213809ebbf2b93","d__Eukaryota",NA,NA,NA,NA,NA,NA
"742b110b4e40ef963553694c96c10273","Unassigned",NA,NA,NA,NA,NA,NA
"660fb5f7205fdf170a95576ec3f4c059","d__Bacteria","Proteobacteria",NA,NA,NA,NA,NA
"63b771c0a74742adae39704f8d49b6db","Unassigned",NA,NA,NA,NA,NA,NA
"8459882158d8c673e125b6278cc1fd1d","Unassigned",NA,NA,NA,NA,NA,NA
"3cb5c7ba227eee83282df76bb57bcddb","d__Eukaryota",NA,NA,NA,NA,NA,NA
"d3ff9d99a2f70df48e1a876e3b535336","d__Eukaryota","Ciliophora","Intramacronucleata","Conthreep","Phyllopharyngea","Tokophrya",NA
"c893db6ac2dc8b6e4a1ecedfc6e025b6","Unassigned",NA,NA,NA,NA,NA,NA
"f90e879568b86d2b868f579f20214085","Unassigned",NA,NA,NA,NA,NA,NA
"94c21ca6772ae6756fd9a4d041f815f6","Unassigned",NA,NA,NA,NA,NA,NA
"1f86be52741b2c5182e20781337118e3","Unassigned",NA,NA,NA,NA,NA,NA
"13b657c7924ec190d00782cafe9e51e2","d__Eukaryota","Chlorophyta","Chlorophyceae","Sphaeropleales","Sphaeropleales","Mychonastes","uncultured_Chlorophyta"
"a4a120472a2e55fc6fe1aa9bfa5de3f1","Unassigned",NA,NA,NA,NA,NA,NA
"36686521a12f5beeb14d0312fb2da022","Unassigned",NA,NA,NA,NA,NA,NA
"12c4ece52f34c0016fabdace6c9bf6c1","Unassigned",NA,NA,NA,NA,NA,NA
"a487d643fd7469563a3fdf56d9ebb47d","d__Eukaryota",NA,NA,NA,NA,NA,NA
"8ff47cd9410e0118c6d0a3a061f3e9eb","Unassigned",NA,NA,NA,NA,NA,NA
"b0cfe9d4e27ec12cf7ebe5de69780ee6","d__Eukaryota",NA,NA,NA,NA,NA,NA
"be56ed99695959394e4b1334de840f96","Unassigned",NA,NA,NA,NA,NA,NA
"3689d06f9f813a9d821c0f0f295f7806","Unassigned",NA,NA,NA,NA,NA,NA
"04a5edf40ff53ef5c3cdc9109d0b16b4","Unassigned",NA,NA,NA,NA,NA,NA
"aa31ec361bd1d3f4897141ba71aaa4dd","d__Eukaryota",NA,NA,NA,NA,NA,NA
"e34331471438dcc100040e965cfa0b2e","Unassigned",NA,NA,NA,NA,NA,NA
"094781db782207b04e5866842659d30c","Unassigned",NA,NA,NA,NA,NA,NA
"1a5b7c08797b304742aab88e46d4cbb1","d__Bacteria",NA,NA,NA,NA,NA,NA
"01f634de97a0dc55b5344e167e5e19c6","d__Eukaryota","Arthropoda","Insecta","Diptera","Diptera","Diptera","Chironomus_tentans"
"d22d21976119ba7073d28d49da06506c","d__Eukaryota",NA,NA,NA,NA,NA,NA
"4f496b82c46b9a24f893789141a89413","d__Eukaryota",NA,NA,NA,NA,NA,NA
"a0c3fac4b1907567a611a39734a2d89f","Unassigned",NA,NA,NA,NA,NA,NA
"e856b492e43f97ef0edd824d95dfadf7","d__Bacteria",NA,NA,NA,NA,NA,NA
"4e9ed56b26b3cddc95629fb9fd7aaae7","Unassigned",NA,NA,NA,NA,NA,NA
"302025da605ccaef4854981671e7b14e","d__Eukaryota",NA,NA,NA,NA,NA,NA
"da766404d8801b8f2a678bd7b1b243fe","d__Eukaryota","Diatomea",NA,NA,NA,NA,NA
"dd92234a548ba23e6581e847446f7c37","d__Eukaryota","Ascomycota","Dothideomycetes",NA,NA,NA,NA
"0117b36c991d1ace679dcdf256628574","Unassigned",NA,NA,NA,NA,NA,NA
"b391f419521a1cdb2333f7e6a4dcc62e","d__Eukaryota",NA,NA,NA,NA,NA,NA
"4f95f91e581e2ec2a1706cb52de4659b","Unassigned",NA,NA,NA,NA,NA,NA
"55f4a2971e92b648e7efe03e6f1e472a","d__Eukaryota","Ciliophora","Intramacronucleata","Conthreep","Oligohymenophorea","Peritrichia","Ophrydium_versatile"
"7ee2dc6c1764a48ce0165bb5defc7fb7","Unassigned",NA,NA,NA,NA,NA,NA
"71a74c959b6ac425044782123e661b33","Unassigned",NA,NA,NA,NA,NA,NA
"4ff9cb91d6acc859010666c2e8840f0b","Unassigned",NA,NA,NA,NA,NA,NA
"a568ee63d33695e94a4385a15716532b","Unassigned",NA,NA,NA,NA,NA,NA
"fbeca95226b9b8d42b46fd27d9d82fa0","d__Eukaryota","Ciliophora","Postciliodesmatophora","Heterotrichea","Heterotrichea","Stentor","Stentor_roeselii"
"5edac92564e688184b186274b3106c12","d__Eukaryota","Ciliophora","Intramacronucleata","Conthreep","Oligohymenophorea","Peritrichia","Ophrydium_versatile"
"5823211cfeb14539ed5ed7aad0ee5355","Unassigned",NA,NA,NA,NA,NA,NA
"14b399b1e3683ae94683979ed9d91e17","d__Eukaryota",NA,NA,NA,NA,NA,NA
"a9a1102abf210815f3c1d4ac726a81c7","Unassigned",NA,NA,NA,NA,NA,NA
"0413dc1121a9127015f540a6207ddaa7","Unassigned",NA,NA,NA,NA,NA,NA
"133f827b410fbf77f67817c37571e3fa","d__Eukaryota","Ascomycota",NA,NA,NA,NA,NA
"5f9b5abf657942abcd50277286bb6836","d__Eukaryota",NA,NA,NA,NA,NA,NA
"c6aab8882039d99429149f5ee2010508","d__Eukaryota","Amoebozoa","Tubulinea","Tubulinea","Tubulinea","Tubulinea","Tubulinea_group"
"693077e8d18df0cb0de00366a0e65383","d__Bacteria","Proteobacteria","Alphaproteobacteria","Rickettsiales","Mitochondria","Mitochondria",NA
"89584424b07c2c8b2c220b9ec6554572","d__Bacteria","Proteobacteria","Alphaproteobacteria","Rickettsiales","Mitochondria","Mitochondria",NA
"d1b192f2350443c41fa0c62e8b3b0d75","d__Eukaryota","Ciliophora","Intramacronucleata","Conthreep","Oligohymenophorea","Peritrichia","Ophrydium_versatile"
"413182e4b834bf661c040ff53e08d91c","d__Eukaryota","Amoebozoa","Tubulinea","Tubulinea","Tubulinea","Tubulinea","Tubulinea_group"
"16bf14101ee589c9767f54dd77e26003","Unassigned",NA,NA,NA,NA,NA,NA
"cdf3f331b4ccb559549b08dd1f6b9188","Unassigned",NA,NA,NA,NA,NA,NA
"f1e5c4f1fc36fb57d7891de8051f9469","d__Eukaryota","Ciliophora","Intramacronucleata","Conthreep","Phyllopharyngea","Tokophrya",NA
"129484480d97267cdcdfb877fc5960a0","d__Eukaryota",NA,NA,NA,NA,NA,NA
"d355063febd50132a9f68a885ef9edb5","d__Eukaryota",NA,NA,NA,NA,NA,NA
"551073d9d71899a2caa40733e9480dc5","Unassigned",NA,NA,NA,NA,NA,NA
"ceaded11242a1f777681b9f97ef394ed","Unassigned",NA,NA,NA,NA,NA,NA
"c233f469756f66a5cfcb25cc0430bfd3","d__Eukaryota",NA,NA,NA,NA,NA,NA
"9f8d7cff742e4350a73756d55a46d833","d__Eukaryota","Phragmoplastophyta","Embryophyta","Magnoliophyta","Magnoliophyta","Magnoliophyta",NA
"312eb36b82040e8c9a046541927e8ab1","Unassigned",NA,NA,NA,NA,NA,NA
"fbe35392eaa61af8ee3a2557946aa484","d__Bacteria","Proteobacteria",NA,NA,NA,NA,NA
"e1470c29616c9bff5c634fbc3fad0ffc","Unassigned",NA,NA,NA,NA,NA,NA
"c47ef9c0cf4c61fd67f3be13726b741e","d__Eukaryota","Ciliophora","Intramacronucleata","Conthreep",NA,NA,NA
"56b7eb241621bcf6652acced12b7ad1f","d__Eukaryota","Ciliophora","Intramacronucleata","Conthreep",NA,NA,NA
"cab8b94f10d0bd1eb4f4957dcaec3aa9","d__Eukaryota",NA,NA,NA,NA,NA,NA
"2a9d72d90050559b94cf26b948b762eb","d__Eukaryota",NA,NA,NA,NA,NA,NA
"11de6d619e03528715cc8abbfc1ccff0","Unassigned",NA,NA,NA,NA,NA,NA
"dfb587152a9e81ccf12d82c8b886eb8f","Unassigned",NA,NA,NA,NA,NA,NA
"bd1e7c2e49ea5b8e7a075dacb4667164","Unassigned",NA,NA,NA,NA,NA,NA
"65936d289a8e046a1a938d026cbc7b75","d__Eukaryota",NA,NA,NA,NA,NA,NA
"c3ffc44fb2062dd99d20041a59831794","Unassigned",NA,NA,NA,NA,NA,NA
"2218d255c30eaddc9b2dc96603c68449","Unassigned",NA,NA,NA,NA,NA,NA
"ca80ad2ccd599a74778c764bd7c8502b","Unassigned",NA,NA,NA,NA,NA,NA
"004a69d022d8d3f5477e062de9bb67cb","Unassigned",NA,NA,NA,NA,NA,NA
"d0e04ac10540d7565e5ed70ffd9599f5","Unassigned",NA,NA,NA,NA,NA,NA
"ebf6a03a8f3fdf4601495259c09d4437","Unassigned",NA,NA,NA,NA,NA,NA
"e7d0b995025fe005b69ca8b9f94a6274","d__Eukaryota","Ascomycota",NA,NA,NA,NA,NA
"570d1aa3f1c313306a5882912a25d2ac","d__Eukaryota","Ascomycota",NA,NA,NA,NA,NA
"de1e38fd9b2a55def2f12879d70d9311","d__Eukaryota",NA,NA,NA,NA,NA,NA
"a646d8795981cac19952beddc5560bd3","d__Eukaryota",NA,NA,NA,NA,NA,NA
"2dfa3d3956bcb09881a3ce5cf896d9e7","d__Eukaryota","Arthropoda","Insecta","Diptera","Diptera","Diptera","Belgica_antarctica"
"85d55a15bf490ce76aeaf1e44239319f","Unassigned",NA,NA,NA,NA,NA,NA
"bdfa5a92a924dc3f72647e53c351cca1","d__Eukaryota","Arthropoda","Insecta","Ephemeroptera","Ephemeroptera","Ephemeroptera",NA
"ccfa1e7f715be6c658c93afe7dfb5a26","Unassigned",NA,NA,NA,NA,NA,NA
"00001c6e665aa6eebbc1ad008d34ea3d","Unassigned",NA,NA,NA,NA,NA,NA
"810ab7c69d53176c52a4557b05b298cc","d__Eukaryota","Arthropoda","Insecta","Diptera","Diptera","Diptera","Chironomus_tentans"
"3c7b9547988c57567ad8c214bc403088","d__Eukaryota","Ciliophora","Intramacronucleata","Conthreep","Oligohymenophorea","Peritrichia","Ophrydium_versatile"
"13a720deea5e812273944c0c81adfd10","Unassigned",NA,NA,NA,NA,NA,NA
"2b1d9023edc8171da76b7624f0d69baf","Unassigned",NA,NA,NA,NA,NA,NA
"e602ed97c4ea8d076c6af470094856b7","Unassigned",NA,NA,NA,NA,NA,NA
"56ffc1789098c02d7a79bfab59e66696","d__Eukaryota",NA,NA,NA,NA,NA,NA
"791b5a7ce693e1110eaa3a720bd8617b","Unassigned",NA,NA,NA,NA,NA,NA
"f24cfb37a6c5de5c6e5cf5687310afce","d__Eukaryota","Gastrotricha","Gastrotricha","Chaetonotida","Chaetonotida","Chaetonotida",NA
"2110612d84a3f2e25405ae6a12780701","d__Eukaryota",NA,NA,NA,NA,NA,NA
"c83abfa4ac107ca701e8932f7564a561","Unassigned",NA,NA,NA,NA,NA,NA
"9085460cf55b0799432fcfae2dd3df96","Unassigned",NA,NA,NA,NA,NA,NA
"66dba9e3a88fdb1303b40667c8810af3","Unassigned",NA,NA,NA,NA,NA,NA
"c917d9a22c84a3dd13e2559221f4bf91","Unassigned",NA,NA,NA,NA,NA,NA
"a10f9a660ab4fd9893832c57292886c4","Unassigned",NA,NA,NA,NA,NA,NA
"516128ae9d34a8e2ee36305bec5df020","Unassigned",NA,NA,NA,NA,NA,NA
"c62ef04c2984a4e38755f5f6d5a412f9","Unassigned",NA,NA,NA,NA,NA,NA
"c53e4ba05d8d3a0eed9648800e94a184","Unassigned",NA,NA,NA,NA,NA,NA
"82c1a1671a182c9ecd875bd4cc2c9670","Unassigned",NA,NA,NA,NA,NA,NA
"13ea20b7ddd86cffd4636617fd49c01f","d__Eukaryota","Ctenophora",NA,NA,NA,NA,NA
"1810ecc55224138b2977c58fc79e6345","d__Eukaryota",NA,NA,NA,NA,NA,NA
"84835e98ab98e6506742517d05142272","Unassigned",NA,NA,NA,NA,NA,NA
"28e906dc38b89e4929a5f2580a80d78a","Unassigned",NA,NA,NA,NA,NA,NA
"43ef98bef59e08a19284eeb4d9d11528","d__Eukaryota",NA,NA,NA,NA,NA,NA
"437c67a237f60d96891cc735d756559d","Unassigned",NA,NA,NA,NA,NA,NA
"a223e6d592c6942461f8c9af86739686","Unassigned",NA,NA,NA,NA,NA,NA
"a284e1d115cfe79e56fd0de24675cd07","Unassigned",NA,NA,NA,NA,NA,NA
"e083f1ad10d039644e691de38af047a7","Unassigned",NA,NA,NA,NA,NA,NA
"c462940b3e4af20386eefa55699e56d4","Unassigned",NA,NA,NA,NA,NA,NA
"99b62ecb9c5cee3881d13aa62823c8b0","Unassigned",NA,NA,NA,NA,NA,NA
"a421d90ffbda7057fbcbd0877e2f2d03","Unassigned",NA,NA,NA,NA,NA,NA
"535c2f2542a93efafb21462e4580a693","Unassigned",NA,NA,NA,NA,NA,NA
"542eadbb723c0139857812f6e156121b","d__Eukaryota",NA,NA,NA,NA,NA,NA
"133caa95adbe477f01e284d7b566dab4","d__Eukaryota","Apicomplexa","Conoidasida","Gregarinasina","Eugregarinorida","Eugregarinorida","Apicomplexa_sp."
"220b192355f1eeecc249bf1da671e61d","d__Eukaryota",NA,NA,NA,NA,NA,NA
"d85367c2c5a9f621f78a4489e58ca94e","Unassigned",NA,NA,NA,NA,NA,NA
"b51571b451351a320e0d4e9db47c61a1","d__Eukaryota","Diatomea",NA,NA,NA,NA,NA
"43451f70b6465315c06e92690b795fa4","Unassigned",NA,NA,NA,NA,NA,NA
"c6bf63d16b30b5c78631f5409fa2bfde","Unassigned",NA,NA,NA,NA,NA,NA
"9513ccfc985f478ae09a81ef6f0d1de6","Unassigned",NA,NA,NA,NA,NA,NA
"3dc82f3a346c7d077a260d84634f6f10","Unassigned",NA,NA,NA,NA,NA,NA
"88d011720179c25dbc84cbb1e8032608","Unassigned",NA,NA,NA,NA,NA,NA
"5d604db967be03d543c9ce146df0705a","Unassigned",NA,NA,NA,NA,NA,NA
"09124f0e0ba497c4ebf5070963f1b2de","d__Eukaryota",NA,NA,NA,NA,NA,NA
"6dc8c93504e484c787d7d4d62f4a105c","d__Eukaryota","Amoebozoa","Tubulinea","Tubulinea","Tubulinea","Tubulinea","Tubulinea_group"
"437b7e553648b196da1d4b215e298b29","d__Eukaryota",NA,NA,NA,NA,NA,NA
"f7262245c7a3ae79f82feeb67833bb31","d__Bacteria","Proteobacteria","Alphaproteobacteria",NA,NA,NA,NA
"81cbd3564daeeba460aae9a09417a293","Unassigned",NA,NA,NA,NA,NA,NA
"3b2f815cf2511e71642102575852537b","d__Eukaryota",NA,NA,NA,NA,NA,NA
"19b8fce596928705b977a360f80eda1f","Unassigned",NA,NA,NA,NA,NA,NA
"907927ec5c3e656241d7a0289c1855e3","Unassigned",NA,NA,NA,NA,NA,NA
"481c2455c10514767135421b3f863fbf","Unassigned",NA,NA,NA,NA,NA,NA
"a53dbb3e12be919bb4b21acd952c0984","Unassigned",NA,NA,NA,NA,NA,NA
"dc73047edc2215412de3489ec6181a16","Unassigned",NA,NA,NA,NA,NA,NA
"ca3ec324145af6aecb5e26cf85611320","Unassigned",NA,NA,NA,NA,NA,NA
"c51764e5b932c3a502cf7876b3a0a1fb","d__Eukaryota",NA,NA,NA,NA,NA,NA
"45ce1c76bcb4c8e0e4aa8a644015bde4","Unassigned",NA,NA,NA,NA,NA,NA
"65e9a06b079b84cef602cb1bc4091356","d__Bacteria",NA,NA,NA,NA,NA,NA
"20cbbfc9753e411eea599b5c56505b67","d__Eukaryota",NA,NA,NA,NA,NA,NA
"481e6698785769b8d31e5320298d8e24","d__Eukaryota","Gastrotricha","Gastrotricha","Chaetonotida","Chaetonotida","Chaetonotida","uncultured_eukaryote"
"4a0a8e872780acadd3b4de3180826f77","d__Eukaryota",NA,NA,NA,NA,NA,NA
"e47fcca4de7730aacd35bf4982218e60","Unassigned",NA,NA,NA,NA,NA,NA
"b222db86328783a4e5de90d588dab966","Unassigned",NA,NA,NA,NA,NA,NA
"9c751c20d080a149a50cff1ac4b3cb98","d__Eukaryota",NA,NA,NA,NA,NA,NA
"2fdd187a31f0a5569827ddef278a6289","Unassigned",NA,NA,NA,NA,NA,NA
"d8f5221e4a592c23001079d5eee02964","Unassigned",NA,NA,NA,NA,NA,NA
"825b4a0b3ffdb09f22f6a08e3b62fa17","Unassigned",NA,NA,NA,NA,NA,NA
"003e4e308627fd3035c42a5f4850d5ae","Unassigned",NA,NA,NA,NA,NA,NA
"fcb2519470c875d9a200f55ca7c97e43","Unassigned",NA,NA,NA,NA,NA,NA
"acf08b8f1e07d7a61e007eac65106ee2","Unassigned",NA,NA,NA,NA,NA,NA
"a5fc449b42013ae27439565cfcf42d48","d__Eukaryota","Gastrotricha","Gastrotricha","Chaetonotida","Chaetonotida","Chaetonotida","uncultured_eukaryote"
"29eb044cec592077decabcf78655d34a","d__Eukaryota",NA,NA,NA,NA,NA,NA
"1db156507dd6514655ca1d9effca681b","d__Eukaryota","Arthropoda","Insecta","Ephemeroptera","Ephemeroptera","Ephemeroptera",NA
"4e50b7f2153fe4bcfb4128c27dbb5069","d__Eukaryota","Arthropoda","Insecta","Diptera","Diptera","Diptera",NA
"8245bccaa11b8f95bf9c1b3493e016af","Unassigned",NA,NA,NA,NA,NA,NA
"45395b25de4bc6aedaf04ffe5047fd99","Unassigned",NA,NA,NA,NA,NA,NA
"3c2c68d07d815e034a6a60966c01748b","d__Eukaryota","Arthropoda","Insecta","Diptera","Diptera","Diptera","Chironomus_tentans"
"e4726f0af3b73731b95864b320c2b1fb","Unassigned",NA,NA,NA,NA,NA,NA
"21313a5d0a3762e369fffedaa71828c2","d__Bacteria",NA,NA,NA,NA,NA,NA
"4397c9e45408df15a1e7f192e5a3d2c2","Unassigned",NA,NA,NA,NA,NA,NA
"c08d03cda3f9627b8f40a6bab54af3ab","d__Eukaryota",NA,NA,NA,NA,NA,NA
"b004fe4e05ccccfab6b3149e2e6f6375","Unassigned",NA,NA,NA,NA,NA,NA
"712e281909ac05120185b43dfbed517b","d__Eukaryota",NA,NA,NA,NA,NA,NA
"7e5904662b962083be15ee13b15ff6bd","d__Eukaryota",NA,NA,NA,NA,NA,NA
"98a96f43f6681cea38e2c4d2fe1b9d2d","d__Eukaryota",NA,NA,NA,NA,NA,NA
"fffd64639d94b7b206b87b89c4e988b2","Unassigned",NA,NA,NA,NA,NA,NA
"7502d542bda1c7b374a6f8209829adb5","Unassigned",NA,NA,NA,NA,NA,NA
"07bd1b0053850a370ebe4dd5e618d9d9","Unassigned",NA,NA,NA,NA,NA,NA
"0c161f801610eb75b89ec71b3805a909","Unassigned",NA,NA,NA,NA,NA,NA
"e9f04529871e8c3c746524ca0971af6e","d__Eukaryota",NA,NA,NA,NA,NA,NA
"a8405173f7865b18300f2f633cc579d4","d__Eukaryota",NA,NA,NA,NA,NA,NA
"fbf6967e3c470eab844a2616cacfd203","Unassigned",NA,NA,NA,NA,NA,NA
"ef0e85cc1ac77d9e1a0ae3c6e9ad2b97","Unassigned",NA,NA,NA,NA,NA,NA
"3b16ea145c0c5270cff3c220b03bc0d2","Unassigned",NA,NA,NA,NA,NA,NA
"ec7fe10e55dffa84c96c77386e732b17","Unassigned",NA,NA,NA,NA,NA,NA
"52336704867a827f9bbf46f09633b843","Unassigned",NA,NA,NA,NA,NA,NA
"529bf6f800d3bc437e7a7194702a1dd4","Unassigned",NA,NA,NA,NA,NA,NA
"7c9fe00bee8d5e61408e1a7daeea687e","d__Eukaryota","Vertebrata","Mammalia","Mammalia","Mammalia","Mammalia",NA
"16417885a59356b5db221a0653c83b33","d__Eukaryota","Amoebozoa","Tubulinea","Euamoebida","Euamoebida","Euamoebida",NA
"52eac8bc26aea0cb11bdbd070246ccbb","d__Eukaryota",NA,NA,NA,NA,NA,NA
"75a33a8335bbc451a849184a996a541d","Unassigned",NA,NA,NA,NA,NA,NA
"4193d3ff75f4e898ffcf2d4c70189d2c","Unassigned",NA,NA,NA,NA,NA,NA
"0d0b56241627a6b8f148e21d727da26a","d__Eukaryota",NA,NA,NA,NA,NA,NA
"b061cdcfbed8a3550ae00205c4cb369c","Unassigned",NA,NA,NA,NA,NA,NA
"25a15faf15070979d9d31f2673676316","Unassigned",NA,NA,NA,NA,NA,NA
"b546bd18f67f6f0185d4e8b1a88af8fb","d__Eukaryota",NA,NA,NA,NA,NA,NA
"f87bcd5de9d2988c2e6e938ceb746712","d__Eukaryota","Ciliophora","Intramacronucleata","Conthreep","Oligohymenophorea","Peritrichia","Ophrydium_versatile"
"3dff2ee95c3cb6851000928549cf1131","Unassigned",NA,NA,NA,NA,NA,NA
"926e82f9c54aa94612bee240effa07d2","Unassigned",NA,NA,NA,NA,NA,NA
"652b3ae37063b00a6ab102e735013980","Unassigned",NA,NA,NA,NA,NA,NA
"28108386123bb22275cf4da34d8d4b8c","Unassigned",NA,NA,NA,NA,NA,NA
"7e4b013aae0836ee8ffc97105195c367","d__Bacteria","Proteobacteria","Alphaproteobacteria",NA,NA,NA,NA
"17f111f9fcfe0eb67b04cd4531cae0c7","d__Eukaryota","Arthropoda","Insecta","Plecoptera","Plecoptera","Plecoptera",NA
"63226e1b68696e6435f6c8e04e8b9c9f","d__Eukaryota","Rigifilida","Rigifilida","Rigifilida","Rigifilida","Rigifilida","metagenome"
"cc0bb5a9b11dc3effa9af6fe76968cda","d__Eukaryota","Apicomplexa","Conoidasida","Gregarinasina","Eugregarinorida","Ascogregarina",NA
"5a668a522bd0fe9e0256652eab390ec3","Unassigned",NA,NA,NA,NA,NA,NA
"736256d0c189f18958fa0f18c6c9a6d4","d__Eukaryota","Protosporangiida","Protosporangiidae","Protosporangiidae","Protosporangiidae","Protosporangium","metagenome"
"726a6e7f3980c6871a4bdcf066d92a41","d__Eukaryota",NA,NA,NA,NA,NA,NA
"26c454258cd2e8ad3347958e40cbdfb1","Unassigned",NA,NA,NA,NA,NA,NA
"4f5230be415ed5be974496fe83b26d1e","Unassigned",NA,NA,NA,NA,NA,NA
"3c4fb09e2b69744ba61a8a7e9ccb44ea","Unassigned",NA,NA,NA,NA,NA,NA
"6bd91b24caa97f194e302159cb0aa16d","d__Eukaryota",NA,NA,NA,NA,NA,NA
"7e4115a8d99219feb28afab043e351d1","d__Bacteria","Planctomycetota","Planctomycetes","Planctomycetales","Schlesneriaceae","Schlesneria","uncultured_bacterium"
"047582b3d1bbb563b578a7c75956d62c","Unassigned",NA,NA,NA,NA,NA,NA
"ca8791e89b4fa7f44ca34d65f40b67ab","Unassigned",NA,NA,NA,NA,NA,NA
"5dc42e3e74a7c800bc10976c789dd948","Unassigned",NA,NA,NA,NA,NA,NA
"f1ef9b924cdd44b3aed068fd42b9e351","d__Eukaryota","Arthropoda","Insecta","Diptera","Diptera","Diptera","Ablabesmyia_rhamphe"
"97aab379c23bb10a2b8e152de4afb81b","d__Eukaryota","Cercozoa","Phytomyxea","Phytomyxea","Phytomyxea","uncultured",NA
"ee6cbbabf2305c6e263f4790041a53a0","Unassigned",NA,NA,NA,NA,NA,NA
"1fdaf59dfe3257b64430c4c317bea087","Unassigned",NA,NA,NA,NA,NA,NA
"e6567198c4c8a3b1761aaac65699bd08","Unassigned",NA,NA,NA,NA,NA,NA
"63e7411f9f34246446947cdca27f14a1","d__Bacteria",NA,NA,NA,NA,NA,NA
"22ce8bda71e5ec9cb61f9290b6f51822","d__Eukaryota",NA,NA,NA,NA,NA,NA
"b8fe7b4e65a4b5cc7b6d46a70bb6ba98","Unassigned",NA,NA,NA,NA,NA,NA
"435364be16be14128de562b98cc88c75","Unassigned",NA,NA,NA,NA,NA,NA
"484357e347fa8e99efbf80498ddf3414","Unassigned",NA,NA,NA,NA,NA,NA
"82bf4cf85943cd02bc5f1380095edc3a","Unassigned",NA,NA,NA,NA,NA,NA
"48e5d33b694cb661feadedba9e974d80","d__Bacteria","Proteobacteria","Alphaproteobacteria","Rickettsiales","Mitochondria","Mitochondria",NA
"4436936cf2b5c71167bbfa75ec9798a6","d__Eukaryota","Ciliophora","Postciliodesmatophora","Heterotrichea","Heterotrichea","Stentor","Stentor_roeselii"
"5d9b57458ca0bc979045079176b083e9","Unassigned",NA,NA,NA,NA,NA,NA
"8c91db0f358de6a7c0e0b0f9814a70e8","d__Eukaryota",NA,NA,NA,NA,NA,NA
"eeba807c73a0d1f21cd05a958272e6b8","d__Eukaryota",NA,NA,NA,NA,NA,NA
"76fee485c263fc2f42e96f7c92f587ac","Unassigned",NA,NA,NA,NA,NA,NA
"de8c29d2c217afee52c3170817b70a03","d__Eukaryota",NA,NA,NA,NA,NA,NA
"40518663aadc01a6f0a0028f4c861a66","Unassigned",NA,NA,NA,NA,NA,NA
"4915451a8e38a794e4fb44b378a8f2c9","Unassigned",NA,NA,NA,NA,NA,NA
"8fc17afe93fd3a4efc45d7b5ac9333ce","d__Eukaryota",NA,NA,NA,NA,NA,NA
"398c1672f810d86fd9b3d37af916aaba","Unassigned",NA,NA,NA,NA,NA,NA
"8d15a656df183d057e9339d1ec0f330f","Unassigned",NA,NA,NA,NA,NA,NA
"33e6a9946ad4870fdb6e60f534af9bd9","Unassigned",NA,NA,NA,NA,NA,NA
"d082910672d8c4ba6c1e2d11c449197b","Unassigned",NA,NA,NA,NA,NA,NA
"4e9a5810aa9850d4df9127cd035cb775","d__Eukaryota",NA,NA,NA,NA,NA,NA
"0d7641b5ec9efa839de5291a2842fca3","d__Eukaryota",NA,NA,NA,NA,NA,NA
"cc5b1dad50fbb8ae8b27e0336a81c3e8","Unassigned",NA,NA,NA,NA,NA,NA
"745eb3801eac6bc9ef25a0b42dc532c8","Unassigned",NA,NA,NA,NA,NA,NA
"36b6947b4f5e9e218fc91725baa3459c","d__Eukaryota",NA,NA,NA,NA,NA,NA
"eb3ff58d373f77422d1bff3268d87a04","Unassigned",NA,NA,NA,NA,NA,NA
"16fae782163faff42a5a8817912c4b66","Unassigned",NA,NA,NA,NA,NA,NA
"509881592272e4c2e9bb45d5ee909a69","Unassigned",NA,NA,NA,NA,NA,NA
"e404cffea8c1d043831cd179ffc04aac","Unassigned",NA,NA,NA,NA,NA,NA
"745d4c168d366d296609d6f86c9b840f","Unassigned",NA,NA,NA,NA,NA,NA
"30b046f6f9575ca5fe586295b761fc16","d__Eukaryota","Arthropoda","Insecta","Ephemeroptera","Ephemeroptera","Ephemeroptera",NA
"a9024c294dc96e0f725dd0d2adf546a9","Unassigned",NA,NA,NA,NA,NA,NA
"9129a47055e4904fef2c514acec4f708","d__Eukaryota",NA,NA,NA,NA,NA,NA
"63968afd59d7eebe2c63be9482c52960","d__Eukaryota",NA,NA,NA,NA,NA,NA
"62b0a163829b9621bb30af9dd8e38fd8","d__Eukaryota",NA,NA,NA,NA,NA,NA
"7d066fc6f146603746533c0be0ae63c7","Unassigned",NA,NA,NA,NA,NA,NA
"6a71b4caa33df2902a9860d7b838843e","d__Eukaryota",NA,NA,NA,NA,NA,NA
"00a8773cded7f7b32ae61f139ee5c22b","d__Eukaryota","Vertebrata","Mammalia","Mammalia","Mammalia","Mammalia",NA
"c663c6790b1ba6dbbbf8850323c99ea9","d__Eukaryota","Arthropoda","Insecta","Diptera","Diptera","Diptera","Twinnia_tibblesi"
"941dce0826d06d31e0d905e43b5bf1c4","d__Eukaryota","Arthropoda","Insecta","Diptera","Diptera","Diptera","Twinnia_tibblesi"
"cb78c68c1c9dfb61dafb04cad7f91b8f","Unassigned",NA,NA,NA,NA,NA,NA
"06973ad8fe9189aa9cbcbcf2c160b854","d__Eukaryota",NA,NA,NA,NA,NA,NA
"bfa6914c22bbc02940aff82c3931b04c","d__Eukaryota",NA,NA,NA,NA,NA,NA
"ace2455929822844ac7a305c6b135f9d","d__Eukaryota","Arthropoda","Insecta","Trichoptera","Trichoptera","Trichoptera","Rhyacophila_fasciata"
"e850bef1c57f04267e67a7a1cb11653b","d__Eukaryota","Arthropoda","Insecta","Trichoptera","Trichoptera","Trichoptera","Rhyacophila_fasciata"
"1f19e1d253b344abd0529bf60cb002d3","Unassigned",NA,NA,NA,NA,NA,NA
"121d0849aacde25480cc886bccfb7e3b","Unassigned",NA,NA,NA,NA,NA,NA
"9c09468f4a2afea69e61e1a1feb89171","Unassigned",NA,NA,NA,NA,NA,NA
"ad0ce99b27635f05dd6be28bfe1c8869","Unassigned",NA,NA,NA,NA,NA,NA
"73d19b43d7b019b1dca99e4dfe384386","Unassigned",NA,NA,NA,NA,NA,NA
"0c2171d0a993d6801baf0d78de99cc16","Unassigned",NA,NA,NA,NA,NA,NA
"fcbb411b1af8b8374130f3f3791aecd7","d__Eukaryota",NA,NA,NA,NA,NA,NA
"0e3b79fbcbe5bcb3c8e95eed1ae8b27c","Unassigned",NA,NA,NA,NA,NA,NA
"328511af925201aaa2f040c4617b9d91","d__Eukaryota",NA,NA,NA,NA,NA,NA
"40a8c3fac56c2796694dfa295f7221a2","Unassigned",NA,NA,NA,NA,NA,NA
"4b3a6fa3cb76133a1f3709b8441a8f7f","Unassigned",NA,NA,NA,NA,NA,NA
"ace4abe299f7a8abdbfd8c9f9ac9e922","d__Eukaryota","Annelida","Clitellata","Haplotaxida","Haplotaxida","Haplotaxida","Stylaria_sp."
"7f604afa73b780ec7fc2eb69b378f427","Unassigned",NA,NA,NA,NA,NA,NA
"8df1452b2802a0b2d3a4b80b115a7101","Unassigned",NA,NA,NA,NA,NA,NA
"78bc19aff74dcc16efe5ca42cae8a7cf","Unassigned",NA,NA,NA,NA,NA,NA
"5b04d111fd980299c70de8c21f672b1e","Unassigned",NA,NA,NA,NA,NA,NA
"7023629290bf92a67cfd9a16206a46f0","Unassigned",NA,NA,NA,NA,NA,NA
"b7e15f65826e587018ac6e2eadb8ba40","d__Eukaryota",NA,NA,NA,NA,NA,NA
"c7872828d31c85feccc148aa57d9dd26","Unassigned",NA,NA,NA,NA,NA,NA
"607764b93b86b487d7c3488d6e118ffe","Unassigned",NA,NA,NA,NA,NA,NA
"3b9ebb97c8e5b8ed76148b8ce28399c4","Unassigned",NA,NA,NA,NA,NA,NA
"a6fd55503479f90dc0c819c42cd00822","Unassigned",NA,NA,NA,NA,NA,NA
"07cf6292dd8ca87b83e7174314e9c03b","Unassigned",NA,NA,NA,NA,NA,NA
"44d24351ac5ec4a59dee38710d556081","Unassigned",NA,NA,NA,NA,NA,NA
"850d6dd36bd5a6844a07ffc718327180","d__Eukaryota","Platyhelminthes",NA,NA,NA,NA,NA
"7d4e1353c4538445ea3293a5ef36a0c1","d__Eukaryota","Cercozoa","Phytomyxea","Phytomyxea","Phytomyxea","Phytomyxea","uncultured_eukaryote"
"a7564e7d6c28af2907d31d184753c526","Unassigned",NA,NA,NA,NA,NA,NA
"2b743cb3b7326116073ab4ff92a3599c","d__Eukaryota",NA,NA,NA,NA,NA,NA
"0bfab11ee25d978ace797e19df7de78b","Unassigned",NA,NA,NA,NA,NA,NA
"a288af9b61df517eb2bac738136058cf","Unassigned",NA,NA,NA,NA,NA,NA
"9fc8f0b57f36b76420fa35ef4fe5af51","Unassigned",NA,NA,NA,NA,NA,NA
"088a67e66d8f1dd4c06b187fee564c5e","Unassigned",NA,NA,NA,NA,NA,NA
"23b1e784f3aa1d5e2d437c846d99acac","d__Eukaryota","Ciliophora","Postciliodesmatophora","Heterotrichea","Heterotrichea","Stentor","Stentor_roeselii"
"38fb7c96c453efb6ad561b80165d04ff","d__Eukaryota","Ciliophora","Postciliodesmatophora","Heterotrichea","Heterotrichea","Stentor","Stentor_roeselii"
"4cd77d4df6c8288778e383e90c21c450","d__Bacteria","Proteobacteria","Gammaproteobacteria","Burkholderiales",NA,NA,NA
"ee15768e1b4d039ab1187fd20dde15a4","d__Eukaryota",NA,NA,NA,NA,NA,NA
"bc1f1eceb7269e62fb3bbb0b4f0570f9","d__Eukaryota","Vertebrata","Mammalia","Mammalia","Mammalia","Mammalia",NA
"091924f934945bf99b1d4056fd84af3d","d__Eukaryota","Vertebrata","Mammalia","Mammalia","Mammalia","Mammalia",NA
"15da9ed6a0f36c1518495dead01060e7","Unassigned",NA,NA,NA,NA,NA,NA
"e884e04c6e4fd4f1e32a71ac49c94aa7","Unassigned",NA,NA,NA,NA,NA,NA
"42f550d2d077e537b3caf99f26efeb5f","Unassigned",NA,NA,NA,NA,NA,NA
"d45202882ecd7dbfe1c20fbfadcf7024","d__Eukaryota","Ascomycota","Lecanoromycetes","Lecanorales","Parmeliaceae",NA,NA
"f4cb30bd3edb945ee718c602553ecd4b","Unassigned",NA,NA,NA,NA,NA,NA
"61a53258be1d60c2a0b2c18ca8f48d26","d__Eukaryota",NA,NA,NA,NA,NA,NA
"bb79e163a96c4be463da34121b79cfaf","Unassigned",NA,NA,NA,NA,NA,NA
"672c3aa91a02ada2f1dc03734ed05506","Unassigned",NA,NA,NA,NA,NA,NA
"b86b787c534d16f112b1d82ee9207c6f","Unassigned",NA,NA,NA,NA,NA,NA
"4478538fb9f7e3df16fc46c124133e53","Unassigned",NA,NA,NA,NA,NA,NA
"67cc38f6f0a54bdc408fb58648af7cd7","Unassigned",NA,NA,NA,NA,NA,NA
"30bba44dac6df85e3249487e666e2ec9","Unassigned",NA,NA,NA,NA,NA,NA
"ca5c44fe651dd1fab8ac38ae207886c1","Unassigned",NA,NA,NA,NA,NA,NA
"c3495c1bd83e2cb8f6c65ddf2452dd02","Unassigned",NA,NA,NA,NA,NA,NA
"9d1afa87811007add3594cfced542947","Unassigned",NA,NA,NA,NA,NA,NA
"e93666227b45db989489599156eb19c0","d__Eukaryota",NA,NA,NA,NA,NA,NA
"b6cb242d474d14c3bbb3e1af96cbeaf1","Unassigned",NA,NA,NA,NA,NA,NA
"ee01bec117d2b096a5ad122cebfdc00f","Unassigned",NA,NA,NA,NA,NA,NA
"9369294052c034548f9ee86109881f00","d__Eukaryota",NA,NA,NA,NA,NA,NA
"e89c83322496bec3ea176a775d1798ac","Unassigned",NA,NA,NA,NA,NA,NA
"4416857b90ec4addefa6b3d0f9da2406","Unassigned",NA,NA,NA,NA,NA,NA
"621940bd9cfb4deb1ac1dfab66d3f638","Unassigned",NA,NA,NA,NA,NA,NA
"98f0b86017f2e016e10deea1bd9f04cf","d__Eukaryota",NA,NA,NA,NA,NA,NA
"f339f3dbad4290f9dd29cff55f615b39","Unassigned",NA,NA,NA,NA,NA,NA
"cf3313fcf31af7299b043434c64480bb","Unassigned",NA,NA,NA,NA,NA,NA
"b2d34ebf793c68135b9147e78dfb87b1","d__Eukaryota",NA,NA,NA,NA,NA,NA
"5ed0d22dc629e26178038324d804ad0c","Unassigned",NA,NA,NA,NA,NA,NA
"2ac52dd2d58bd469c98746fdb350b0d9","d__Bacteria",NA,NA,NA,NA,NA,NA
"1e41a6184690fd92656f52ec29cbb3ba","Unassigned",NA,NA,NA,NA,NA,NA
"5bc1b34f1eb530741dc9b5652f68eb98","Unassigned",NA,NA,NA,NA,NA,NA
"8cbace11f06bd63078dbd6d0f1e50a82","Unassigned",NA,NA,NA,NA,NA,NA
"49497b02a26bd7655883481a350a05f2","Unassigned",NA,NA,NA,NA,NA,NA
"99dcec43f70238b721aeeb2896adb714","Unassigned",NA,NA,NA,NA,NA,NA
"05d363e610a0d59bb4eb712a33ad2d7f","Unassigned",NA,NA,NA,NA,NA,NA
"893803e560dda80138f97023891b2633","Unassigned",NA,NA,NA,NA,NA,NA
"9befed9f4b9e2d66b80d43acb9c7ee7c","Unassigned",NA,NA,NA,NA,NA,NA
"d1fca0ab8beedae7dbabe7c72013413c","d__Eukaryota",NA,NA,NA,NA,NA,NA
"75935d190fa8222d182a550711f849e1","Unassigned",NA,NA,NA,NA,NA,NA
"1e49cac74de57d0cc9561167cfd86502","Unassigned",NA,NA,NA,NA,NA,NA
"9e399f4a87b05b50ba54a561959a13b0","d__Eukaryota",NA,NA,NA,NA,NA,NA
"7653e2cbee6bfd675c10bd456b88f55b","Unassigned",NA,NA,NA,NA,NA,NA
"e0e4ff71b182aeef61c51e556589d9bd","Unassigned",NA,NA,NA,NA,NA,NA
"6f4468507b3d5756d2785746558841c0","Unassigned",NA,NA,NA,NA,NA,NA
"616bd3bd2b64ec67e5a7ca9c307146e8","Unassigned",NA,NA,NA,NA,NA,NA
"f48b1e444292fb8ffdd63396d8301568","Unassigned",NA,NA,NA,NA,NA,NA
"76dfe7259ef2e7f51903d24a3fe0a0c2","Unassigned",NA,NA,NA,NA,NA,NA
"01b1dc89f8545b70891bdf36b9bbbcbd","Unassigned",NA,NA,NA,NA,NA,NA
"f237d079c189a552901d2ad94a4e616a","Unassigned",NA,NA,NA,NA,NA,NA
"642bf6471c490923c343759d45137486","d__Eukaryota","Arthropoda","Insecta","Diptera","Diptera","Diptera","Belgica_antarctica"
"7ca415208d62792f550fbd46b37b9e29","Unassigned",NA,NA,NA,NA,NA,NA
"35f44b4e858429c519e976b916466569","Unassigned",NA,NA,NA,NA,NA,NA
"16a5b6cf4dca9160ab46d4a1db1d8a16","Unassigned",NA,NA,NA,NA,NA,NA
"de4d641104b6562db5f07371409b08c1","Unassigned",NA,NA,NA,NA,NA,NA
"756d8f1b9299deff957ecc1f04e033f2","Unassigned",NA,NA,NA,NA,NA,NA
"74123ea1dca5850584a626c7d9cbcbcf","Unassigned",NA,NA,NA,NA,NA,NA
"4c52c802980298bd0037231680a50a30","Unassigned",NA,NA,NA,NA,NA,NA
"90ce52d7be5c443c5e27fd3057806887","Unassigned",NA,NA,NA,NA,NA,NA
"5beb319a8f669932f9dcb179a0f5ab09","Unassigned",NA,NA,NA,NA,NA,NA
"2c4c7392481390b0acc152e280d8c11d","d__Eukaryota",NA,NA,NA,NA,NA,NA
"31e685c9e6c4ebd0f8bed6a326d7dbde","Unassigned",NA,NA,NA,NA,NA,NA
"42d1c7cda9563f338885c5540bb70029","Unassigned",NA,NA,NA,NA,NA,NA
"ec2c258b4a0e6df50b30a1abc603b569","Unassigned",NA,NA,NA,NA,NA,NA
"de40b98ad1fa8465a259b225c4604d2e","d__Eukaryota","Arthropoda","Insecta","Diptera","Diptera","Diptera","Ablabesmyia_rhamphe"
"c4aa34610cd8a4de6273d2baf58ae782","d__Eukaryota",NA,NA,NA,NA,NA,NA
"b94f8603cc21d4e8155696da9e43bea4","Unassigned",NA,NA,NA,NA,NA,NA
"e2e832d560e0dc100adaa051824c239f","Unassigned",NA,NA,NA,NA,NA,NA
"28ee82956c921ed46dee13730c0728b6","Unassigned",NA,NA,NA,NA,NA,NA
"e03b14602965e31a85838c5e4a3389aa","Unassigned",NA,NA,NA,NA,NA,NA
"cae55403dc3cd52eee64ba12766e58ef","Unassigned",NA,NA,NA,NA,NA,NA
"27e75a3bc8642f08f2b9ccef93eccf03","Unassigned",NA,NA,NA,NA,NA,NA
"b306c4efc0f8fa7484f73b2d0220073b","Unassigned",NA,NA,NA,NA,NA,NA
"7bcf3fe452ac75ce6b5c9a83a962428c","Unassigned",NA,NA,NA,NA,NA,NA
"ac4bdec6a66257224f1f085c80bbe544","Unassigned",NA,NA,NA,NA,NA,NA
"f4418f3fc3c52ea52a896de8a77a7d7d","Unassigned",NA,NA,NA,NA,NA,NA
"0a0920a8dc9e9e58ba052d78180db6e9","Unassigned",NA,NA,NA,NA,NA,NA
"0470fb70e2408aab2cea8a9717e0d13b","Unassigned",NA,NA,NA,NA,NA,NA
"8c4cc46ab28ba10904180492ce9f7276","Unassigned",NA,NA,NA,NA,NA,NA
"265c07c013de98fd55dc2c7788c77209","Unassigned",NA,NA,NA,NA,NA,NA
"4efe9b20a0c21e36652317911410ef72","Unassigned",NA,NA,NA,NA,NA,NA
"642e350c859e958dd1f326b9622e127b","Unassigned",NA,NA,NA,NA,NA,NA
"e2f30fd042e96c67052832f42b2ff05c","d__Eukaryota",NA,NA,NA,NA,NA,NA
"7cfa6accc7ddfeebd1b0584fcd93ea7f","Unassigned",NA,NA,NA,NA,NA,NA
"b501df8f57c3ee819530420b2666a13a","Unassigned",NA,NA,NA,NA,NA,NA
"4babf1ccfe963d51104ba47aed4a783d","Unassigned",NA,NA,NA,NA,NA,NA
"47dff261a913ae65399eb26ebe5a95b5","Unassigned",NA,NA,NA,NA,NA,NA
"3293dbee3a184dcd5ebd29c04045d145","d__Eukaryota",NA,NA,NA,NA,NA,NA
"b8cbd612e118ef7179b954bf2ac8639d","Unassigned",NA,NA,NA,NA,NA,NA
"ce9f0aec7954bd0b9b78dea1da335b21","Unassigned",NA,NA,NA,NA,NA,NA
"2162e48c443bb8b251ba7609b44d259e","Unassigned",NA,NA,NA,NA,NA,NA
"3a1d21230e1ab6ea57289eff2be826dd","Unassigned",NA,NA,NA,NA,NA,NA
"a11528045a18c8342c412c0fbe377c77","Unassigned",NA,NA,NA,NA,NA,NA
"6287301b05750720b1db9cd84d1f4ef0","Unassigned",NA,NA,NA,NA,NA,NA
"5d1e4774d8398d37e747ab4cb4230197","Unassigned",NA,NA,NA,NA,NA,NA
"4bd19ee0bc320db2935f90a02ec9d3ad","d__Eukaryota","Ciliophora","Postciliodesmatophora","Heterotrichea","Heterotrichea","Stentor","Stentor_roeselii"
"7daadcee78ed3524061f5cc71b6e97ab","d__Eukaryota","Ciliophora","Postciliodesmatophora","Heterotrichea","Heterotrichea","Stentor","Stentor_roeselii"
"e72a51aa4f1114f8d6a5325b054dec32","d__Eukaryota","Ciliophora","Postciliodesmatophora","Heterotrichea","Heterotrichea","Stentor","Stentor_roeselii"
"9bbc6e716f301b1e96ed2e5063a4545f","d__Eukaryota","Ciliophora","Postciliodesmatophora","Heterotrichea","Heterotrichea","Stentor","Stentor_roeselii"
"e4ffef76eef4b2bc64c7ee3692aa17ac","d__Eukaryota","Ciliophora","Postciliodesmatophora","Heterotrichea","Heterotrichea","Stentor","Stentor_roeselii"
"06e9c03286f691d47ea3b042250f58b1","Unassigned",NA,NA,NA,NA,NA,NA
"4d4dd3ca8fffe7e3874dffc6c7f2a08d","Unassigned",NA,NA,NA,NA,NA,NA
"0001d23b3dbdafc823151ec7f81ae31f","d__Eukaryota",NA,NA,NA,NA,NA,NA
"ac439cdcac5131b070d06cc8193cb9e5","Unassigned",NA,NA,NA,NA,NA,NA
"66ca85d789e2f60290ce2885b2253a8d","Unassigned",NA,NA,NA,NA,NA,NA
"150a0156fd55dcb1521e1c28d8ba6a74","Unassigned",NA,NA,NA,NA,NA,NA
"09e66ad8dcd11dc2f0115c0300496f57","Unassigned",NA,NA,NA,NA,NA,NA
"0f0d9bab126af74105b4d157803e334e","Unassigned",NA,NA,NA,NA,NA,NA
"c0db3a96227e8e8394d00672dc8d6f16","Unassigned",NA,NA,NA,NA,NA,NA
"ca9698d59149c995bc57a8e10fcdd5c6","Unassigned",NA,NA,NA,NA,NA,NA
"fed43706b88e5eb086c14420a9b8a48f","d__Eukaryota",NA,NA,NA,NA,NA,NA
"e6f9e17aa1c8c627068f3494c77f5fad","Unassigned",NA,NA,NA,NA,NA,NA
"53f531e1c36694f2f7f8f1abe589e6ca","Unassigned",NA,NA,NA,NA,NA,NA
"e975850dd590ccdf560dc80f63683a3e","Unassigned",NA,NA,NA,NA,NA,NA
"e5c2f0362abacf9895e9bb42a06554e4","Unassigned",NA,NA,NA,NA,NA,NA
"1c6de774be8b1c1d71d9467fc9d71242","Unassigned",NA,NA,NA,NA,NA,NA
"4519f5c0061281732a73ee678978b430","Unassigned",NA,NA,NA,NA,NA,NA
"df5fe9b1300b66dab33677fcc40e2337","Unassigned",NA,NA,NA,NA,NA,NA
"c9db6338b8e892068206cf07769bdaab","Unassigned",NA,NA,NA,NA,NA,NA
"08e1e723e731d38572e2e6251c511f94","Unassigned",NA,NA,NA,NA,NA,NA
"012b20925f6a2d07df3a965196ac20ab","d__Eukaryota","Arthropoda","Insecta","Plecoptera","Plecoptera","Plecoptera",NA
"30077992e7fe77e2ecb270af5c722ee5","d__Eukaryota","Ascomycota",NA,NA,NA,NA,NA
"f86c7187a79aa366b8766cdaba63bd25","d__Eukaryota","Ciliophora","Intramacronucleata","Conthreep","Oligohymenophorea",NA,NA
"b357ad87fcbd6df67d49fc288b455079","Unassigned",NA,NA,NA,NA,NA,NA
"eb9486cba53ff7a18d7618780b503a9e","Unassigned",NA,NA,NA,NA,NA,NA
"359537de16cd72154ebf926dcae431d3","d__Eukaryota","Arthropoda","Insecta","Ephemeroptera","Ephemeroptera","Ephemeroptera",NA
"2b0a4fb393f351d15d8182102e5e0e9b","Unassigned",NA,NA,NA,NA,NA,NA
"eed384533daf017c68bb2b2e993a417d","d__Eukaryota","Apicomplexa","Conoidasida","Gregarinasina","Eugregarinorida","Eugregarinorida","Apicomplexa_sp."
"e22e7025113ac399cdc68b3ca1015943","Unassigned",NA,NA,NA,NA,NA,NA
"d0428f7bada851bd372b8b0d0de725aa","Unassigned",NA,NA,NA,NA,NA,NA
"a570b552e2160b632a01a9c8b61b2765","Unassigned",NA,NA,NA,NA,NA,NA
"3ed02ffde1c065337127cdfd607e424a","Unassigned",NA,NA,NA,NA,NA,NA
"f56d741ff4081c17ba581c8987f28a15","d__Eukaryota","Chlorophyta","Ulvophyceae","Ulvophyceae","Ulvophyceae","Ulvophyceae",NA
"6ac07bba4a1c81b4d7dc4d3bfa1732b2","Unassigned",NA,NA,NA,NA,NA,NA
"895cea6bb6880e54de5647dd13bb716d","d__Eukaryota","Arthropoda","Insecta","Diptera","Diptera","Diptera","Chironomus_tentans"
"9327276108419e46af6267927ade68e3","Unassigned",NA,NA,NA,NA,NA,NA
"0755c635a5eba3b6f09a42be8f00c734","Unassigned",NA,NA,NA,NA,NA,NA
"54c496330114fc9b415ffdfcdc4a0b0d","Unassigned",NA,NA,NA,NA,NA,NA
"68cfebe676e30fa31a535ea6144a8ddc","Unassigned",NA,NA,NA,NA,NA,NA
"0c53e75c16b886736a0819584c4f9a3e","Unassigned",NA,NA,NA,NA,NA,NA
"4401e48d0440eed3edd04d8da4a7b133","Unassigned",NA,NA,NA,NA,NA,NA
"b1182fe8fccde497396b1eb57b3a335d","d__Eukaryota",NA,NA,NA,NA,NA,NA
"b3b225778dc203d6d3cb55479794bd39","Unassigned",NA,NA,NA,NA,NA,NA
"a7ccf0e456992f9175910a5e71fd8173","Unassigned",NA,NA,NA,NA,NA,NA
"30c64cf8b67faafd503d14764ce1809a","d__Eukaryota","Arthropoda","Insecta","Trichoptera","Trichoptera","Trichoptera","Rhyacophila_fasciata"
"4b2e49fe15fdcedac350a99f30c07638","Unassigned",NA,NA,NA,NA,NA,NA
"94abdde558a01131426f0f8c02235cac","Unassigned",NA,NA,NA,NA,NA,NA
"89720531cf18a5027e35f05085eb0927","Unassigned",NA,NA,NA,NA,NA,NA
"35e7ae905c5d83c53a2c19efcedb613e","d__Eukaryota",NA,NA,NA,NA,NA,NA
"e65b1e8af5dca79cf7208e382c2475c3","Unassigned",NA,NA,NA,NA,NA,NA
"9905d5a5251df5c7799baf963de3f8b3","Unassigned",NA,NA,NA,NA,NA,NA
"9b7e7b7db093e486fa9e20c6e94ee7f5","d__Bacteria",NA,NA,NA,NA,NA,NA
"84b5b8107b5143c4fe64200bcbb53742","Unassigned",NA,NA,NA,NA,NA,NA
"e129f79832d678b3eecf84878049ce53","Unassigned",NA,NA,NA,NA,NA,NA
"5636e65c8a7e8c0754dc3e07a4a0ff23","Unassigned",NA,NA,NA,NA,NA,NA
"9f0e7f122411df87967703d8a6e672bf","d__Eukaryota",NA,NA,NA,NA,NA,NA
"8f875127f5f9459b7c3853e4b46c3764","Unassigned",NA,NA,NA,NA,NA,NA
"3ec5201cc3bffe6401e5b0d6bffef587","Unassigned",NA,NA,NA,NA,NA,NA
"c70899a46cbe8dd2027ee21eab5eff79","d__Eukaryota",NA,NA,NA,NA,NA,NA
"237413cdb0fa6b923e35fda53144f26c","Unassigned",NA,NA,NA,NA,NA,NA
"3a780f60ee7227d834d759659311d103","Unassigned",NA,NA,NA,NA,NA,NA
"614c4e71bd004d4cbef5f9f67a5b0139","Unassigned",NA,NA,NA,NA,NA,NA
"9b1fd3767a91ce012f10d125a7853082","Unassigned",NA,NA,NA,NA,NA,NA
"619382a428f76eda2b9ba47f1cfd1646","Unassigned",NA,NA,NA,NA,NA,NA
"9948e39497403e8d5129e883d0204702","d__Eukaryota",NA,NA,NA,NA,NA,NA
"f8f5bd1bc5a3cc2da19946bdc8ff2952","Unassigned",NA,NA,NA,NA,NA,NA
"5f2c5047ae610f04f0ba136bdbd44fec","Unassigned",NA,NA,NA,NA,NA,NA
"a0ff0a24904e708f28425410deb068c9","Unassigned",NA,NA,NA,NA,NA,NA
"e28d8a4a39ac0480be8af1284da8f3e3","d__Eukaryota",NA,NA,NA,NA,NA,NA
"a59c3c770d7a69186d234eb172a5b64e","Unassigned",NA,NA,NA,NA,NA,NA
"d7af8262aba60a7693d0ab8a7a1f9c87","Unassigned",NA,NA,NA,NA,NA,NA
"bce1ace0786d7c9c6e46aa965df0a517","Unassigned",NA,NA,NA,NA,NA,NA
"f574ffb8477054a8e9289f5d555ac8b5","Unassigned",NA,NA,NA,NA,NA,NA
"2ffece7aad629a8932bfad8fd6e17e96","d__Bacteria",NA,NA,NA,NA,NA,NA
"d61c5c85479b4761deaa3ebf258c7638","Unassigned",NA,NA,NA,NA,NA,NA
"a3a9636c84f24910fe15c51917e12559","Unassigned",NA,NA,NA,NA,NA,NA
"b35b5b085ea33c0ab2e157c154aeccea","Unassigned",NA,NA,NA,NA,NA,NA
"b195fec1688cc7f847350f8a73311836","d__Eukaryota",NA,NA,NA,NA,NA,NA
"6e884e16c709e2f12cff4e5045f7fbdc","d__Eukaryota",NA,NA,NA,NA,NA,NA
"823513de87c91e333f2e7305971db445","d__Eukaryota",NA,NA,NA,NA,NA,NA
"cae74d60affc02b84688ca7490b565f5","Unassigned",NA,NA,NA,NA,NA,NA
"1e8c7477f232b203c9ee5520075f04f5","Unassigned",NA,NA,NA,NA,NA,NA
"0e952459c902f3cb3c3aa49f55516a40","Unassigned",NA,NA,NA,NA,NA,NA
"bb556cb9dacaf1fc81784943d5c22493","Unassigned",NA,NA,NA,NA,NA,NA
"e9042a9e812ab39fb1eef75bbcada541","Unassigned",NA,NA,NA,NA,NA,NA
"4be65267431df072ba9c259ceece3ee8","Unassigned",NA,NA,NA,NA,NA,NA
"e3547cad8f15da552303f24481ef4ecf","Unassigned",NA,NA,NA,NA,NA,NA
"092d237b75caba637eaf194236804817","Unassigned",NA,NA,NA,NA,NA,NA
"378f53ce6a76a69a7e3d90afb251feb4","Unassigned",NA,NA,NA,NA,NA,NA
"ff344dbb083c26fa4ca245aea4f27b62","Unassigned",NA,NA,NA,NA,NA,NA
"fff30ebf8bcc4869585c7883be149947","Unassigned",NA,NA,NA,NA,NA,NA
"62f9d1b29334cb004786b5f44f42d98c","Unassigned",NA,NA,NA,NA,NA,NA
"ee03b3757c67865e8df274338ac748da","d__Eukaryota",NA,NA,NA,NA,NA,NA
"78a2e320cba2d9f07b637eaa6310626b","Unassigned",NA,NA,NA,NA,NA,NA
"a34be73e9139088017a6e91c15960a6b","Unassigned",NA,NA,NA,NA,NA,NA
"4f15f8398dbf9c9737af999354e38e13","d__Eukaryota",NA,NA,NA,NA,NA,NA
"4979c31dc0f70d6753391809e19c4485","Unassigned",NA,NA,NA,NA,NA,NA
"36bd50dd0ff0e45e651c42d6918178c7","Unassigned",NA,NA,NA,NA,NA,NA
"c6c5d17c40c19051ee24aac6365ed5a7","Unassigned",NA,NA,NA,NA,NA,NA
"0fac00acc329f53ad33c3a666c65646a","d__Bacteria","Proteobacteria","Alphaproteobacteria","Rickettsiales","Mitochondria","Mitochondria",NA
"e6a0595b69d76cdb53f197f5205a42bb","d__Eukaryota","Centrohelida","Centrohelida","Centrohelida",NA,NA,NA
"a12987a67f1e9eeb00f94f45ac786f29","Unassigned",NA,NA,NA,NA,NA,NA
"b1d01d24e9158ae0112676e75e1deedc","Unassigned",NA,NA,NA,NA,NA,NA
"24e4fe6a3dae2ad895b753bfe948c385","Unassigned",NA,NA,NA,NA,NA,NA
"68c98688931107d65413bfe6bafb37aa","Unassigned",NA,NA,NA,NA,NA,NA
"82154d2cf6d9ae72faadcd9ad7912545","Unassigned",NA,NA,NA,NA,NA,NA
"acd7cf4d86adbe72a7dd7a308ffe0f6f","d__Eukaryota","Arthropoda","Insecta","Diptera","Diptera","Diptera","Chironomus_tentans"
"b7b9060bb773708847dfdbd3db3e8ec1","Unassigned",NA,NA,NA,NA,NA,NA
"4e6cea8c3e59a7c398c1f0e59cd1f2f8","Unassigned",NA,NA,NA,NA,NA,NA
"bb676b2bfb61aa5fdf3d98c5a99fa906","Unassigned",NA,NA,NA,NA,NA,NA
"846533f270b0f33b8fd472a4ceeda1cb","d__Eukaryota",NA,NA,NA,NA,NA,NA
"7be84165df39641a64a970c5849d3afb","d__Eukaryota",NA,NA,NA,NA,NA,NA
"24b3bae92eed31870d6d7630fe756c87","Unassigned",NA,NA,NA,NA,NA,NA
"fa4dab94ec77565f2cc9652a9b43620e","Unassigned",NA,NA,NA,NA,NA,NA
"901e7f13f4f39f0ef367fe45f1e506f5","Unassigned",NA,NA,NA,NA,NA,NA
"d2735f00e3a2649e66c20d850d975ebf","d__Bacteria","Proteobacteria",NA,NA,NA,NA,NA
"7db9bd2053ce551be19880264347d4c5","d__Eukaryota",NA,NA,NA,NA,NA,NA
"7eb3a2a80164f746bcda838b9b098d5e","d__Eukaryota",NA,NA,NA,NA,NA,NA
"fd883fee8f9116a0c73cc0bdb5ebc103","Unassigned",NA,NA,NA,NA,NA,NA
"598e0e5459abe71a4e82f11eb2b2920d","d__Eukaryota",NA,NA,NA,NA,NA,NA
"9a6743ee29ef4b2636df07623a6c9ac0","Unassigned",NA,NA,NA,NA,NA,NA
"ebe5a1485d22a94033491f77c53b6294","Unassigned",NA,NA,NA,NA,NA,NA
"c666da04aabdd7aaba95d8eb28e04762","Unassigned",NA,NA,NA,NA,NA,NA
"80a26939e947ce9cd3c529b2f34d6d09","Unassigned",NA,NA,NA,NA,NA,NA
"328de17a7d5d742de1776eec29ecaf2b","Unassigned",NA,NA,NA,NA,NA,NA
"08c3631cf240ca689a8555fd974cb152","Unassigned",NA,NA,NA,NA,NA,NA
"14081d031f7af239b896d11e3f2b9cdc","d__Eukaryota","Diatomea",NA,NA,NA,NA,NA
"07b71b0c67a1e2315e776ca609d624fe","d__Eukaryota",NA,NA,NA,NA,NA,NA
"fa9f052fc21778afb369d6d3162bae7d","Unassigned",NA,NA,NA,NA,NA,NA
"8c703c54b61a29b480708c4a61617563","Unassigned",NA,NA,NA,NA,NA,NA
"f773ba0de61deb8162c38d1a619dac21","Unassigned",NA,NA,NA,NA,NA,NA
"fb6ff9e28ff13bf7b5944de52cc971b7","Unassigned",NA,NA,NA,NA,NA,NA
"36b38f70f2ca58db6341480e22ab35fe","d__Eukaryota",NA,NA,NA,NA,NA,NA
"2765760f799d36d0a45324b487668896","Unassigned",NA,NA,NA,NA,NA,NA
"d84762385a3e12e5b069033727faf621","d__Eukaryota",NA,NA,NA,NA,NA,NA
"dc91a57c3234924179a648669140a91e","Unassigned",NA,NA,NA,NA,NA,NA
"3ede2864b23e0a0b6fe6da4679fe6811","Unassigned",NA,NA,NA,NA,NA,NA
"eaec47dfba48ef9bbc69ece2b0c972f7","Unassigned",NA,NA,NA,NA,NA,NA
"397331b45ee9f0908e5371ec511624e2","Unassigned",NA,NA,NA,NA,NA,NA
"5690972cbc40bf8540988cafa430f529","Unassigned",NA,NA,NA,NA,NA,NA
"e0cf52799c2d9a154d9a07130743bd9f","Unassigned",NA,NA,NA,NA,NA,NA
"71d70bbd00a9146a0c8c26f19153bfad","Unassigned",NA,NA,NA,NA,NA,NA
"12e3845117fcb9361ae425a72e3ad9c4","Unassigned",NA,NA,NA,NA,NA,NA
"04d50c0f6276654ca1c83fa1907996d1","Unassigned",NA,NA,NA,NA,NA,NA
"ea96552e167ebc8807b22178b469a239","d__Bacteria",NA,NA,NA,NA,NA,NA
"837bbb7c88e3f8327037926991a06621","Unassigned",NA,NA,NA,NA,NA,NA
"60c4e3a70c0262c3b64f1342b1695c2a","Unassigned",NA,NA,NA,NA,NA,NA
"742709f28deb646eff67636f6ff2f8eb","Unassigned",NA,NA,NA,NA,NA,NA
"7668a2e061ebe3c1a5b92d0438770694","Unassigned",NA,NA,NA,NA,NA,NA
"ad2c40204545f2fbc07b723514eda472","Unassigned",NA,NA,NA,NA,NA,NA
"a7ffba86f5bdd02d1df2d897c26a8d17","d__Eukaryota",NA,NA,NA,NA,NA,NA
"faa9c762e0b935d792a365dca8747e7f","Unassigned",NA,NA,NA,NA,NA,NA
"028db08eaa9c3fed5e12555d6e2ea7e7","d__Eukaryota",NA,NA,NA,NA,NA,NA
"f67d78e77ba4e9f8f8ed960c2b937935","Unassigned",NA,NA,NA,NA,NA,NA
"175ae3c0b6f8c4838573c8c1271d8cbe","Unassigned",NA,NA,NA,NA,NA,NA
"660d362dc1cd531b1cc5571995052a66","d__Bacteria",NA,NA,NA,NA,NA,NA
"164e384bf07299df2c9728c39974ac99","Unassigned",NA,NA,NA,NA,NA,NA
"791cae988c511707c2c7b720a4329b85","Unassigned",NA,NA,NA,NA,NA,NA
"da7e5c3508b0fd611dd035e9570a5ebe","Unassigned",NA,NA,NA,NA,NA,NA
"04ccccfe7fc31dc5ad69acfe58371419","Unassigned",NA,NA,NA,NA,NA,NA
"cf332c33371085917bee88352feee880","d__Eukaryota","Ciliophora","Postciliodesmatophora","Heterotrichea","Heterotrichea","Stentor","Stentor_roeselii"
"48b03a416cb08a006eb086d06dd85c95","Unassigned",NA,NA,NA,NA,NA,NA
"984accc52360fc7b40e8d171d25a5228","d__Eukaryota",NA,NA,NA,NA,NA,NA
"e505fc8cdba4bbfe7dcde42b858b5b30","Unassigned",NA,NA,NA,NA,NA,NA
"31f028471099be6409f5426e5f49f112","Unassigned",NA,NA,NA,NA,NA,NA
"89fab13e6b3f5e6f7fa6d660ea3ad1cf","Unassigned",NA,NA,NA,NA,NA,NA
"911989d935490ddf316081af54843f42","Unassigned",NA,NA,NA,NA,NA,NA
"644fc92f38277d3f4824cf7050bfb264","Unassigned",NA,NA,NA,NA,NA,NA
"f24c1ac25f4c288626153561ee6736e6","Unassigned",NA,NA,NA,NA,NA,NA
"e58149476e29fdee627c14a5627ec875","Unassigned",NA,NA,NA,NA,NA,NA
"a3b586c15ac830422fdcda6d3568c2c2","Unassigned",NA,NA,NA,NA,NA,NA
"2a7d68fffc1729e4cdfe8d065fd79db0","d__Eukaryota",NA,NA,NA,NA,NA,NA
"419102e0889491b0433c700cc56fcd61","d__Bacteria","Proteobacteria","Alphaproteobacteria","Rickettsiales","Mitochondria","Mitochondria",NA
"ea3f6437f1a3c356b0ac915fcb407472","d__Eukaryota",NA,NA,NA,NA,NA,NA
"c8a4919b8f43cecaa6c680e1e5f1ce3b","Unassigned",NA,NA,NA,NA,NA,NA
"e656c67bd5ccaf561e3decbe734834f4","Unassigned",NA,NA,NA,NA,NA,NA
"d4346a31652deec7f16bedec359824d0","Unassigned",NA,NA,NA,NA,NA,NA
"36bda8dfd8470e09126c57ddeeb1eb2b","Unassigned",NA,NA,NA,NA,NA,NA
"7a7b2ecc4c3992793047ea75f847056d","Unassigned",NA,NA,NA,NA,NA,NA
"8fbb48d6fc6af474e9d1ffbcd01f991d","Unassigned",NA,NA,NA,NA,NA,NA
"ba084c82af77cc77c39b66da0a8f54d1","Unassigned",NA,NA,NA,NA,NA,NA
"c1bb10950caf94d0999191f9cd95bf2b","d__Eukaryota",NA,NA,NA,NA,NA,NA
"5988a6524c419c5b6cb5823b8702c36f","Unassigned",NA,NA,NA,NA,NA,NA
"ce1f367a668d2ff0a2c37566fa3eb878","Unassigned",NA,NA,NA,NA,NA,NA
"3ee533b829db57e98d2e1a2c774d5e0f","Unassigned",NA,NA,NA,NA,NA,NA
"93de032bc5394c903983373e9acc9226","Unassigned",NA,NA,NA,NA,NA,NA
"b32d4f65eaca17574544cac890b6a252","Unassigned",NA,NA,NA,NA,NA,NA
"70c944c8d57bd6fb40382bdd52dd0918","Unassigned",NA,NA,NA,NA,NA,NA
"635840423645010efaf1e6eb8d85cfd8","Unassigned",NA,NA,NA,NA,NA,NA
"8d6fb986c7a0a5dc54e4c1022cc78cee","Unassigned",NA,NA,NA,NA,NA,NA
"80625d9465f149ac364f26dec8fbfa29","d__Eukaryota","Apicomplexa","Conoidasida","Gregarinasina","Eugregarinorida","Ascogregarina",NA
"213acbb231bb867a5a5323ad05f81f35","d__Bacteria","Proteobacteria",NA,NA,NA,NA,NA
"08275851fe8b5ed18ffd2af3f3d58ba3","Unassigned",NA,NA,NA,NA,NA,NA
"6b67aa6061860a98af4eb2c4c05b3fa1","d__Eukaryota",NA,NA,NA,NA,NA,NA
"28a7750b71a193fc8b63c58b4c733aa7","Unassigned",NA,NA,NA,NA,NA,NA
"93f653bf997cd16bcd43b4d74d23fae7","d__Bacteria","Proteobacteria","Alphaproteobacteria",NA,NA,NA,NA
"3a2f85c7cdbb0ecc843bd41e9a653b92","Unassigned",NA,NA,NA,NA,NA,NA
"526fea02565db451d685647d01c24914","Unassigned",NA,NA,NA,NA,NA,NA
"aec7b75e7e816fb84a975d2a67a30d2f","Unassigned",NA,NA,NA,NA,NA,NA
"b16f1b0680bbd038025ced421797305c","d__Eukaryota",NA,NA,NA,NA,NA,NA
"8eeb32a996fec77da80219f06c435a43","Unassigned",NA,NA,NA,NA,NA,NA
"f7a0128f562f9d23e85b63db91113e33","Unassigned",NA,NA,NA,NA,NA,NA
"e5e419bc31841a75853b181c71fb60c1","d__Eukaryota",NA,NA,NA,NA,NA,NA
"b2fcaaafa9166c55ec818a0a9392583e","Unassigned",NA,NA,NA,NA,NA,NA
"5cf137a0f3485c88ff9ddfb11d49f9c0","d__Eukaryota",NA,NA,NA,NA,NA,NA
"bb3aecad8fcb08f2442247d0aa2fb5d3","d__Eukaryota",NA,NA,NA,NA,NA,NA
"e00ecbaace248b23fdc9af2ef7b0ae37","Unassigned",NA,NA,NA,NA,NA,NA
"7dfe3ce4d2aa27e2344fba6c34c6a9c3","Unassigned",NA,NA,NA,NA,NA,NA
"05ea28e44d99e76c022bce320795565c","Unassigned",NA,NA,NA,NA,NA,NA
"bbfee08516e48efcd0acff69d95c2b49","Unassigned",NA,NA,NA,NA,NA,NA
"e32851205a7b47e14a7aad02f84a00e0","Unassigned",NA,NA,NA,NA,NA,NA
"355d24d2263b35b3c9bcfd64098cd587","Unassigned",NA,NA,NA,NA,NA,NA
"bd8e71c84d62ed41b4edecf121a78bb1","d__Eukaryota",NA,NA,NA,NA,NA,NA
"a3b7c8011e9436177e48a91b72689a31","d__Eukaryota",NA,NA,NA,NA,NA,NA
"92a3983113d0407b5e1d72ed2de9918e","Unassigned",NA,NA,NA,NA,NA,NA
"3d16e34aa301e4d806385aeda91d2cf0","d__Eukaryota",NA,NA,NA,NA,NA,NA
"f8b059fa48d4617dc89ad223f44ee029","d__Bacteria","Proteobacteria",NA,NA,NA,NA,NA
"5d34f9c294d610f0d72f89659011e7aa","Unassigned",NA,NA,NA,NA,NA,NA
"dfdee1e4a9e5f921156b87511fb52554","Unassigned",NA,NA,NA,NA,NA,NA
"48422b6a6cf162e14d537ba5b94498f1","Unassigned",NA,NA,NA,NA,NA,NA
"0799d88f0333381c18e15c6fbb576e40","d__Eukaryota",NA,NA,NA,NA,NA,NA
"079df8910310dd29666b72808910fb8b","Unassigned",NA,NA,NA,NA,NA,NA
"5385d4865311f4db4464e30aeb30db71","Unassigned",NA,NA,NA,NA,NA,NA
"de217dc6efa599ee2c28d5080539f802","Unassigned",NA,NA,NA,NA,NA,NA
"0236df415f46e3b24fce63f716801bc2","Unassigned",NA,NA,NA,NA,NA,NA
"0fb5d5b13750079751d157369c190f50","d__Eukaryota",NA,NA,NA,NA,NA,NA
"ac9b80120b6b9247ed6fc4f39146e16d","Unassigned",NA,NA,NA,NA,NA,NA
"05843a1336aa4caab2989ddad7927d0a","Unassigned",NA,NA,NA,NA,NA,NA
"d17618cc9f8d5694c3c68aa09733d4e7","Unassigned",NA,NA,NA,NA,NA,NA
"c1a7179662e908d68bdd0b7335d67e30","Unassigned",NA,NA,NA,NA,NA,NA
"54c58eda0bf3cc5ce6d3e2c37d614885","Unassigned",NA,NA,NA,NA,NA,NA
"13e6df55b7d36f9ec6877be29f75bbce","Unassigned",NA,NA,NA,NA,NA,NA
"fff333b58b4263148ba58b8acec86120","Unassigned",NA,NA,NA,NA,NA,NA
"8dab169c6644c196243bc9d84aa6c9bf","Unassigned",NA,NA,NA,NA,NA,NA
"d67d7ad670b98c7bcfb5bc274639c017","Unassigned",NA,NA,NA,NA,NA,NA
"4f7053931974ca45d1e9e48fa83a991a","Unassigned",NA,NA,NA,NA,NA,NA
"5162d748cff40f90c6ff18bad631fcc2","Unassigned",NA,NA,NA,NA,NA,NA
"f5b7b384d73a1fa2541826cf5945d7f5","Unassigned",NA,NA,NA,NA,NA,NA
"87b32dae5bed1a7634927682c8da98eb","Unassigned",NA,NA,NA,NA,NA,NA
"0eb07f297bd655f39cbd705dcdea68e1","Unassigned",NA,NA,NA,NA,NA,NA
"a50b4d8ee400ed99e9692eea7e155795","Unassigned",NA,NA,NA,NA,NA,NA
"4935138ba19755f158c9751be6d2d8f5","Unassigned",NA,NA,NA,NA,NA,NA
"fc55b228d2641f2d4a8adfcc3071ecfc","Unassigned",NA,NA,NA,NA,NA,NA
"b0ed0ccc1f79871837a7f5622e71a0cd","d__Eukaryota",NA,NA,NA,NA,NA,NA
"6850da220fcdbade3ba92e77fe63fd95","Unassigned",NA,NA,NA,NA,NA,NA
"309e38711004b3bb2cab78b51d2974f0","Unassigned",NA,NA,NA,NA,NA,NA
"a736369d3b67701ade4a7802d15234aa","Unassigned",NA,NA,NA,NA,NA,NA
"f9013222a90ac95e16e312245f04a659","Unassigned",NA,NA,NA,NA,NA,NA
"24d4c190d503fabddcbf4646e259a14a","Unassigned",NA,NA,NA,NA,NA,NA
"bef213eec06002a0ad6ebf62d08aed4f","Unassigned",NA,NA,NA,NA,NA,NA
"1152163cb656ebe35b61d25ef8d5d302","Unassigned",NA,NA,NA,NA,NA,NA
"27af7ebf35329f5a3cdc2bd578eeda50","Unassigned",NA,NA,NA,NA,NA,NA
"8266d45fbfd0622de8e23348506d5b12","Unassigned",NA,NA,NA,NA,NA,NA
"89b7bdf28cdb0b905aa4052f58060fe4","Unassigned",NA,NA,NA,NA,NA,NA
"a02c433947435783e6ee5425153b7e4c","Unassigned",NA,NA,NA,NA,NA,NA
"6d6472589e496aea9e84232d63fa9661","d__Eukaryota",NA,NA,NA,NA,NA,NA
"9fb976d0093f380b2d9a088387a179e8","Unassigned",NA,NA,NA,NA,NA,NA
"6c53392674a418dd9e561273cbe37862","Unassigned",NA,NA,NA,NA,NA,NA
"d38bcf4058d07cf34fd1f8c338cb1b80","Unassigned",NA,NA,NA,NA,NA,NA
"4e37184f11791e632d05b9213021ea84","Unassigned",NA,NA,NA,NA,NA,NA
"1a5605e53715f3e88271c42cc3338b07","Unassigned",NA,NA,NA,NA,NA,NA
"1410d778e3cdf893cf592003676fe04b","Unassigned",NA,NA,NA,NA,NA,NA
"e4ad159da2a193997b54d01aa8a4bc91","Unassigned",NA,NA,NA,NA,NA,NA
"eb4d56e7a8f6a8b520afe3122cc903a3","Unassigned",NA,NA,NA,NA,NA,NA
"fea1365eaad50a0138f4a40014aadc53","d__Eukaryota",NA,NA,NA,NA,NA,NA
"d2db18dc4c2a15c50333e0b981ab9901","Unassigned",NA,NA,NA,NA,NA,NA
"00874db62fd3a04fb64ee0d3fb1f7fc9","Unassigned",NA,NA,NA,NA,NA,NA
"6cd5bae4e07f9bdf95e7241289f136ba","d__Eukaryota","Gastrotricha","Gastrotricha","Chaetonotida","Chaetonotida","Chaetonotida","Halichaetonotus_schromi"
"cb2f59c7da705528eae20e50de01a326","Unassigned",NA,NA,NA,NA,NA,NA
"c3890969b5436c87174fc0068e4664ff","Unassigned",NA,NA,NA,NA,NA,NA
"275f4f76cff08d6a9d0eb49476063ddd","Unassigned",NA,NA,NA,NA,NA,NA
"8f5a8d9d717c7d957e3c5684703c3a63","Unassigned",NA,NA,NA,NA,NA,NA
"9e7a413ebe6c4d2546e2d83aca93e3ac","Unassigned",NA,NA,NA,NA,NA,NA
"cc9abe40ad2b09b9269fbf59533f38c7","d__Eukaryota",NA,NA,NA,NA,NA,NA
"748d2cff3e727e93b37904c33a37eb90","Unassigned",NA,NA,NA,NA,NA,NA
"f3ddfcb6663f6829db9a3b20d5a4ef1a","Unassigned",NA,NA,NA,NA,NA,NA
"7455d297b30ea87927cb789714310872","Unassigned",NA,NA,NA,NA,NA,NA
"b0ef4e37905b919247f6a780df828897","Unassigned",NA,NA,NA,NA,NA,NA
"90ba0192dc99ae50b48706e14983d434","d__Eukaryota",NA,NA,NA,NA,NA,NA
"3ff198e9a939d3cbcc98f1470ba6bb50","Unassigned",NA,NA,NA,NA,NA,NA
"6ed21de852c5a375bc9c9580215c1a13","Unassigned",NA,NA,NA,NA,NA,NA
"987659fbeb67a996ceae0604a201a5d9","Unassigned",NA,NA,NA,NA,NA,NA
"0931681abdc456add8eea5c84bad1e76","Unassigned",NA,NA,NA,NA,NA,NA
"3808059bb39e9a11d87783bd79c5ee3c","Unassigned",NA,NA,NA,NA,NA,NA
"ec31eb76700ef051112269f0f80b855f","Unassigned",NA,NA,NA,NA,NA,NA
"6c9a908f63100ce9a731ddb0b50bc369","Unassigned",NA,NA,NA,NA,NA,NA
"6629e6e34ce712231cd04dbd1d5ae610","Unassigned",NA,NA,NA,NA,NA,NA
"9a11f6c6a0f626133c41d1dcd4c75e33","Unassigned",NA,NA,NA,NA,NA,NA
"b4ee796d3449f0cdc50274e2ef46e1f0","Unassigned",NA,NA,NA,NA,NA,NA
"edfbc23b82578b324ee79d01cf46f985","Unassigned",NA,NA,NA,NA,NA,NA
"e1340cb40996c27eb2b22e0a9efe6ee7","Unassigned",NA,NA,NA,NA,NA,NA
"8b9e79f73e4fbd6a34370eb6943c6dee","Unassigned",NA,NA,NA,NA,NA,NA
"ac8ad51615c04898efdb862fd206f37b","Unassigned",NA,NA,NA,NA,NA,NA
"29f4ff96818a26898b9004639fc309e5","Unassigned",NA,NA,NA,NA,NA,NA
"f778c9391904cd8df6de9d37f5b28052","Unassigned",NA,NA,NA,NA,NA,NA
"0bb452cd07b4208edeeec430883afc06","d__Eukaryota",NA,NA,NA,NA,NA,NA
"e871f9941b2c3fd76b1f57434912085f","d__Eukaryota",NA,NA,NA,NA,NA,NA
"91afb690ee378f338161beda68157e18","Unassigned",NA,NA,NA,NA,NA,NA
"5b9133a1ef0a74ef2c38db50239e5c8b","Unassigned",NA,NA,NA,NA,NA,NA
"8f65a9941b0203c3b8801e25d545d328","Unassigned",NA,NA,NA,NA,NA,NA
"2db0d2380a371b522b779ff4607aaacf","Unassigned",NA,NA,NA,NA,NA,NA
"450491f2c3802c73b8221ce1539091da","d__Eukaryota","Arthropoda","Insecta","Ephemeroptera","Ephemeroptera","Ephemeroptera",NA
"9b249e184854b7eff9055d8c14a2ae40","d__Eukaryota","Protosporangiida","Protosporangiidae","Protosporangiidae","Protosporangiidae","Protosporangium","metagenome"
"9da872f3b05fc4a435e974953e816ae3","Unassigned",NA,NA,NA,NA,NA,NA
"75a7689780fb3bf634a5e270110fb25c","Unassigned",NA,NA,NA,NA,NA,NA
"7f1dc74a74dee6e11f8fec1d783c10a5","d__Eukaryota",NA,NA,NA,NA,NA,NA
"d654bb63dd317b1ec628b4aefcf7bf48","d__Eukaryota","Apicomplexa","Conoidasida","Gregarinasina","Eugregarinorida",NA,NA
"2d1ef49b5e9dfd3f0b8a6ab62d886abd","d__Eukaryota",NA,NA,NA,NA,NA,NA
"1f479f17d5a5fef118723d8163255b6c","Unassigned",NA,NA,NA,NA,NA,NA
"8758941985e3b56c6a8497fcf0d5ed5b","Unassigned",NA,NA,NA,NA,NA,NA
"20263951f8243234636de2dfb7150e01","Unassigned",NA,NA,NA,NA,NA,NA
"b755ad0f80d90a32135d0bb2c149b2af","Unassigned",NA,NA,NA,NA,NA,NA
"e3213d84599db060768cb5adaededba2","Unassigned",NA,NA,NA,NA,NA,NA
"41b0afb0451540439c980b98a2030c72","Unassigned",NA,NA,NA,NA,NA,NA
"f6e4eab183b84f243947ed0b39b2ab19","Unassigned",NA,NA,NA,NA,NA,NA
"0a7a30e12573e7cb6770f2c9f34415b5","d__Eukaryota","Ascomycota",NA,NA,NA,NA,NA
"83a46692f54da9a248306f43adae88aa","Unassigned",NA,NA,NA,NA,NA,NA
"64e47eb8c552683cb99e4890c123cf8e","Unassigned",NA,NA,NA,NA,NA,NA
"28d1ee715aa92dbb0d2712e1b57f7d57","Unassigned",NA,NA,NA,NA,NA,NA
"3f66e499f37dee3caffd82e9e2199433","Unassigned",NA,NA,NA,NA,NA,NA
"5f65e77e280475f2481c6d129ef2f0a3","Unassigned",NA,NA,NA,NA,NA,NA
"45cb72ce4b272b3d652c979098f4aad8","Unassigned",NA,NA,NA,NA,NA,NA
"43b0798b98ba44af3fdf0f97da6d2a57","d__Eukaryota",NA,NA,NA,NA,NA,NA
"54f380f99096e10b232d05fb29be8971","Unassigned",NA,NA,NA,NA,NA,NA
"aeb4811288145161049bf286422a5147","d__Eukaryota",NA,NA,NA,NA,NA,NA
"3ef6a58c30eb1ae2bcdd2b8f27fccb0b","Unassigned",NA,NA,NA,NA,NA,NA
"5f485e341e21936a967ef4c09041d39a","Unassigned",NA,NA,NA,NA,NA,NA
"7d7a1532c59743064dbcae78a16eee56","d__Eukaryota",NA,NA,NA,NA,NA,NA
"233d6e0f60b7a8466aa317c8864dca0c","d__Eukaryota",NA,NA,NA,NA,NA,NA
"3267d5d10d3c8bcd00fc5cc074252c20","Unassigned",NA,NA,NA,NA,NA,NA
"adcb75ff15c400362c73c0c03c5de18b","Unassigned",NA,NA,NA,NA,NA,NA
"d52ba73b6be6463bfa2fafaae61b86b7","Unassigned",NA,NA,NA,NA,NA,NA
"5dc957af1241e60e4509a12b8b0c95f6","d__Eukaryota",NA,NA,NA,NA,NA,NA
"fb417c0463f358d86045931b57a51f71","Unassigned",NA,NA,NA,NA,NA,NA
"4311e62b236846dc0b656821272f6f34","Unassigned",NA,NA,NA,NA,NA,NA
"83d06963858c63c0fa6de5d7fb102048","d__Eukaryota",NA,NA,NA,NA,NA,NA
"185ec426594e046883e13c3430e1a0c8","d__Eukaryota",NA,NA,NA,NA,NA,NA
"ea7f4945b3bb3b58003d0fca3abdde01","Unassigned",NA,NA,NA,NA,NA,NA
"8896aadd65d92bb80dfc72421d240e04","d__Eukaryota",NA,NA,NA,NA,NA,NA
"e12e78eb3e0cc1b0215cdf52253a24fe","Unassigned",NA,NA,NA,NA,NA,NA
"3797551185435633c6240d7f0875b0e8","Unassigned",NA,NA,NA,NA,NA,NA
"7324d6bbf02fdb5658102cbc19f3ef6a","Unassigned",NA,NA,NA,NA,NA,NA
"b3427cc4d0ab15c3266a6946457330a3","Unassigned",NA,NA,NA,NA,NA,NA
"02511b1c10ce0949b2377204d5f2dc28","Unassigned",NA,NA,NA,NA,NA,NA
"dd48781cfda535af883e4265e1a3f002","Unassigned",NA,NA,NA,NA,NA,NA
"7c0ce5c30c71714b04e00566c01e5201","Unassigned",NA,NA,NA,NA,NA,NA
"fb664f3bc3e8221285e46a7d17452dfb","Unassigned",NA,NA,NA,NA,NA,NA
"a8a3d3eb7c465034a35bbabb2a28ef28","d__Eukaryota",NA,NA,NA,NA,NA,NA
"6583de1d62f0d585dd1cf8ac227a27cc","Unassigned",NA,NA,NA,NA,NA,NA
"a27eac92cda9a132c7b8dbaf4747aeda","Unassigned",NA,NA,NA,NA,NA,NA
"ffd13786a3b0a31597f2dc40a8561644","Unassigned",NA,NA,NA,NA,NA,NA
"07fc80ce0778fef89f64ab494357a918","Unassigned",NA,NA,NA,NA,NA,NA
"fdb45c29bd44c2b5c1f9c15be0bab20e","Unassigned",NA,NA,NA,NA,NA,NA
"691937f30169656f5baf7515f3eb1b50","Unassigned",NA,NA,NA,NA,NA,NA
"c945873dd759d3c3edfffe3755577caa","Unassigned",NA,NA,NA,NA,NA,NA
"63d7b56693062c0269179331bbdb109c","Unassigned",NA,NA,NA,NA,NA,NA
"248f5947ebb7ca20f393a7b9c438e05d","Unassigned",NA,NA,NA,NA,NA,NA
"4fb08a0de918ba18316563b2c9752b63","d__Eukaryota","Ascomycota",NA,NA,NA,NA,NA
"57ee19cba0d2cae85342ec13b9d1a609","Unassigned",NA,NA,NA,NA,NA,NA
"40f780bc57ef0f043db28fdcf7883eb2","Unassigned",NA,NA,NA,NA,NA,NA
"2e4d894c2ef29a24ec8393d7ec9a12d0","Unassigned",NA,NA,NA,NA,NA,NA
"7dce73abc67e949d51b7fd1aacbc11b4","Unassigned",NA,NA,NA,NA,NA,NA
"081bd1a68bf4b4095bb7dde6604b3762","Unassigned",NA,NA,NA,NA,NA,NA
"e41e195fb780840ea8ee6430077e87b6","Unassigned",NA,NA,NA,NA,NA,NA
"ad0c21a3da330236037a092382a98449","Unassigned",NA,NA,NA,NA,NA,NA
"69ae434f41d2d06386e0385a8c7b3400","Unassigned",NA,NA,NA,NA,NA,NA
"fc132e760b0049eb13fa0e77562beaf1","d__Eukaryota",NA,NA,NA,NA,NA,NA
"6fcdc528b6b143da2b5a5de4804efdb7","Unassigned",NA,NA,NA,NA,NA,NA
"d1e7d30b993e8f210fbe6ab34b9a30b8","Unassigned",NA,NA,NA,NA,NA,NA
"8df87f6cdde0286846dee8eb2405cd22","Unassigned",NA,NA,NA,NA,NA,NA
"e98f7cd5f6eedca54b7f7e1f463db70f","Unassigned",NA,NA,NA,NA,NA,NA
"8c9af076aa1cdc6bf5fe0caf80f1eee4","Unassigned",NA,NA,NA,NA,NA,NA
"853d909e62d2a514619cf1290ee62583","Unassigned",NA,NA,NA,NA,NA,NA
"c046ded17d5cb31d2b5e543e0ce99bd3","d__Eukaryota",NA,NA,NA,NA,NA,NA
"f029a66338590f122ac8f66ef780334a","Unassigned",NA,NA,NA,NA,NA,NA
"a8cf77a49f82eb59e5bad66928b9d1ca","Unassigned",NA,NA,NA,NA,NA,NA
"d1f3ce9c8fecab32ab04001ee917719a","Unassigned",NA,NA,NA,NA,NA,NA
"78866a48a82ccea4be588695c5ff819f","Unassigned",NA,NA,NA,NA,NA,NA
"d3087f2005133aebf62c2000c7c442e7","Unassigned",NA,NA,NA,NA,NA,NA
"a1e94c0bdb68affa375e19e0c708f948","Unassigned",NA,NA,NA,NA,NA,NA
"6c15f189e492ddd11be010d5c4c73edd","Unassigned",NA,NA,NA,NA,NA,NA
"23e9e9a3a24729d33a01bd2c4083bbec","Unassigned",NA,NA,NA,NA,NA,NA
"c8b06d5dc5009620ecbc12a28db9096c","Unassigned",NA,NA,NA,NA,NA,NA
"35ee50651697cc0d258d241b8309c51d","Unassigned",NA,NA,NA,NA,NA,NA
"5efb9a63307d0151db041858951fe0aa","Unassigned",NA,NA,NA,NA,NA,NA
"d028e49db90583a10a8bdfe4c9883200","Unassigned",NA,NA,NA,NA,NA,NA
"f5cccaac8659883d66e10594a2534e99","Unassigned",NA,NA,NA,NA,NA,NA
"de0f1d38770fd9511e77066a0cad1ef6","Unassigned",NA,NA,NA,NA,NA,NA
"9594d137affc4380280aed44bb2c4072","Unassigned",NA,NA,NA,NA,NA,NA
"470a7f4a008aeb7c87be1bd2d17437c7","Unassigned",NA,NA,NA,NA,NA,NA
"86f25a9f95c1577a978a83f2db467edd","Unassigned",NA,NA,NA,NA,NA,NA
"bb60e47d1e72bc2aeb4386abf8ce93ab","d__Eukaryota",NA,NA,NA,NA,NA,NA
"6c2cd53dd65d0b1658903cacccb5ad1d","Unassigned",NA,NA,NA,NA,NA,NA
"c5f424642ccd0008069fb465404dc66d","Unassigned",NA,NA,NA,NA,NA,NA
"3f36497cd7ce114a8513e6ca574a028c","d__Eukaryota",NA,NA,NA,NA,NA,NA
"640c1b3391806f080e30df02496a3aae","d__Eukaryota",NA,NA,NA,NA,NA,NA
"5e6af54096e8a5a64aa3710572237ffa","d__Eukaryota",NA,NA,NA,NA,NA,NA
"0c67e0503ab824dc76ec8c1784c9571a","Unassigned",NA,NA,NA,NA,NA,NA
"21c1c48f48e9a0ce1144c7c72cd8c8b6","Unassigned",NA,NA,NA,NA,NA,NA
"b9cd72642239ff61cb84d5f5c1d728ec","Unassigned",NA,NA,NA,NA,NA,NA
"7747169d0afa5dc65d2ba9da8b1deb90","Unassigned",NA,NA,NA,NA,NA,NA
"c836c99cf191019462b0a1cf9d4fc94c","Unassigned",NA,NA,NA,NA,NA,NA
"b3d2bcaf5394995b7680bba81897f4f9","Unassigned",NA,NA,NA,NA,NA,NA
"17f907224b7f179c73417acc345a05e9","Unassigned",NA,NA,NA,NA,NA,NA
"a57198af5207b6e5f32ff592d0749936","Unassigned",NA,NA,NA,NA,NA,NA
"895db8dd9e000375a39aff3129e9e46c","Unassigned",NA,NA,NA,NA,NA,NA
"9b94c70d4585b80c4fb3b551c198e8dd","Unassigned",NA,NA,NA,NA,NA,NA
"6ab83c685620e72c69db6d9f2ffd70f3","Unassigned",NA,NA,NA,NA,NA,NA
"724c282e480167838ce820b0524c786c","d__Eukaryota",NA,NA,NA,NA,NA,NA
"d7d31579d286c5385a434e2dd7a927e6","Unassigned",NA,NA,NA,NA,NA,NA
"a4eb8a019002a4d7798d28a4aaf522e0","d__Eukaryota",NA,NA,NA,NA,NA,NA
"34121f8230210e26895d1ad18a7c61ca","Unassigned",NA,NA,NA,NA,NA,NA
"498eff8856783ed0ef0d0c3e18033782","Unassigned",NA,NA,NA,NA,NA,NA
"f58a7d0cf4b3044e368cf6ef342069c5","Unassigned",NA,NA,NA,NA,NA,NA
"ea4629edf618357939ca2a91d2fe4183","Unassigned",NA,NA,NA,NA,NA,NA
"34f82b62ee30715e9e51aaafdd5ed463","d__Eukaryota",NA,NA,NA,NA,NA,NA
"b2e81719865228a81962c781fd658488","Unassigned",NA,NA,NA,NA,NA,NA
"40ab57313e1b16c08c843d71086e13d4","Unassigned",NA,NA,NA,NA,NA,NA
"551aff00201aac1b5d987ce802cff6d2","d__Eukaryota","Ciliophora","Intramacronucleata","Conthreep","Oligohymenophorea","Peritrichia","Ophrydium_versatile"
"a5464ea5b87066ea8c173d58ef7c28b3","Unassigned",NA,NA,NA,NA,NA,NA
"691c65395799d196f796f88c0497e5b4","Unassigned",NA,NA,NA,NA,NA,NA
"212c84f4b58d6b02d6f0c8d22ca282e0","Unassigned",NA,NA,NA,NA,NA,NA
"1f2b8ba5d49f0e13630f33948ebb12c7","Unassigned",NA,NA,NA,NA,NA,NA
"67aaebdd3ff3a76536a6ca5a2aa77aa4","Unassigned",NA,NA,NA,NA,NA,NA
"714ba413bffa38f496b5b8125cae9dbe","Unassigned",NA,NA,NA,NA,NA,NA
"0cefb5b014a12088199defa3fede8007","Unassigned",NA,NA,NA,NA,NA,NA
"306a4b13fd42991f7444709aa5b89411","Unassigned",NA,NA,NA,NA,NA,NA
"dfaac6f6506f56cc266364333b163bed","Unassigned",NA,NA,NA,NA,NA,NA
"ac647bbb219e5a69f7de24705739a450","Unassigned",NA,NA,NA,NA,NA,NA
"13d625dc808abc9f401e01a075d67620","Unassigned",NA,NA,NA,NA,NA,NA
"98ca036e8ffd48519cb74940b66dafe5","d__Bacteria",NA,NA,NA,NA,NA,NA
"c2850379630ec3a11ef7f4f8f144a4a9","Unassigned",NA,NA,NA,NA,NA,NA
"8160b3e97e15292e1306f84c1ebb3c84","Unassigned",NA,NA,NA,NA,NA,NA
"b1852286e9f4ce5b30b23d91b6a4d4cd","Unassigned",NA,NA,NA,NA,NA,NA
"02d1b231b0a3b05b3e62cfbd5861b7ba","Unassigned",NA,NA,NA,NA,NA,NA
"345dd5d7d3bb44a8aed09bc649ed7c49","Unassigned",NA,NA,NA,NA,NA,NA
"e3871a988628ff49973b9468bc33ae95","d__Eukaryota",NA,NA,NA,NA,NA,NA
"abba0d614e47bbb7250f7bf76ecee71e","Unassigned",NA,NA,NA,NA,NA,NA
"ca089f49d2799813de8f0220210cd1ec","Unassigned",NA,NA,NA,NA,NA,NA
"1253522149bd8caa3625d8cf18f9206f","Unassigned",NA,NA,NA,NA,NA,NA
"4c525182edacba33d9ae766b8f89bb3e","d__Eukaryota","Arthropoda","Insecta","Plecoptera","Plecoptera","Plecoptera",NA
"2d5c84fd9f05682fe69ffd157f98a9e4","d__Eukaryota","Arthropoda","Insecta","Plecoptera","Plecoptera","Plecoptera",NA
"505ac3d46b902437db64e23bbaae6a90","Unassigned",NA,NA,NA,NA,NA,NA
"87c4f027f21db9b5c19346d2ce967312","d__Eukaryota",NA,NA,NA,NA,NA,NA
"f4c04b38d362632b655661105f9d9d6a","Unassigned",NA,NA,NA,NA,NA,NA
"aa42f7b0a5da809caadf955e5d29c46d","Unassigned",NA,NA,NA,NA,NA,NA
"09ee40958326156716afb55b9fc8ff76","Unassigned",NA,NA,NA,NA,NA,NA
"afb9d820accc2f73562b74f38ce90ee2","Unassigned",NA,NA,NA,NA,NA,NA
"54e892b42d9511958c420ba3f5db1585","Unassigned",NA,NA,NA,NA,NA,NA
"a3f8659d385ac1370ee04f44aa30413d","Unassigned",NA,NA,NA,NA,NA,NA
"4e9682fdb2460ffd07ea43bd49a9c5fd","Unassigned",NA,NA,NA,NA,NA,NA
"a8b92a22d0398bd3442b2faa9db521f6","Unassigned",NA,NA,NA,NA,NA,NA
"1c36008d612ad28041cab3088283d30a","d__Eukaryota","Rigifilida","Rigifilida","Rigifilida","Rigifilida","Rigifilida","metagenome"
"89f7cdbefa10aa6a25110a7e31b8c3e1","Unassigned",NA,NA,NA,NA,NA,NA
"2405a68935033fc306775b66f0fe234a","Unassigned",NA,NA,NA,NA,NA,NA
"0cb89ae52e4351752ac3120b3e8bbfb8","Unassigned",NA,NA,NA,NA,NA,NA
"e1d9a7bd1f3843a27d8a34cde0e248b3","d__Eukaryota",NA,NA,NA,NA,NA,NA
"9188ae38cb19916cf9777c144bc8dd0d","d__Eukaryota",NA,NA,NA,NA,NA,NA
"e4c240369aa68cd9639e8e562171fdf1","Unassigned",NA,NA,NA,NA,NA,NA
"b5e033c270cd0103bd81b1e9d94d47d9","Unassigned",NA,NA,NA,NA,NA,NA
"c97d2120a2c3ba3c22eb35db64d399b0","Unassigned",NA,NA,NA,NA,NA,NA
"4d243e31d8381fc2640f4eb9885556c6","Unassigned",NA,NA,NA,NA,NA,NA
"7998ecf844e1feb76984d8519cc2b015","Unassigned",NA,NA,NA,NA,NA,NA
"b67d4e1db98f600eeca42ab597c6b605","d__Eukaryota",NA,NA,NA,NA,NA,NA
"70f00c1ac3745d9793412239632ba0b0","Unassigned",NA,NA,NA,NA,NA,NA
"00dda38078c0fd58c2024c43772c20af","d__Eukaryota",NA,NA,NA,NA,NA,NA
"763397db2d2987984add2416c6049bc9","Unassigned",NA,NA,NA,NA,NA,NA
"e8745ede0615ee19c9b637eff8cda190","Unassigned",NA,NA,NA,NA,NA,NA
"6f6f0d66ac337e8eed5628c03509a937","Unassigned",NA,NA,NA,NA,NA,NA
"08df8060b0e6bf22305a51449c217d0c","Unassigned",NA,NA,NA,NA,NA,NA
"22a0c5b35c5f544651a304a4a287cfad","Unassigned",NA,NA,NA,NA,NA,NA
"d72282bc641c41b258bbe64ebc1dc5b0","Unassigned",NA,NA,NA,NA,NA,NA
"e1aff8ea76dd42642f21c74b05dc9d3a","Unassigned",NA,NA,NA,NA,NA,NA
"ea2ae6d5d95b1cbeb1bc7f67dac62898","Unassigned",NA,NA,NA,NA,NA,NA
"77432bfedf4ae1767975a0f99907ea33","Unassigned",NA,NA,NA,NA,NA,NA
"3adf9f0493be310b2a016cbf54799e6e","Unassigned",NA,NA,NA,NA,NA,NA
"694f607cc48da6ee6eafac017fc5bc02","Unassigned",NA,NA,NA,NA,NA,NA
"dcfb5858bb502db7e52070edd3027f0d","Unassigned",NA,NA,NA,NA,NA,NA
"eff83838e791e7979f9a0444a244a3cb","Unassigned",NA,NA,NA,NA,NA,NA
"527b8fa1f2231ea8c6e8eb0ca6bc8c3e","Unassigned",NA,NA,NA,NA,NA,NA
"166832e983b90534c7fcb665a151420a","Unassigned",NA,NA,NA,NA,NA,NA
"fc1f7546e4ba5c3700756a7a9069c52a","Unassigned",NA,NA,NA,NA,NA,NA
"a85f51930ce680c4b9f68e57b6b6dead","d__Eukaryota",NA,NA,NA,NA,NA,NA
"1f1c9b218f3dae1a847d91876da1d19f","Unassigned",NA,NA,NA,NA,NA,NA
"a0bc29bd3bf4acd6d9d0274eaa2ef0e4","Unassigned",NA,NA,NA,NA,NA,NA
"f41bd60fbaa7a065f845778f71ee2a53","Unassigned",NA,NA,NA,NA,NA,NA
"23367d96323153651e157ee1cc078f1d","d__Eukaryota",NA,NA,NA,NA,NA,NA
"21866acba6e7367e29a747647dc69632","Unassigned",NA,NA,NA,NA,NA,NA
"25d2b7a4562a1735a44040cb0cf30bdf","Unassigned",NA,NA,NA,NA,NA,NA
"c3058133d990dc98bec88799666695b9","Unassigned",NA,NA,NA,NA,NA,NA
"8d555ca696fe75ee20436349f43e4454","Unassigned",NA,NA,NA,NA,NA,NA
"47d90953f0043c91603922dbfd0b42bf","d__Eukaryota",NA,NA,NA,NA,NA,NA
"9cf737c87f281e677ccce92f31d3cbe7","Unassigned",NA,NA,NA,NA,NA,NA
"4b1e69c9e1470578e255992eef061867","Unassigned",NA,NA,NA,NA,NA,NA
"25511286ad50478061258ee751c49fbc","Unassigned",NA,NA,NA,NA,NA,NA
"ea4fa6c00042cba858d3616d523fe9ac","Unassigned",NA,NA,NA,NA,NA,NA
"285fd8a66dc7f7ca8ea755844f3dd5ad","Unassigned",NA,NA,NA,NA,NA,NA
"dc173a0720ce39ca8e3c42144d9e741a","Unassigned",NA,NA,NA,NA,NA,NA
"0bff33f00fe6d9a5f6d332688df659a3","Unassigned",NA,NA,NA,NA,NA,NA
"1f08af1bdf10bd4ded9061b80d02b221","Unassigned",NA,NA,NA,NA,NA,NA
"c3c875e16153c938a955bd4468850546","Unassigned",NA,NA,NA,NA,NA,NA
"1dce359ecb6d41451de7041a401c2a5c","Unassigned",NA,NA,NA,NA,NA,NA
"c900ad761be3a38b0f2f5490d8e56177","Unassigned",NA,NA,NA,NA,NA,NA
"3b01be35a4c141299279df1b4a688403","Unassigned",NA,NA,NA,NA,NA,NA
"630773da1049fe72a8b736f8b300a407","Unassigned",NA,NA,NA,NA,NA,NA
"0b76bb4f34fbcea4b44b8eb3e78f3c76","Unassigned",NA,NA,NA,NA,NA,NA
"eacf6c63a57a76648ca600be73920ac1","d__Bacteria","Acidobacteriota","Acidobacteriae","Acidobacteriales","Acidobacteriaceae_(Subgroup_1)",NA,NA
"134062d49f13ff5f80e2bbab6e4c9736","Unassigned",NA,NA,NA,NA,NA,NA
"892028f632fe13cbaa53a135b31655e3","Unassigned",NA,NA,NA,NA,NA,NA
"2964a6f49d2d85ac092321717647f4ce","Unassigned",NA,NA,NA,NA,NA,NA
"b4540acc0a00336f141282b588d19dcb","Unassigned",NA,NA,NA,NA,NA,NA
"ea6ef9424e92d676b6bd0665b756a01d","Unassigned",NA,NA,NA,NA,NA,NA
"e066c1d253b7ba7351decb7dae7559c3","Unassigned",NA,NA,NA,NA,NA,NA
"8f11320d932a7f23e7036e8a3d0c9526","Unassigned",NA,NA,NA,NA,NA,NA
"ed81dc110a6766627e7afd492eb37b83","Unassigned",NA,NA,NA,NA,NA,NA
"d35a4869d1682180a5d3782127045d97","Unassigned",NA,NA,NA,NA,NA,NA
"216768ab1c3c8409b36752d33d3c928e","Unassigned",NA,NA,NA,NA,NA,NA
"278a208acd5efbdb94fa102d0fc4dff6","Unassigned",NA,NA,NA,NA,NA,NA
"45eeda5ae8b47d32b5f73d4436b03ee1","Unassigned",NA,NA,NA,NA,NA,NA
"b1c6befe4660f962a3915481ca778f86","d__Eukaryota",NA,NA,NA,NA,NA,NA
"b66233da602dd0a69f069c309a8f7d0e","Unassigned",NA,NA,NA,NA,NA,NA
"5db65f60a242e0b9e782b8278185c28f","Unassigned",NA,NA,NA,NA,NA,NA
"0f3c46b169a6e98c902b0c24500a4205","Unassigned",NA,NA,NA,NA,NA,NA
"7efff3894429c54d989068aab1ec0bdf","Unassigned",NA,NA,NA,NA,NA,NA
"cbe5f1f91999d55e20d527919419690e","Unassigned",NA,NA,NA,NA,NA,NA
"48f28bee4aed7dc3ef79f0606be31c20","Unassigned",NA,NA,NA,NA,NA,NA
"1e4f08078e896fa921e55d87c4dfd369","Unassigned",NA,NA,NA,NA,NA,NA
"58892ba6e0c0a8b91ce4590cee484873","Unassigned",NA,NA,NA,NA,NA,NA
"e3e910505ae94c9cad92a4f677feafc5","Unassigned",NA,NA,NA,NA,NA,NA
"ddd2e39ad4ef50828266cc7664e540bb","Unassigned",NA,NA,NA,NA,NA,NA
"ddcda72492ce2fd63acfc66e029e0c79","d__Eukaryota",NA,NA,NA,NA,NA,NA
"8e73e895542181c3ab83cb208ead7dd0","Unassigned",NA,NA,NA,NA,NA,NA
"a8830971e1375a85f00ee88f2fa0acb2","Unassigned",NA,NA,NA,NA,NA,NA
"8b9777cd8bec83fe2f1c04487d1ca257","Unassigned",NA,NA,NA,NA,NA,NA
"45a614f97361e007aed428439d11511a","d__Bacteria",NA,NA,NA,NA,NA,NA
"3b6979346a110925d51ec8597acd398d","Unassigned",NA,NA,NA,NA,NA,NA
"ae0bbf8db6fae475691f42167dddb23e","Unassigned",NA,NA,NA,NA,NA,NA
"d4423754d66e3d5c4fe42d796965c97b","Unassigned",NA,NA,NA,NA,NA,NA
"ee6addc620a91a76ae9555eafefb7b0d","Unassigned",NA,NA,NA,NA,NA,NA
"d4d47a3d9fc9dbf1f847e8f44936dc17","d__Eukaryota","Ctenophora",NA,NA,NA,NA,NA
"9621e08420e5566c30fd56490eb1afc9","Unassigned",NA,NA,NA,NA,NA,NA
"b68c41bb07a1d181c2ed41acd4a32a8b","d__Eukaryota",NA,NA,NA,NA,NA,NA
"21f3fa047ae3f60a881a89d7af83dc72","d__Eukaryota",NA,NA,NA,NA,NA,NA
"f547a383b92fe471cfc5bb71e2510d67","d__Bacteria",NA,NA,NA,NA,NA,NA
"948a87f6b087d69d96aba6d6f5148a74","Unassigned",NA,NA,NA,NA,NA,NA
"21e0255856d925214c0e47319a1493b7","Unassigned",NA,NA,NA,NA,NA,NA
"1af55772aedfad0146766de99f667558","d__Eukaryota","Euglenozoa","Euglenida","Euglenophyceae",NA,NA,NA
"78ac9f5c19f1750a7a621f6b93878211","Unassigned",NA,NA,NA,NA,NA,NA
"80c6ade6497e550da934c56a8b390d77","Unassigned",NA,NA,NA,NA,NA,NA
"354e650518f80096a9a8a7d6dc1ee79b","Unassigned",NA,NA,NA,NA,NA,NA
"1fe73581b4a0e336c5f9d1e4b932b2c0","Unassigned",NA,NA,NA,NA,NA,NA
"095f9ba8002c2b577aeada75168e893d","d__Eukaryota",NA,NA,NA,NA,NA,NA
"eda3de5b31b228ffabdaf01bdef38ced","Unassigned",NA,NA,NA,NA,NA,NA
"51489d965fbdb0138e18056856c4b8bc","Unassigned",NA,NA,NA,NA,NA,NA
"15e41819e36d160c7cf097074d398017","Unassigned",NA,NA,NA,NA,NA,NA
"2b252f878aeb4e96dcb7cccb654708f6","Unassigned",NA,NA,NA,NA,NA,NA
"cef563c16fe25ecb71976bdd606bd5f7","Unassigned",NA,NA,NA,NA,NA,NA
"d40a20aed07141cdb0d80b6194f1d7f9","Unassigned",NA,NA,NA,NA,NA,NA
"4125cd3c4973159231d6321da26effb2","Unassigned",NA,NA,NA,NA,NA,NA
"71cfa8e0e9ad86509f09e1550181718e","d__Eukaryota",NA,NA,NA,NA,NA,NA
"6302009156133915d54218f05761d4e6","Unassigned",NA,NA,NA,NA,NA,NA
"a199df46353484a3785d8bbffb2668bf","Unassigned",NA,NA,NA,NA,NA,NA
"c113f2c61f1ad0b83a3ba6c99a62c144","Unassigned",NA,NA,NA,NA,NA,NA
"a96d0a3f441d35291145adf1d462cc95","Unassigned",NA,NA,NA,NA,NA,NA
"79b85b28d541f1eb138bd75214457d87","Unassigned",NA,NA,NA,NA,NA,NA
"d6f7c13dd0f5e42e44e0f849dddf41b9","d__Eukaryota",NA,NA,NA,NA,NA,NA
"9ad5d36e8b1ed9eff13675a8f415115a","Unassigned",NA,NA,NA,NA,NA,NA
"fc05b4676aeaf3b08e7c280479cb22e5","Unassigned",NA,NA,NA,NA,NA,NA
"2399b76ea2c9996b5e197323d6038a8a","Unassigned",NA,NA,NA,NA,NA,NA
"35177cb18dc436840d0a2c9b49af337e","Unassigned",NA,NA,NA,NA,NA,NA
"fcc632ee44adc7fd950db861b577f602","Unassigned",NA,NA,NA,NA,NA,NA
"3df9b3afbec978a302c3e8cea9de7def","Unassigned",NA,NA,NA,NA,NA,NA
"eca8614588d948da0a88aae401aabc6f","d__Eukaryota",NA,NA,NA,NA,NA,NA
"afe6e7fef138f1882cb00763f9357c11","Unassigned",NA,NA,NA,NA,NA,NA
"6544e4316519159a16a551bc35f79ff2","d__Eukaryota",NA,NA,NA,NA,NA,NA
"74ac5a4d0663abaa9181da5c595ffaf6","d__Eukaryota",NA,NA,NA,NA,NA,NA
"c115ceb534204a69d507dae9876027e4","Unassigned",NA,NA,NA,NA,NA,NA
"ea83436ea08b5a5a480ac28b36807e56","Unassigned",NA,NA,NA,NA,NA,NA
"666aaad9096d2e991226818f4041227e","Unassigned",NA,NA,NA,NA,NA,NA
"78c55857db6c3ca2b9c743b64fef3cd5","Unassigned",NA,NA,NA,NA,NA,NA
"6e71427e5d018b5334412f3b35745652","Unassigned",NA,NA,NA,NA,NA,NA
"2dd906281eedc974a89de3b2bd93e71d","Unassigned",NA,NA,NA,NA,NA,NA
"016bf0dd264bdfc757d544823e95bc87","Unassigned",NA,NA,NA,NA,NA,NA
"826b7ee1d90de1a246e1fcddaaca71c5","Unassigned",NA,NA,NA,NA,NA,NA
"281ffdfc5c5b9285eb3a8f882136cdf0","Unassigned",NA,NA,NA,NA,NA,NA
"2cbfcc47fe9602dde68b52496b67ee1e","Unassigned",NA,NA,NA,NA,NA,NA
"a947665de4d07c79cd51dd0bc083d406","Unassigned",NA,NA,NA,NA,NA,NA
"bb31131ecffa720c41bfd4302f2b67ac","Unassigned",NA,NA,NA,NA,NA,NA
"dd79fa77cba378a1b0166b43c608d797","Unassigned",NA,NA,NA,NA,NA,NA
"74faab39e4062e7cfb5c61cc2bb7ac89","Unassigned",NA,NA,NA,NA,NA,NA
"1abc3b216a53f6ba3e904e727c0c5c66","Unassigned",NA,NA,NA,NA,NA,NA
"0baeb46c6abf23c1eb51b319419e7054","Unassigned",NA,NA,NA,NA,NA,NA
"929f5e581dd0c77056af6087e917d820","Unassigned",NA,NA,NA,NA,NA,NA
"4b22f8aea38d77eb764eae300790d662","Unassigned",NA,NA,NA,NA,NA,NA
"549486810d9cee2a0c5da79e8ea93387","d__Eukaryota",NA,NA,NA,NA,NA,NA
"51661f4648024c6460845a41c1392df6","d__Eukaryota",NA,NA,NA,NA,NA,NA
"cc95c26d160edeebfb2853c3ffffe083","d__Eukaryota",NA,NA,NA,NA,NA,NA
"e69072b0312ac1fb2bfa783793e1074c","Unassigned",NA,NA,NA,NA,NA,NA
"8908d0d58b165a657045848255a18ece","Unassigned",NA,NA,NA,NA,NA,NA
"aa637abbdb3c9231b8362937f73a2bb4","Unassigned",NA,NA,NA,NA,NA,NA
"2a442265058af964e0625cf96e09c846","Unassigned",NA,NA,NA,NA,NA,NA
"211bbf2fbea59019d1d6aeb08540d85c","Unassigned",NA,NA,NA,NA,NA,NA
"f3f296d4a94da87d502f262abe4be2ed","Unassigned",NA,NA,NA,NA,NA,NA
"71eb084b1d476699c8b8366252d09734","Unassigned",NA,NA,NA,NA,NA,NA
"35a72b92b9b09d8606157d06ec06710a","Unassigned",NA,NA,NA,NA,NA,NA
"b72c14f3bfc509d13720b3b70656b21b","d__Eukaryota",NA,NA,NA,NA,NA,NA
"d4ff92826b21d3cd7dd7b63e9ec6d145","Unassigned",NA,NA,NA,NA,NA,NA
"8672b84b2e45b5f52a33b6294ccba904","Unassigned",NA,NA,NA,NA,NA,NA
"e2348681d89c9d2e3d7aefd5ce97428d","Unassigned",NA,NA,NA,NA,NA,NA
"bb21ddcade1a0e182ba12c319e3a749b","Unassigned",NA,NA,NA,NA,NA,NA
"880da683794046d92d71e007000ddcf1","Unassigned",NA,NA,NA,NA,NA,NA
"c3a15458023cc4572077c71f2c6e7777","d__Eukaryota",NA,NA,NA,NA,NA,NA
"ed5b1ec10a316eb062179ccf5517e4d2","Unassigned",NA,NA,NA,NA,NA,NA
"06a003b7861f825bc8278b1f84f6602c","Unassigned",NA,NA,NA,NA,NA,NA
"d8e07c40c42c2eea1c523280f7623eb8","Unassigned",NA,NA,NA,NA,NA,NA
"8857f2be7bbcdb0b2478da0e39700b7b","Unassigned",NA,NA,NA,NA,NA,NA
"82dc3642eeaf239d13c155f36407a8b9","d__Eukaryota",NA,NA,NA,NA,NA,NA
"9681225880e9cb39aa4ff1fefc552fcf","Unassigned",NA,NA,NA,NA,NA,NA
"71f7a0f8e98c729fad72dd4fc7f3e1ef","Unassigned",NA,NA,NA,NA,NA,NA
"b08879fbc245d373745bd301c5758df6","Unassigned",NA,NA,NA,NA,NA,NA
"d1b5cb91e23e1ec4d4b3389a536a0a57","Unassigned",NA,NA,NA,NA,NA,NA
"9f6f249b26f8906ade9200ed361cec99","d__Eukaryota",NA,NA,NA,NA,NA,NA
"e51b19efab559c1749d5b7077019b942","Unassigned",NA,NA,NA,NA,NA,NA
"4275ab0e128ca7e02d864dfb32ff5747","Unassigned",NA,NA,NA,NA,NA,NA
"0980e56c1963234a353159e85cb16c80","d__Eukaryota",NA,NA,NA,NA,NA,NA
"5c39af2a78ebbe22312f0889c0f96591","Unassigned",NA,NA,NA,NA,NA,NA
"d4fd992782d5e18d00c239a06c17f44e","d__Eukaryota",NA,NA,NA,NA,NA,NA
"9612c0ce3d2d96778f7bb2fa8a8e0fc1","Unassigned",NA,NA,NA,NA,NA,NA
"c0406447485640cf457cb9661fb1ff29","d__Eukaryota","Ascomycota","Eurotiomycetes","Chaetothyriales","Herpotrichiellaceae",NA,NA
"efc4c06d61379819521c28cdd9dc1dad","Unassigned",NA,NA,NA,NA,NA,NA
"aa6935166e9652f0ad04762e6b435d84","d__Bacteria","Proteobacteria","Alphaproteobacteria","Rickettsiales","Mitochondria","Mitochondria",NA
"a64e57c6ab0b4d1de8b3ab5354cee309","d__Eukaryota",NA,NA,NA,NA,NA,NA
"afd5055503bfc357a0971bf6b4993c6a","Unassigned",NA,NA,NA,NA,NA,NA
"da766b5e6f8bb9500fa2f653529ac3c0","d__Eukaryota","Ciliophora","Intramacronucleata","Conthreep","Oligohymenophorea","Peritrichia","Ophrydium_versatile"
"eb6bc52b41c386ff52bc05bd42c5ef44","Unassigned",NA,NA,NA,NA,NA,NA
"fb881c4cd1eec5dceaa4b382d6258c3a","Unassigned",NA,NA,NA,NA,NA,NA
"ae2b82a89b12938c68cfbb7792b1067d","d__Eukaryota",NA,NA,NA,NA,NA,NA
"fee55858ca8002652d752ee3eb30e037","d__Eukaryota",NA,NA,NA,NA,NA,NA
"51bfeb6895680462a094807f93065c6f","d__Eukaryota",NA,NA,NA,NA,NA,NA
"dd9764a995d1c0b2ee3691e0ddfda2c8","Unassigned",NA,NA,NA,NA,NA,NA
"0214a2d05867e0215c0fecb562b70b69","Unassigned",NA,NA,NA,NA,NA,NA
"c6fb003b2dfb8173565f1883e974a7aa","d__Eukaryota","Ciliophora","Postciliodesmatophora","Heterotrichea","Heterotrichea","Stentor","Stentor_roeselii"
"b26fe5ea8b4e10958875c15be941e58f","Unassigned",NA,NA,NA,NA,NA,NA
"84f8d1d105d216c74a07af9fc1abf1f7","d__Eukaryota",NA,NA,NA,NA,NA,NA
"62847d4b1706e4debc52ca3e65419b7b","Unassigned",NA,NA,NA,NA,NA,NA
"c8cba1a17df1270673b9f031e0361a44","d__Eukaryota","Rigifilida","Rigifilida","Rigifilida","Rigifilida","Rigifilida","metagenome"
"9ef46a187ca311fc81cdea8ab59a82ac","Unassigned",NA,NA,NA,NA,NA,NA
"e96e55e94eef54860f0cb48ed70df800","Unassigned",NA,NA,NA,NA,NA,NA
"aa83a0092d9590e0b11db4ef335029c1","d__Eukaryota",NA,NA,NA,NA,NA,NA
"8cc5551d910d7389e8b49884654de0cb","d__Eukaryota",NA,NA,NA,NA,NA,NA
"f2953363910a00e9714f417b640a003a","d__Bacteria","Proteobacteria","Alphaproteobacteria","Rickettsiales","Mitochondria","Mitochondria",NA
"0a6d446c0641a1b623f3512f1c86ecb0","Unassigned",NA,NA,NA,NA,NA,NA
"73690ee37be648373badd18e3ddc5440","Unassigned",NA,NA,NA,NA,NA,NA
"0c953c1df806ff81c6b522b0f3b93b5f","Unassigned",NA,NA,NA,NA,NA,NA
"30614d3fd055e25371fc7e20d2398eee","d__Eukaryota",NA,NA,NA,NA,NA,NA
"a0803c08474ea9d224d2f61aab908b9b","Unassigned",NA,NA,NA,NA,NA,NA
"b7b5cbc76497f483f92b7d75fe8fd908","Unassigned",NA,NA,NA,NA,NA,NA
"f93bef7e2d62d18128a4baa6c6878d58","Unassigned",NA,NA,NA,NA,NA,NA
"cd175dc1c9f4941d3fbaa8e5da5b98d8","d__Eukaryota",NA,NA,NA,NA,NA,NA
"1551e5f1ca9cceaf74056a6e0266326f","Unassigned",NA,NA,NA,NA,NA,NA
"bd583c6d5883399ff0060f2be9c4ee54","Unassigned",NA,NA,NA,NA,NA,NA
"bdeca573ec6470c80b6d68dd70e272a3","Unassigned",NA,NA,NA,NA,NA,NA
"13293ca412d9b44a9e947e7504997534","Unassigned",NA,NA,NA,NA,NA,NA
"058e5e2f31e7e0832aa6fa19e84c2140","Unassigned",NA,NA,NA,NA,NA,NA
"ca21db22ddec5808f785650b5c36c489","Unassigned",NA,NA,NA,NA,NA,NA
"34e4add7e8782c57c448aca6a5f2d7f9","Unassigned",NA,NA,NA,NA,NA,NA
"d15b8eed6e8176d6213e76ffae1cc62b","Unassigned",NA,NA,NA,NA,NA,NA
"e860fe15d72ee2525ee5985a22ce24f7","Unassigned",NA,NA,NA,NA,NA,NA
"0f0e33da23fcc52f8d5fd1bd6cf9f8d1","Unassigned",NA,NA,NA,NA,NA,NA
"0d63dd4ed572bc08b6ffdea3f30fea46","Unassigned",NA,NA,NA,NA,NA,NA
"76a3eac06003eeaf797033ea0fb173fb","Unassigned",NA,NA,NA,NA,NA,NA
"5e2f10ac6053bab7316c7af3f4cea500","Unassigned",NA,NA,NA,NA,NA,NA
"d6176fa70c6ab69d5367a3c76fd4abca","Unassigned",NA,NA,NA,NA,NA,NA
"57180b43e15ee6bc143b617531c99f47","Unassigned",NA,NA,NA,NA,NA,NA
"98da430043c67216782d1cad02e71090","Unassigned",NA,NA,NA,NA,NA,NA
"587c5e0bc4cbe096bdf4d970e84afa0f","Unassigned",NA,NA,NA,NA,NA,NA
"6c5fee9850f595bb506b172136228439","Unassigned",NA,NA,NA,NA,NA,NA
"4cb634f7cc5f1a76423b55ef8a6bd590","Unassigned",NA,NA,NA,NA,NA,NA
"0912c81b32a67f1f8f5425f03c2d4a8b","Unassigned",NA,NA,NA,NA,NA,NA
"886c7bcdec7f7e213d69d310bb912bf9","d__Eukaryota",NA,NA,NA,NA,NA,NA
"3d3d3e16dc4d3bd03bbb8079e57d8881","Unassigned",NA,NA,NA,NA,NA,NA
"ae841c565b58d12201a5ab2c2e85e159","Unassigned",NA,NA,NA,NA,NA,NA
"21d77e95da8784561143eed2afe0fe2b","Unassigned",NA,NA,NA,NA,NA,NA
"0137e6ab4ef11e3cc46024f3ac2bbeda","Unassigned",NA,NA,NA,NA,NA,NA
"9f5ff655d5b3a6e69c8036cd64f426d4","Unassigned",NA,NA,NA,NA,NA,NA
"c3974ed5ca5757c441fa03f7a6a97588","Unassigned",NA,NA,NA,NA,NA,NA
"c2b4148efc75ae66df8a07e66b82af58","d__Eukaryota",NA,NA,NA,NA,NA,NA
"c27ebf79c4b3de354881c6e290a7b125","Unassigned",NA,NA,NA,NA,NA,NA
"946ea483b08c6e23bc2eb24649797c42","Unassigned",NA,NA,NA,NA,NA,NA
"f87aea56ce7f4c7739b147cd26574371","Unassigned",NA,NA,NA,NA,NA,NA
"a38952bc830da2898280ba2ae9761222","Unassigned",NA,NA,NA,NA,NA,NA
"a40cf91745d8fcc8ab7697d7c91a9b2e","Unassigned",NA,NA,NA,NA,NA,NA
"d91cff0a2ddf576fc5dabac702d7c264","Unassigned",NA,NA,NA,NA,NA,NA
"92b9ed5f4ddaaff6bd7fc81952b035b5","Unassigned",NA,NA,NA,NA,NA,NA
"5b99f1f75450a5c33cd826b48acfddde","Unassigned",NA,NA,NA,NA,NA,NA
"278ceaaa29fe26009cddeb360e0cae06","Unassigned",NA,NA,NA,NA,NA,NA
"a394245e8ec4c03013687b94af1e69c4","Unassigned",NA,NA,NA,NA,NA,NA
"2195d5f90bae2b10154cd4d9cb5ac3df","Unassigned",NA,NA,NA,NA,NA,NA
"636ef924e1e10094d4ac6aff8685437b","Unassigned",NA,NA,NA,NA,NA,NA
"c68c5fc7025d206028248f42cf382196","d__Eukaryota",NA,NA,NA,NA,NA,NA
"97df6e52584542c0efdc85dcf67a0c3f","Unassigned",NA,NA,NA,NA,NA,NA
"c5d50502607cb4737745ca0e286cc387","Unassigned",NA,NA,NA,NA,NA,NA
"0660a0aa910f883322fe4ce73d5409ad","Unassigned",NA,NA,NA,NA,NA,NA
"1b4328f1598707a912903a5ea584789b","Unassigned",NA,NA,NA,NA,NA,NA
"ce941ace39ec4fa641b0dfdc847f588d","d__Eukaryota","Ochrophyta","Chrysophyceae","Chrysophyceae","Chrysophyceae","Chrysophyceae",NA
"d4bb24bdaa47a394117c3daacd463991","Unassigned",NA,NA,NA,NA,NA,NA
"b51ccc4ba2409c5f852547766f6e4ab9","Unassigned",NA,NA,NA,NA,NA,NA
"72f084f2d0c85e2014275c36ed0046cf","Unassigned",NA,NA,NA,NA,NA,NA
"f9a8bd49678305a273b452b1cc197fa1","Unassigned",NA,NA,NA,NA,NA,NA
"3495e29a6b11e982d6f431db18730672","Unassigned",NA,NA,NA,NA,NA,NA
"3ae1d89b317101c671dab97379824164","Unassigned",NA,NA,NA,NA,NA,NA
"84cd57c86f4dc83c2f483d198cb0641e","Unassigned",NA,NA,NA,NA,NA,NA
"f6868c8e6b6583457ee0778497514619","Unassigned",NA,NA,NA,NA,NA,NA
"c25b17ec34a455b86b88eb79a9d11a8c","Unassigned",NA,NA,NA,NA,NA,NA
"5fc13d168b4bdf2cbd659d9da9bcfb7b","Unassigned",NA,NA,NA,NA,NA,NA
"519525976292ccd5448637d81f39e7ca","d__Bacteria","Proteobacteria","Alphaproteobacteria",NA,NA,NA,NA
"58e9897400d875861fb18fb045515808","Unassigned",NA,NA,NA,NA,NA,NA
"d9f5e0cc8747fbd9f980dd8321eb9e7c","Unassigned",NA,NA,NA,NA,NA,NA
"a209a9d728ba528247a37e4362a3301b","Unassigned",NA,NA,NA,NA,NA,NA
"127b0618a10d4bb97b2dfa23cf95bb19","Unassigned",NA,NA,NA,NA,NA,NA
"9708eb8a22b78a59b289e04ce234a4c3","Unassigned",NA,NA,NA,NA,NA,NA
"da998aca9df31277935f8ea21f451ebf","Unassigned",NA,NA,NA,NA,NA,NA
"0b72fe7638db0ee5da347a1c4d386425","Unassigned",NA,NA,NA,NA,NA,NA
"2de6ac60bfd0def5437c2a6e0450f977","Unassigned",NA,NA,NA,NA,NA,NA
"7b69556cc02a2a5971782d23bb444e40","Unassigned",NA,NA,NA,NA,NA,NA
"fbb951779ce8523dee60263a3fb6a23a","Unassigned",NA,NA,NA,NA,NA,NA
"6eeafa489900b1d90348c1fdbf6a4b1d","Unassigned",NA,NA,NA,NA,NA,NA
"ccea589968a7fdb295447dbe9d943989","Unassigned",NA,NA,NA,NA,NA,NA
"fe92ad411e627c0ee770a8b8777dcb7c","Unassigned",NA,NA,NA,NA,NA,NA
"fcbafd7d71568315fc8d6603461dff22","Unassigned",NA,NA,NA,NA,NA,NA
"357b7e8c5682d94bf8ad94dda282f77d","Unassigned",NA,NA,NA,NA,NA,NA
"922ae16bc284c1cd795a2812b198ac45","Unassigned",NA,NA,NA,NA,NA,NA
"14f77300e916ed311b3168b1d9f5b8b8","Unassigned",NA,NA,NA,NA,NA,NA
"bbe94be543d5523a177ada9b3f715f79","d__Eukaryota",NA,NA,NA,NA,NA,NA
"96d61dd13e257328eb4b1f99ecf6317e","Unassigned",NA,NA,NA,NA,NA,NA
"b2e296fc3a3bba75326fda0babe60982","Unassigned",NA,NA,NA,NA,NA,NA
"bed55264e1cafb0dfd9ecbc207371bf8","Unassigned",NA,NA,NA,NA,NA,NA
"7e0bf0f26156fbd718602621ea1cd8fe","d__Eukaryota",NA,NA,NA,NA,NA,NA
"0e6c7025ed85dce08d97254b63aebd4a","Unassigned",NA,NA,NA,NA,NA,NA
"5c0b6f63ede3711174ff520cfac49c4f","d__Eukaryota",NA,NA,NA,NA,NA,NA
"764468c1d5cc765a41722e258d20bda3","Unassigned",NA,NA,NA,NA,NA,NA
"1c20b0da0ec36818d5725a4cc92d5a86","Unassigned",NA,NA,NA,NA,NA,NA
"c841bc01bc45b01f2723085427676b94","Unassigned",NA,NA,NA,NA,NA,NA
"299b2079dca0311560644ef068d86bff","Unassigned",NA,NA,NA,NA,NA,NA
"436557a98542a202d8be97e9cebeddbf","Unassigned",NA,NA,NA,NA,NA,NA
"e2fd2809007f2163fbe49bb1b81445a1","d__Eukaryota",NA,NA,NA,NA,NA,NA
"36bd623afea822ec559c618287ed547f","Unassigned",NA,NA,NA,NA,NA,NA
"b5f4b7720f7cd5fd12f6f0cb20773963","Unassigned",NA,NA,NA,NA,NA,NA
"5a9b3ade65dfbbe284dc622fa82567b2","Unassigned",NA,NA,NA,NA,NA,NA
"5f70345afe8f929d3c1c70a6ee1c53cc","Unassigned",NA,NA,NA,NA,NA,NA
"e6e1f16ef784fcbd08a42ce1cdfe0db3","Unassigned",NA,NA,NA,NA,NA,NA
"6b24c46ad4c3a555805da70c4123c188","d__Eukaryota",NA,NA,NA,NA,NA,NA
"a0dfb30cb31cdc950dd5483f260f9a31","Unassigned",NA,NA,NA,NA,NA,NA
"d5d5998527dc96dc8e377ace510348a8","Unassigned",NA,NA,NA,NA,NA,NA
"f55d2f44e0d7728cc7480f39a0efa78a","d__Eukaryota",NA,NA,NA,NA,NA,NA
"66f4a3fdd7da08434c672274ac4c1528","Unassigned",NA,NA,NA,NA,NA,NA
"9e2a7effd4a7f207b271b9cd8072e2d5","d__Eukaryota",NA,NA,NA,NA,NA,NA
"6fcbac46ca81f7aa792d32ed4f8b46ce","Unassigned",NA,NA,NA,NA,NA,NA
"fb59f3710ce694758bf9efdfa36be443","Unassigned",NA,NA,NA,NA,NA,NA
"12c907bf8d855181e533fdf4e8af4e71","Unassigned",NA,NA,NA,NA,NA,NA
"1cd8b0c6813024a38bc3d9a11c69f9e5","Unassigned",NA,NA,NA,NA,NA,NA
"0df708479b69b46e9e4525d3c3ea9866","Unassigned",NA,NA,NA,NA,NA,NA
"94147384bf01027c182965bbcffc25a0","Unassigned",NA,NA,NA,NA,NA,NA
"2bd95466474fa7737ab9755297aaacf8","d__Bacteria","Proteobacteria","Gammaproteobacteria",NA,NA,NA,NA
"dcb3aaec41b001e041cef7c46193ceb1","Unassigned",NA,NA,NA,NA,NA,NA
"c75aa25e7fae46e37072fa0c4e7647fd","d__Eukaryota",NA,NA,NA,NA,NA,NA
"eb9790a72991de6533ed699cd1ae872e","d__Bacteria",NA,NA,NA,NA,NA,NA
"81416aa572262dc6a47f411b041e0a6e","Unassigned",NA,NA,NA,NA,NA,NA
"501654a97d8df176904a167ee40059af","d__Eukaryota",NA,NA,NA,NA,NA,NA
"eb39ea998dfead0ba7f8dbc581426c33","Unassigned",NA,NA,NA,NA,NA,NA
"ede779ccb956571994029c16558af84f","Unassigned",NA,NA,NA,NA,NA,NA
"88dbc41c3d6e110d07f7af66886f3ab8","d__Eukaryota",NA,NA,NA,NA,NA,NA
"e93b342c525e7bdecb26d519b948a0dd","Unassigned",NA,NA,NA,NA,NA,NA
"1ef466d4a80436e1b3e25fc936e89459","Unassigned",NA,NA,NA,NA,NA,NA
"7bc3eb30b1796ed5c0bd757bdffac600","Unassigned",NA,NA,NA,NA,NA,NA
"08a060c24cac0c70790062a25768758a","Unassigned",NA,NA,NA,NA,NA,NA
"b69c368cabe4ced64759e01ff165deab","Unassigned",NA,NA,NA,NA,NA,NA
"0ec4647404fecc76e5c4de399906ef31","Unassigned",NA,NA,NA,NA,NA,NA
"c5e5ea7a276ff9ec2494defc98bbff9a","Unassigned",NA,NA,NA,NA,NA,NA
"8ea4f1ef02048e5258159f5ae76a7fb9","d__Eukaryota",NA,NA,NA,NA,NA,NA
"e585c766b821f8586dc4932d02fd4d3a","Unassigned",NA,NA,NA,NA,NA,NA
"c3f86bd2559e64a20813a8e33efaabc3","Unassigned",NA,NA,NA,NA,NA,NA
"b15dd96d07feba2e4193c95e15f12f11","Unassigned",NA,NA,NA,NA,NA,NA
"41286864a06d6bfd4655a475eb518c37","Unassigned",NA,NA,NA,NA,NA,NA
"3fda6cc862d6f84b5d3cbbf1cd2053eb","Unassigned",NA,NA,NA,NA,NA,NA
"ede5c2b76b4b007e36fd291f8c802cfe","Unassigned",NA,NA,NA,NA,NA,NA
"61645ae5f4353331c61a38390ffb5e37","Unassigned",NA,NA,NA,NA,NA,NA
"4d46c74f0ea9bb93c731fddf0c846776","d__Eukaryota",NA,NA,NA,NA,NA,NA
"7c829a660e981ebe15a61dff8394460c","Unassigned",NA,NA,NA,NA,NA,NA
"b58587a8f31832b9d029f505cb14c1f0","d__Eukaryota","Euglenozoa","Euglenida","Euglenophyceae",NA,NA,NA
"9371a07e3a536ea630b9bd653379fcc6","Unassigned",NA,NA,NA,NA,NA,NA
"5b88f6502a22c7db84b5c7876b83d169","Unassigned",NA,NA,NA,NA,NA,NA
"fd4a601c5fafc36a7856236165601445","Unassigned",NA,NA,NA,NA,NA,NA
"e1c541f0a73d72f9789e002bc2277090","Unassigned",NA,NA,NA,NA,NA,NA
"ba4599222a95362df26b72e749c648a9","Unassigned",NA,NA,NA,NA,NA,NA
"2a9008578abbf5115a8dc378c8a106c4","Unassigned",NA,NA,NA,NA,NA,NA
"ae1198e6467de0affcd0d804b18fda06","d__Eukaryota",NA,NA,NA,NA,NA,NA
"77c2a85d2d4fa259fef544950cb71305","Unassigned",NA,NA,NA,NA,NA,NA
"214e22123c9449f5101b4af17c39601f","d__Eukaryota",NA,NA,NA,NA,NA,NA
"a2856b8105eb717aad03209719cc6ede","Unassigned",NA,NA,NA,NA,NA,NA
"6fec8111a68c2c6c23f16d25dc207ca7","Unassigned",NA,NA,NA,NA,NA,NA
"629d5fe84348fae224fe67f531648e43","Unassigned",NA,NA,NA,NA,NA,NA
"2b6bd362f147549cb99f285ed6a31c49","d__Eukaryota",NA,NA,NA,NA,NA,NA
"ef5d6665492878d07d5732709088200f","Unassigned",NA,NA,NA,NA,NA,NA
"d87454a534bffad21494ed1b17b1345f","Unassigned",NA,NA,NA,NA,NA,NA
"9dfa8e187a9eb4daf28c59e6854bbf16","Unassigned",NA,NA,NA,NA,NA,NA
"703762c530eb1b965ccdb15b174cc763","d__Eukaryota",NA,NA,NA,NA,NA,NA
"7ea91928676a93bf1d3e5f6467519e77","Unassigned",NA,NA,NA,NA,NA,NA
"db259738061ba8b2e0467634559558f1","Unassigned",NA,NA,NA,NA,NA,NA
"cdaa7ac63bd3cdc78f0da05829bda2a6","d__Eukaryota",NA,NA,NA,NA,NA,NA
"712f9613d061a36cde33f7e9f379c693","Unassigned",NA,NA,NA,NA,NA,NA
"be174b8923e02a90c1856f423d84d62f","Unassigned",NA,NA,NA,NA,NA,NA
"98e1972bf7ffd6edea983a7d6e0ce99b","Unassigned",NA,NA,NA,NA,NA,NA
"88cff75cf29d53d83b12eaa799df5243","d__Eukaryota",NA,NA,NA,NA,NA,NA
"ecba02987b19793b1db9b5f615f53992","Unassigned",NA,NA,NA,NA,NA,NA
"389d7c028fd565564088fd60558496e3","Unassigned",NA,NA,NA,NA,NA,NA
"691f67015ef88de15e931091bc85473d","Unassigned",NA,NA,NA,NA,NA,NA
"692f1a49bea18bc5e226112af25af5eb","Unassigned",NA,NA,NA,NA,NA,NA
"58380506845a8a20f7ce79801137ad14","Unassigned",NA,NA,NA,NA,NA,NA
"1f53d1443944779c900f827b562f95e8","Unassigned",NA,NA,NA,NA,NA,NA
"906e082da571b378d43e6ed6b869e466","Unassigned",NA,NA,NA,NA,NA,NA
"e5b897aad81ccbd3fe2d0d07a2d0b130","Unassigned",NA,NA,NA,NA,NA,NA
"6da0c4932877136ee34843d81ba4b8eb","Unassigned",NA,NA,NA,NA,NA,NA
"214a2407895461ff8eb39cd7bab86a10","Unassigned",NA,NA,NA,NA,NA,NA
"bbcfa7f22327c0bb8894ece23643c3d4","Unassigned",NA,NA,NA,NA,NA,NA
"229de76606531972843dadd09f5964df","Unassigned",NA,NA,NA,NA,NA,NA
"7e06b36c703d47fb1039c3bc6fcfe561","d__Eukaryota","Ascomycota","Eurotiomycetes","Chaetothyriales","Herpotrichiellaceae",NA,NA
"a4166c7494336c083404626c0582fc37","d__Eukaryota","Amoebozoa","Tubulinea","Euamoebida","Euamoebida","Euamoebida",NA
"0ee6a4c23d02f9265f6df6ca2cc17fe2","Unassigned",NA,NA,NA,NA,NA,NA
"a685a2c6c715a2f8b74506a090723e7f","Unassigned",NA,NA,NA,NA,NA,NA
"5c9c57eaee811ccaeba05185552774aa","d__Eukaryota",NA,NA,NA,NA,NA,NA
"a3c5dcbef0087f5ed3fe8cdb7b07c5c9","d__Eukaryota",NA,NA,NA,NA,NA,NA
"e7ddc607ca98494e86a63f0f4b9b07cd","Unassigned",NA,NA,NA,NA,NA,NA
"c7bac9112a15d4b545b97ce5a32964f2","d__Eukaryota","Euglenozoa","Euglenida","Heteronematina","Heteronematina","Petalomonas",NA
"73e99648ef8506c53485127cf3b5744d","Unassigned",NA,NA,NA,NA,NA,NA
"14a49baa26978ff63fbc8b1bea386c3e","d__Eukaryota",NA,NA,NA,NA,NA,NA
"0a489f2b046ff288ae7e164fc804bd17","Unassigned",NA,NA,NA,NA,NA,NA
"37b61a069df986f98761523f992febe2","Unassigned",NA,NA,NA,NA,NA,NA
"475a8adb0dbaa24bda4278f304255511","Unassigned",NA,NA,NA,NA,NA,NA
"d443749d5b1f4f0320142fec8d7f7fa7","Unassigned",NA,NA,NA,NA,NA,NA
"cf6a4a4e2a168a79fc01f04e47fe3a81","Unassigned",NA,NA,NA,NA,NA,NA
"6672589735c029e3c7d687dfdaa10363","Unassigned",NA,NA,NA,NA,NA,NA
"6883b28f7a44268b45b08ac1ece24f7e","Unassigned",NA,NA,NA,NA,NA,NA
"d2e3eb095a011f2d3b63c49260d71439","Unassigned",NA,NA,NA,NA,NA,NA
"1b6942661d610b46d98fc202a31eeb69","Unassigned",NA,NA,NA,NA,NA,NA
"0c74110e9e852d703b08eb60f83d3540","Unassigned",NA,NA,NA,NA,NA,NA
"e89e0fe66d346e8e7bbd366592f58aca","Unassigned",NA,NA,NA,NA,NA,NA
"3090e30a96f8b38c55a84e6667261bb1","d__Eukaryota","Arthropoda","Insecta","Ephemeroptera","Ephemeroptera","Ephemeroptera",NA
"7a84f740515dfde3c29a6de1eb8b4514","Unassigned",NA,NA,NA,NA,NA,NA
"ae303405f449427a4a3f9159cdc2cd73","Unassigned",NA,NA,NA,NA,NA,NA
"b0bb1e294a192ec44c2cf4e9bd8788f2","d__Eukaryota",NA,NA,NA,NA,NA,NA
"f189f9afd88078dbbc63c6fac3787e25","Unassigned",NA,NA,NA,NA,NA,NA
"70149452e14fa20efc1355eb4dfee1f8","Unassigned",NA,NA,NA,NA,NA,NA
"c0a5a1aa30718372feb0011ea7eaa29c","Unassigned",NA,NA,NA,NA,NA,NA
"68fd1e5e2ee62cb7fa1582338ebc7261","Unassigned",NA,NA,NA,NA,NA,NA
"29c23d397e973bf567bef70f484fda82","d__Eukaryota",NA,NA,NA,NA,NA,NA
"9fded906847d717bef24622e98a5f562","d__Bacteria","Proteobacteria","Alphaproteobacteria","Rickettsiales","Mitochondria","Mitochondria",NA
"85c2f9f1fd5dd2d9cfb7094f05362e5a","d__Eukaryota",NA,NA,NA,NA,NA,NA
"cf84e5df233496e064faa9615627d8de","Unassigned",NA,NA,NA,NA,NA,NA
"cac5e789d6e95daa18693c97c28ad46d","Unassigned",NA,NA,NA,NA,NA,NA
"3eed894e4aa900cfd9b7a32e8d06f37c","d__Eukaryota",NA,NA,NA,NA,NA,NA
"6b7b936e6e6e10bb9d68e338a2b4a285","Unassigned",NA,NA,NA,NA,NA,NA
"8ad94b1ff7c944fd685339a5aac7091b","d__Eukaryota",NA,NA,NA,NA,NA,NA
"354999538a53b417a7b8f54842e51736","d__Eukaryota","Ciliophora","Intramacronucleata","Conthreep","Oligohymenophorea","Peritrichia","Ophrydium_versatile"
"3dedfb77a2732ea7fecd0c769f258d7f","Unassigned",NA,NA,NA,NA,NA,NA
"b284c5b4d456b03318bdd5871a6c0e0c","d__Eukaryota",NA,NA,NA,NA,NA,NA
"d6997e794e94ef46a3d70c756f9e3cb3","Unassigned",NA,NA,NA,NA,NA,NA
"f835e5950c138e513cc8de092b5f2b74","Unassigned",NA,NA,NA,NA,NA,NA
"efe18079b83bd2f52ddf9d1f530e40c1","Unassigned",NA,NA,NA,NA,NA,NA
"1b294263fdb8953a93cb86134fd11607","Unassigned",NA,NA,NA,NA,NA,NA
"ffc1bd9791ec2b3e5851ebc20270bd1a","Unassigned",NA,NA,NA,NA,NA,NA
"f6b5d988c0ae602c4197e7cabea98c25","Unassigned",NA,NA,NA,NA,NA,NA
"fd196f88a182634ad584943eb03b48b1","d__Eukaryota",NA,NA,NA,NA,NA,NA
"8c06082ae9d627525257dedee50b9f95","d__Eukaryota","Diatomea",NA,NA,NA,NA,NA
"e33a428095317f8c67145a6309b9d80c","Unassigned",NA,NA,NA,NA,NA,NA
"d86e8c51db2c36e04728864386e30100","Unassigned",NA,NA,NA,NA,NA,NA
"6a65c51502ea5a287b663781640a8fae","Unassigned",NA,NA,NA,NA,NA,NA
"7a392fabffad15b55acb4bdc5103ca7b","d__Eukaryota",NA,NA,NA,NA,NA,NA
"bae0fd7072f68954f6c1dd336403f08d","Unassigned",NA,NA,NA,NA,NA,NA
"3e4ae37c6d933ab78a3b574cc77d1af9","Unassigned",NA,NA,NA,NA,NA,NA
"eebed2783fa29672b650693c1e76a2e9","Unassigned",NA,NA,NA,NA,NA,NA
"31f29605a74a8ac5ab292ed69c566867","Unassigned",NA,NA,NA,NA,NA,NA
"2dcf00559fd1e03c7d656c7d4c5d5660","Unassigned",NA,NA,NA,NA,NA,NA
"a05738ce12f09c37fd93abf7b364e70e","Unassigned",NA,NA,NA,NA,NA,NA
"7bb8543ab57d61c79ffbc2a1c9840e30","d__Bacteria","Proteobacteria",NA,NA,NA,NA,NA
"32913da175d295ddb72662fbc3e3ac6a","Unassigned",NA,NA,NA,NA,NA,NA
"31b39eb08028cb4d7b531c66c00632b6","Unassigned",NA,NA,NA,NA,NA,NA
"c4574afb687db982d64c40805fd6f926","Unassigned",NA,NA,NA,NA,NA,NA
"5f4433e1e5789b2b39f27fab0da819d5","d__Eukaryota",NA,NA,NA,NA,NA,NA
"9b5a7ef8575bf8c3dc718baec4471623","d__Eukaryota",NA,NA,NA,NA,NA,NA
"adbfd6a2fb1fe20b0b96f10f1ee1f03a","Unassigned",NA,NA,NA,NA,NA,NA
"441422448f9856e3028f0d73c60ad5f0","Unassigned",NA,NA,NA,NA,NA,NA
"5fa1f974f548e8286367b55615855977","Unassigned",NA,NA,NA,NA,NA,NA
"b5e8f2e60bb0a1b8a3ac0b6cdb634164","Unassigned",NA,NA,NA,NA,NA,NA
"85137a93da067056e6ff09d111cda632","Unassigned",NA,NA,NA,NA,NA,NA
"277a0f4e5461d50e114ff9aa92dfb2e7","d__Eukaryota",NA,NA,NA,NA,NA,NA
"e2193bc7f9f405becb2fa14a8de4355f","Unassigned",NA,NA,NA,NA,NA,NA
"cb647c870c8225dc80f8d323f20c6a88","Unassigned",NA,NA,NA,NA,NA,NA
"d412cbac3d1d5b8f4682f4e336d38322","Unassigned",NA,NA,NA,NA,NA,NA
"77969301f27c887b4ddbf8565525463f","d__Eukaryota",NA,NA,NA,NA,NA,NA
"5d4d28e7b40906c32927ab95c1999165","d__Eukaryota",NA,NA,NA,NA,NA,NA
"7380cbdec725e187a0357c68d3a7e342","Unassigned",NA,NA,NA,NA,NA,NA
"62f96a83bc73a124de4a43545b998c60","Unassigned",NA,NA,NA,NA,NA,NA
"fed16bcbb9570cde7980146832aa823e","Unassigned",NA,NA,NA,NA,NA,NA
"560517dff46cb172cc040d543a617014","Unassigned",NA,NA,NA,NA,NA,NA
"55c611d8ccf46fe206ef754f9ef20877","d__Eukaryota",NA,NA,NA,NA,NA,NA
"72d5cfeb0cbcc914aa7b1a3617ae3e34","Unassigned",NA,NA,NA,NA,NA,NA
"2ed4bf012c5a038ef6df1177c32195b6","d__Bacteria",NA,NA,NA,NA,NA,NA
"2514fe8b21e456a28feb321f694671d3","Unassigned",NA,NA,NA,NA,NA,NA
"93e4bde4629bb53d1cb257c59089dd00","d__Eukaryota",NA,NA,NA,NA,NA,NA
"36dbfdddc1b37ad5502f94446fb1be85","Unassigned",NA,NA,NA,NA,NA,NA
"4295d8b71e61b1e105dbaff5bbeb0f2d","Unassigned",NA,NA,NA,NA,NA,NA
"58d3fedadb29c86b4683015d0b39bbfa","Unassigned",NA,NA,NA,NA,NA,NA
"98bfaac9784a1ff7a494438f87ad25e7","d__Bacteria","Verrucomicrobiota","Verrucomicrobiae","Verrucomicrobiales","Verrucomicrobiaceae",NA,NA
"6c6da2ce4db142c32f1ca9b943006101","d__Eukaryota","Diatomea",NA,NA,NA,NA,NA
"5b31925ddf66f7a148a1183876aa16c4","Unassigned",NA,NA,NA,NA,NA,NA
"4235fccedae54257213c500cb1cb4d69","Unassigned",NA,NA,NA,NA,NA,NA
"96909db38413cd8b0cccf8c6e4581be4","Unassigned",NA,NA,NA,NA,NA,NA
"fdc221d86d20e2ff5ad74b35d4b41fc7","Unassigned",NA,NA,NA,NA,NA,NA
"03a85b47b44700f1796bf79c87228247","Unassigned",NA,NA,NA,NA,NA,NA
"6cd695746f8318212813d9f989a508d1","Unassigned",NA,NA,NA,NA,NA,NA
"8403de808538253f5e1cfcdc297fc2fc","Unassigned",NA,NA,NA,NA,NA,NA
"b0e202d121057a7f1af655cd803225db","Unassigned",NA,NA,NA,NA,NA,NA
"2ddcc6ab9a157fcd7c2c1d48ed6f3653","Unassigned",NA,NA,NA,NA,NA,NA
"0e9c3f536a8e6f87ed03c3fd5bacc32a","Unassigned",NA,NA,NA,NA,NA,NA
"3645ed204b31b769cb1df12120a052cd","Unassigned",NA,NA,NA,NA,NA,NA
"21ea9290ea11e74794985175f5476dd9","d__Eukaryota",NA,NA,NA,NA,NA,NA
"e994b367cc59cb6e59161c21cd91cbcc","Unassigned",NA,NA,NA,NA,NA,NA
"1481e92a71fb865082f826187e6c51f7","Unassigned",NA,NA,NA,NA,NA,NA
"08dbf45765e19f97f1cb296bb9bb4368","d__Bacteria",NA,NA,NA,NA,NA,NA
"8f6bbddf19d4723c8b41b6732c26359c","d__Eukaryota",NA,NA,NA,NA,NA,NA
"b675fe0d054f0e6d770cf9ce9dc526d7","Unassigned",NA,NA,NA,NA,NA,NA
"6a8691c2ec649228600543df8aa1b2fc","Unassigned",NA,NA,NA,NA,NA,NA
"47aa7ed3e2c41bea3e3791356886a6c9","d__Eukaryota","Platyhelminthes","Rhabditophora","Lecithoepitheliata","Lecithoepitheliata","Lecithoepitheliata","Geocentrophora_sp."
"a9414577980c9acb09ffddab4100ab50","Unassigned",NA,NA,NA,NA,NA,NA
"8a77f79317c230de9559e439a30935d2","Unassigned",NA,NA,NA,NA,NA,NA
"f6cadbaf531a477b4e4d358e482005b5","Unassigned",NA,NA,NA,NA,NA,NA
"38223d61643d9cafc47a2b56dbc17ce8","Unassigned",NA,NA,NA,NA,NA,NA
"ecfff01b0899f5e33375fe9b38a6a430","d__Eukaryota",NA,NA,NA,NA,NA,NA
"d7ea74b79c94e4623f94fa12fa7d80e8","Unassigned",NA,NA,NA,NA,NA,NA
"ed7b8bea303bcfb36696ea566d2fb672","Unassigned",NA,NA,NA,NA,NA,NA
"b55cf7d7cf8ad5640fec146374163e76","Unassigned",NA,NA,NA,NA,NA,NA
"75dafca23fb9b2d176c15e78da88788e","Unassigned",NA,NA,NA,NA,NA,NA
"bffdf6a5aecb4670b47675c27aa895ae","d__Eukaryota",NA,NA,NA,NA,NA,NA
"b7e1d7b3cdf3041ce9ce457191e7f8ce","Unassigned",NA,NA,NA,NA,NA,NA
"72ce7c20a2841d432a8d919d15de0db5","Unassigned",NA,NA,NA,NA,NA,NA
"333446bfd3a99bffce4c326fe0236cd0","Unassigned",NA,NA,NA,NA,NA,NA
"a1e861c14d77a1cd971ff9f8dd53b67f","Unassigned",NA,NA,NA,NA,NA,NA
"7f8804895846862967bd43cca8adf939","Unassigned",NA,NA,NA,NA,NA,NA
"47af1c58bdd9152f0fc13b70990871c2","Unassigned",NA,NA,NA,NA,NA,NA
"b43f50abacf50c4e109cfa8747690dd3","Unassigned",NA,NA,NA,NA,NA,NA
"d4768cf7fad410048fb90795bc139a04","Unassigned",NA,NA,NA,NA,NA,NA
"cb21901eeb2b3274375f430ba852e51a","Unassigned",NA,NA,NA,NA,NA,NA
"3d104ae3f6c77154a21372f9888c50f8","Unassigned",NA,NA,NA,NA,NA,NA
"3c5c57483702521b04fe7ff0b34c3755","Unassigned",NA,NA,NA,NA,NA,NA
"000d8725ffe3b4868716448a2de34114","d__Eukaryota",NA,NA,NA,NA,NA,NA
"f1b80a13c3e10035ede129ec7caf8d2c","Unassigned",NA,NA,NA,NA,NA,NA
"ca7787b19a9367861640c9ceaeca330c","Unassigned",NA,NA,NA,NA,NA,NA
"7deb533273d7cec34d862df2e4a4b45a","Unassigned",NA,NA,NA,NA,NA,NA
"9b813282720a87e55b1a28e0e94a8e6e","d__Eukaryota",NA,NA,NA,NA,NA,NA
"b8753b14ed5e7ce8b0ae71492c59bf39","Unassigned",NA,NA,NA,NA,NA,NA
"beca096a684a609636e4fa330c4f1516","Unassigned",NA,NA,NA,NA,NA,NA
"a399b2b954b6cce4d7d7236c5ac9571e","Unassigned",NA,NA,NA,NA,NA,NA
"1c911eaf7f9ded9f73b056e8f27bf6aa","Unassigned",NA,NA,NA,NA,NA,NA
"f2725f2c1572bdb5be79c8ba1575834c","d__Eukaryota",NA,NA,NA,NA,NA,NA
"b024ef36f04372efbcd6488c82283b89","Unassigned",NA,NA,NA,NA,NA,NA
"fde20385f95682aea7ccd14b47b0c164","Unassigned",NA,NA,NA,NA,NA,NA
"88fb19084761e478d68343510ba0c5b9","Unassigned",NA,NA,NA,NA,NA,NA
"1c8245d1df98a38d9f53670493451573","Unassigned",NA,NA,NA,NA,NA,NA
"d37dad6de980602e5024e3f07b055cd7","Unassigned",NA,NA,NA,NA,NA,NA
"f636884ad08041e9763d9a487107b6c0","Unassigned",NA,NA,NA,NA,NA,NA
"7431f57d2d3fbe529281e9963a18cb74","Unassigned",NA,NA,NA,NA,NA,NA
"d19f1367e38c17ec6bba80cf4efe7862","Unassigned",NA,NA,NA,NA,NA,NA
"da8854e250618a2b3bad87ec9153e4a1","Unassigned",NA,NA,NA,NA,NA,NA
"9489cbbe31c3144b4fc46cc649ca61c4","Unassigned",NA,NA,NA,NA,NA,NA
"0932434be40b69b29c2b1f209e3dfba5","Unassigned",NA,NA,NA,NA,NA,NA
"c613ff3f59c2478e4b2c2ebc980eaab1","Unassigned",NA,NA,NA,NA,NA,NA
"461ac3b2fa7ac3103518657e60f32fff","Unassigned",NA,NA,NA,NA,NA,NA
"fb9a965ddb2b599d98322733ef0c09d6","Unassigned",NA,NA,NA,NA,NA,NA
"deb3ef9dc544cee69f1a976c0394fabe","Unassigned",NA,NA,NA,NA,NA,NA
"800c7234faf9497fcd6f314306871b47","Unassigned",NA,NA,NA,NA,NA,NA
"ea57f028375e2c616bfb1b7f130b1502","Unassigned",NA,NA,NA,NA,NA,NA
"a1dc59d8cd0d0d3bd0a5ccc8f720c1b6","Unassigned",NA,NA,NA,NA,NA,NA
"84182436e16c068a2440ebdd5b495aba","Unassigned",NA,NA,NA,NA,NA,NA
"d8ac9bd65e47eff95c04e0b0d7715900","Unassigned",NA,NA,NA,NA,NA,NA
"314ee25f2ae34f1d312ebdbccec17d3d","Unassigned",NA,NA,NA,NA,NA,NA
"1b59a1a4f84d782598385f8a7341ee8a","Unassigned",NA,NA,NA,NA,NA,NA
"c3a258fc57b79d2a3c09d05beffef810","Unassigned",NA,NA,NA,NA,NA,NA
"b507b1741d9e37351175a66b779444f9","Unassigned",NA,NA,NA,NA,NA,NA
"85b4e8318dab7400892ffe323ab1733b","d__Eukaryota",NA,NA,NA,NA,NA,NA
"36fba6384bcf219a18736028ea277490","Unassigned",NA,NA,NA,NA,NA,NA
"38874bcb0a0f82db8649fec36e341529","Unassigned",NA,NA,NA,NA,NA,NA
"13a09ee84f6cd70aba3f18a228fb59d6","Unassigned",NA,NA,NA,NA,NA,NA
"d3f5d8141825f23ceef2c0d2fec76534","Unassigned",NA,NA,NA,NA,NA,NA
"f28649b808a53f59bef7394c759886a5","Unassigned",NA,NA,NA,NA,NA,NA
"6d49965344f55b44ab2adbfce2c02c1c","Unassigned",NA,NA,NA,NA,NA,NA
"45e6d93a93e60aa575e654232b0c9cbe","Unassigned",NA,NA,NA,NA,NA,NA
"7bb5dfe6cdf4c4d0538dd39b87a27f6b","Unassigned",NA,NA,NA,NA,NA,NA
"c47236178c90013ae3120b150a67d16c","Unassigned",NA,NA,NA,NA,NA,NA
"2cd0b9db0ff3f64a2236bf2c4a94166c","d__Eukaryota",NA,NA,NA,NA,NA,NA
"4224772a8cbafabfd97178d6ecf02778","Unassigned",NA,NA,NA,NA,NA,NA
"0181156c1c65522a543cab1a0a3f5ad0","Unassigned",NA,NA,NA,NA,NA,NA
"4cbcf6927696e71218b5036fd2aabf31","Unassigned",NA,NA,NA,NA,NA,NA
"e8ee3b9e856c450c7bef288dacd889e6","Unassigned",NA,NA,NA,NA,NA,NA
"282d33398d11fa850425e450992862d9","Unassigned",NA,NA,NA,NA,NA,NA
"e4d3ade686117b6dbb31ddcb9d1560b6","Unassigned",NA,NA,NA,NA,NA,NA
"848713b2f87cb080df9d138fe02ef505","Unassigned",NA,NA,NA,NA,NA,NA
"fe5a881fc9a424c9ebf728048c7815ea","Unassigned",NA,NA,NA,NA,NA,NA
"f7d895d52276239f0b47805f553727b7","d__Eukaryota",NA,NA,NA,NA,NA,NA
"db85fe4df5cfa0c12009b86571133aef","Unassigned",NA,NA,NA,NA,NA,NA
"e1addc82d59f8e2e9b0b0d024330c9df","d__Eukaryota",NA,NA,NA,NA,NA,NA
"fce022b6500f3703b15293925f83d5fd","d__Eukaryota",NA,NA,NA,NA,NA,NA
"3da2cacfafa6f3927a7e846bf8f31e28","Unassigned",NA,NA,NA,NA,NA,NA
"3ee1b130f537b054d9ed50d2efbad540","Unassigned",NA,NA,NA,NA,NA,NA
"b519ac53c74d341d7e0b305d1cd53db4","d__Eukaryota",NA,NA,NA,NA,NA,NA
"ec0969332307db2c3e9f56d5448d0041","Unassigned",NA,NA,NA,NA,NA,NA
"f933eb49871660e6c5614222851cc40c","d__Eukaryota",NA,NA,NA,NA,NA,NA
"4371582eb9d22dbafccec4c8be53889c","d__Eukaryota",NA,NA,NA,NA,NA,NA
"a6ea307467d922a2a47c47500aa468fb","Unassigned",NA,NA,NA,NA,NA,NA
"5cf72ceee7223e695783f050041e7483","Unassigned",NA,NA,NA,NA,NA,NA
"3db1e8bd43653b77eb1013e525997446","Unassigned",NA,NA,NA,NA,NA,NA
"4f5b86f6a8079864db34129a0abdddbb","Unassigned",NA,NA,NA,NA,NA,NA
"6df03f691e2338368d5965c3c8e778ee","d__Eukaryota",NA,NA,NA,NA,NA,NA
"de4711844ac8696dfe8d8296210ded0a","Unassigned",NA,NA,NA,NA,NA,NA
"d0b1683dcec57c8a4fa49876a5b702b5","Unassigned",NA,NA,NA,NA,NA,NA
"aa3ef358bbd4bb54a2b29d2b751c450b","Unassigned",NA,NA,NA,NA,NA,NA
"e1692e1383fa7edccc87d8fc7d5493fa","Unassigned",NA,NA,NA,NA,NA,NA
"29de40a92588decea68b6847a208fa76","Unassigned",NA,NA,NA,NA,NA,NA
"57a8f6e3448431e6a3096cecbd9d9638","Unassigned",NA,NA,NA,NA,NA,NA
"d7a37a75340f7f07cb8e182f62a32096","Unassigned",NA,NA,NA,NA,NA,NA
"2effdaca4b48b0052c2a98ee86d749ce","Unassigned",NA,NA,NA,NA,NA,NA
"c4f5d6748348e6953e148a5b13c4b8fb","Unassigned",NA,NA,NA,NA,NA,NA
"c099d4346131218a2b90f2282f040cc2","Unassigned",NA,NA,NA,NA,NA,NA
"1b27a988079e1c1c4aa064c13bd7c4f4","Unassigned",NA,NA,NA,NA,NA,NA
"7b48a7d5ebdb699b2089aebd8fac872c","d__Eukaryota",NA,NA,NA,NA,NA,NA
"4d2025e0ae9d93485d28902e786a5639","Unassigned",NA,NA,NA,NA,NA,NA
"649632f1e91457f45049d20ce19525ac","Unassigned",NA,NA,NA,NA,NA,NA
"7750bee79e63ca3bf6286308ca09295d","Unassigned",NA,NA,NA,NA,NA,NA
"eb2bf9cf6204f68afac4209990abe34a","Unassigned",NA,NA,NA,NA,NA,NA
"2cfaad51bc9c7b4020401d40280ffc75","Unassigned",NA,NA,NA,NA,NA,NA
"c1b259a2412a4b007005fc06ff37dfc3","Unassigned",NA,NA,NA,NA,NA,NA
"b50d64a62e86d1171f2bf0416c6a0ac7","Unassigned",NA,NA,NA,NA,NA,NA
"7cb65515a03665755925782e9ad3b448","Unassigned",NA,NA,NA,NA,NA,NA
"08cd4fb77cc69d25a317d662834a85b3","Unassigned",NA,NA,NA,NA,NA,NA
"90e5e3def782e651de115a4aa4d55e2c","d__Eukaryota","Ciliophora","Intramacronucleata","Conthreep","Oligohymenophorea","Peritrichia","Ophrydium_versatile"
"50d8db99b2e103ecb03c8e7f46aabb92","Unassigned",NA,NA,NA,NA,NA,NA
"3993dc4974dd3edd15efe0ea612afcbe","Unassigned",NA,NA,NA,NA,NA,NA
"39a4459058263b9c0cadd2350811dde2","d__Eukaryota","Ascomycota","Lecanoromycetes",NA,NA,NA,NA
"2f8a81d43740572a6ca0ee184fc8a3e7","Unassigned",NA,NA,NA,NA,NA,NA
"e79eb22e527e58529f093cdbad46751e","Unassigned",NA,NA,NA,NA,NA,NA
"af8b224f5f81213528837153ff16586d","Unassigned",NA,NA,NA,NA,NA,NA
"4cbfa54d89e0b9ef84280905e8cfc47d","Unassigned",NA,NA,NA,NA,NA,NA
"8db77a8574018d08735e78a801a9dd19","Unassigned",NA,NA,NA,NA,NA,NA
"ffbf9a1d5521f92045654f63485c357d","Unassigned",NA,NA,NA,NA,NA,NA
"eb10b81bdfa0f451c4779f66c313dbf9","Unassigned",NA,NA,NA,NA,NA,NA
"ff69e3248fe2a63f81d8211bff3b143e","Unassigned",NA,NA,NA,NA,NA,NA
"3db131527cc139f6e8fb39443ef967aa","Unassigned",NA,NA,NA,NA,NA,NA
"13854e18b48aa713739b7180351afdca","Unassigned",NA,NA,NA,NA,NA,NA
"62fd5cb90d9ab60b91a007f70bd58b54","Unassigned",NA,NA,NA,NA,NA,NA
"1372a32154b2372381f81bbdd2f786ed","d__Eukaryota",NA,NA,NA,NA,NA,NA
"ba8409b5097c0e7d4c2a98e2b04bc3d3","Unassigned",NA,NA,NA,NA,NA,NA
"2346ff0bdd625db4cee605874e43a3b2","Unassigned",NA,NA,NA,NA,NA,NA
"0b75ba6c7424c8e059001fd1ebbb0fcd","Unassigned",NA,NA,NA,NA,NA,NA
"c5609a710ca024132297815a441b4c1a","Unassigned",NA,NA,NA,NA,NA,NA
"ccfc8a006090bb3896ba7bce0143af37","Unassigned",NA,NA,NA,NA,NA,NA
"8ec95239a2ec63a08175ec599f213431","d__Eukaryota",NA,NA,NA,NA,NA,NA
"cd2ff80ed2b3b943f206140cc3e477f8","Unassigned",NA,NA,NA,NA,NA,NA
"353dc1eb9ec2ee63d7c0597487669c8d","Unassigned",NA,NA,NA,NA,NA,NA
"7f3545af21a79926aa82be8d98dcf4ef","Unassigned",NA,NA,NA,NA,NA,NA
"4b3a1b2b60424f6b0a7a777248dea47b","d__Bacteria",NA,NA,NA,NA,NA,NA
"e17e9a47dda2eef147252abea3524475","Unassigned",NA,NA,NA,NA,NA,NA
"fa9a65649b14106729e8fe5d80513571","Unassigned",NA,NA,NA,NA,NA,NA
"50a8ba64a91ab15e31bafe553f8826e8","Unassigned",NA,NA,NA,NA,NA,NA
"6da9264b8dd016b5b136d3b12b20a3a9","Unassigned",NA,NA,NA,NA,NA,NA
"2cd049ef73c5523e44c040aff5137950","Unassigned",NA,NA,NA,NA,NA,NA
"7df94957c830541a3aa1dcd7501343e5","Unassigned",NA,NA,NA,NA,NA,NA
"744dfdaa9a8952ecc90f80cb60fa80cf","d__Bacteria",NA,NA,NA,NA,NA,NA
"0f349f7adc355e4f22fc5065b16bedbe","Unassigned",NA,NA,NA,NA,NA,NA
"10af99847bc736ece0a5c0760bcc77d3","Unassigned",NA,NA,NA,NA,NA,NA
"b4fb208f9505afd3c16efd1bcf4fcd0d","d__Eukaryota",NA,NA,NA,NA,NA,NA
"c28e81a71d60eee289906afbb38c850d","Unassigned",NA,NA,NA,NA,NA,NA
"214dcda66d134dfec3666ecfc4de22e1","Unassigned",NA,NA,NA,NA,NA,NA
"96ce0c96c5efa349e9b3d2935c250643","Unassigned",NA,NA,NA,NA,NA,NA
"d8ce38a5f5437913e219c63c43be5bff","d__Eukaryota",NA,NA,NA,NA,NA,NA
"683dc0f759758f1eed5c566f2da1d555","Unassigned",NA,NA,NA,NA,NA,NA
"fedcbbe07c088918795ade8679ffc54e","Unassigned",NA,NA,NA,NA,NA,NA
"7af936f2677ef739f3ccfbb04ca0462d","Unassigned",NA,NA,NA,NA,NA,NA
"01282d15ba630668f4f0563be10d95b9","Unassigned",NA,NA,NA,NA,NA,NA
"4a3952c47308bb2082f10b05bb179d27","Unassigned",NA,NA,NA,NA,NA,NA
"8664c2f7b131f8820bc6f5ee25141406","Unassigned",NA,NA,NA,NA,NA,NA
"e70a841351495d507eaee91d6a735cfd","Unassigned",NA,NA,NA,NA,NA,NA
"8c1be3ee637a31941e792b475e18fa4d","Unassigned",NA,NA,NA,NA,NA,NA
"5cc08de40c2780d2d63fa9d851c6c766","Unassigned",NA,NA,NA,NA,NA,NA
"be5c61cafb44f7c439962426ded8945c","Unassigned",NA,NA,NA,NA,NA,NA
"046427d63745393049ce7d3f3d7f8273","Unassigned",NA,NA,NA,NA,NA,NA
"ca686b4bb85e0c343af9a7fd7af8ed02","Unassigned",NA,NA,NA,NA,NA,NA
"2d044498c56e7a9f77d13b8ee963dc1d","Unassigned",NA,NA,NA,NA,NA,NA
"42412515a1e88338bae8cc896675f62d","Unassigned",NA,NA,NA,NA,NA,NA
"258dbc56630439ac4586e52e462b88fa","Unassigned",NA,NA,NA,NA,NA,NA
"bf62a840b70dafa723593bd2f2170acd","Unassigned",NA,NA,NA,NA,NA,NA
"a0fd3369929c0996e3ab4aa2142eb571","Unassigned",NA,NA,NA,NA,NA,NA
"a3c87194f2b4a2b334125eed0a087ec4","Unassigned",NA,NA,NA,NA,NA,NA
"b6cf588f286b2c18a51ee2fb6fcdef6a","Unassigned",NA,NA,NA,NA,NA,NA
"3944bed32118ba0a5f59a060ab3d8a2e","Unassigned",NA,NA,NA,NA,NA,NA
"f52f9671c687ce263f96edbb7b72ee03","Unassigned",NA,NA,NA,NA,NA,NA
"dd0b105fce5c9e5651379a0a6c3f9633","Unassigned",NA,NA,NA,NA,NA,NA
"7c4f37c2d037471c8236aa816ad025c7","Unassigned",NA,NA,NA,NA,NA,NA
"0b6803c7758fc6913ad7107195a273b3","Unassigned",NA,NA,NA,NA,NA,NA
"02ef5f919ab24cd3be50de954e100c65","Unassigned",NA,NA,NA,NA,NA,NA
"4fa21f09c4d287b4906d16ffecc14324","Unassigned",NA,NA,NA,NA,NA,NA
"9f48001eb008f540bfae868fa1c78d46","Unassigned",NA,NA,NA,NA,NA,NA
"e730b569820912d6387bfcf341e2034e","Unassigned",NA,NA,NA,NA,NA,NA
"477a307696c44933c789618ddfa81c3d","Unassigned",NA,NA,NA,NA,NA,NA
"4b354f1e004316498ceb12c64fe37165","Unassigned",NA,NA,NA,NA,NA,NA
"8ee2c8c29fe63e002ee1eb7ed0d0660c","Unassigned",NA,NA,NA,NA,NA,NA
"2e41187cf1918685606fbd90d23c2450","Unassigned",NA,NA,NA,NA,NA,NA
"d90d8045c21869a601f4add9c0dc624a","Unassigned",NA,NA,NA,NA,NA,NA
"704d0c8d89449eae8114f11793460afa","d__Eukaryota","Ascomycota",NA,NA,NA,NA,NA
"85844b3b481ddd2f2aac626659bedecd","d__Eukaryota",NA,NA,NA,NA,NA,NA
"8144a9ddf462369238740db6d6cfe60f","Unassigned",NA,NA,NA,NA,NA,NA
"091c7ccb0d533a5071c19b21aff4ed9e","d__Eukaryota",NA,NA,NA,NA,NA,NA
"c2c5007078ccb4ab02c828bfeaf6904e","Unassigned",NA,NA,NA,NA,NA,NA
"093b5a1ddd167be90b97b88f49768ca5","d__Bacteria","Proteobacteria","Alphaproteobacteria","Rickettsiales","Mitochondria","Mitochondria",NA
"b61524c7347a592456407e7269a64cf5","Unassigned",NA,NA,NA,NA,NA,NA
"c73f9afb4ae45dbd18f30b4c118dda15","Unassigned",NA,NA,NA,NA,NA,NA
"d41d3e3f8d63801266c01f1f75f9e6b2","Unassigned",NA,NA,NA,NA,NA,NA
"6f4ed2194a624e1989425461f7722016","Unassigned",NA,NA,NA,NA,NA,NA
"699dd56fddb4e05a29d0d3a95caa6214","Unassigned",NA,NA,NA,NA,NA,NA
"ea3237580f80e068ffe986395fbe6dcd","Unassigned",NA,NA,NA,NA,NA,NA
"8b7e0210b7472cf0fc3fc569d4a513f2","Unassigned",NA,NA,NA,NA,NA,NA
"1110ecd86befa18a5043a43e00e387e9","d__Eukaryota","Ascomycota","Eurotiomycetes","Chaetothyriales",NA,NA,NA
"2e7a30cc65b6fbb91d3814bec36056fa","d__Eukaryota",NA,NA,NA,NA,NA,NA
"c7aa88a2dfb4dd4c0f98f35407b36bb3","d__Eukaryota",NA,NA,NA,NA,NA,NA
"951a2e83b5c98bf6df0b440eeac7fe4a","d__Eukaryota","Ascomycota","Eurotiomycetes","Chaetothyriales","Herpotrichiellaceae",NA,NA
"697b3995d0c02eba190f637586048b00","Unassigned",NA,NA,NA,NA,NA,NA
"4c3ba2aa930dccb66f0c4418a3715e10","d__Eukaryota","Ascomycota","Eurotiomycetes","Chaetothyriales","Herpotrichiellaceae",NA,NA
"d76e5f4a15dfa99ce9c246d8217f6e2e","Unassigned",NA,NA,NA,NA,NA,NA
"30ec941a985873648ee3d681c808a3d2","Unassigned",NA,NA,NA,NA,NA,NA
"b391fda54f5981aeed77787b07287932","Unassigned",NA,NA,NA,NA,NA,NA
"6688e206bad5a29737f012d5140037b7","Unassigned",NA,NA,NA,NA,NA,NA
"e56d6bebd91f0db7adfae8a5efd66511","Unassigned",NA,NA,NA,NA,NA,NA
"0ad98de1f521c60a486f8b78751aa932","Unassigned",NA,NA,NA,NA,NA,NA
"8d9b235ffaa77e897612734b2200cba1","Unassigned",NA,NA,NA,NA,NA,NA
"c7604021a6f7fdcf8bd993c5a4dba042","Unassigned",NA,NA,NA,NA,NA,NA
"cbb29e5dc6ba0defe55cbb2776dfc9c3","Unassigned",NA,NA,NA,NA,NA,NA
"4afe21c61bcb5fe7608ec065fa4fc43e","Unassigned",NA,NA,NA,NA,NA,NA
"a5ab369a916f4373e999b1359c8416b0","Unassigned",NA,NA,NA,NA,NA,NA
"a25b5109e753d40342ad558259677c52","d__Eukaryota","Protosporangiida","Protosporangiidae","Protosporangiidae","Protosporangiidae","Protosporangium","metagenome"
"2e9f299d199131b53fe06149ee9b30be","Unassigned",NA,NA,NA,NA,NA,NA
"fa95834de688ac37d2a95fde1f153698","Unassigned",NA,NA,NA,NA,NA,NA
"572dea6bd16a4f33f61a7528db48ff90","Unassigned",NA,NA,NA,NA,NA,NA
"99c130be76c9fc3e76b8e10ecab1a962","Unassigned",NA,NA,NA,NA,NA,NA
"3cdf81ed26e5b1f4eba64f597a42072b","Unassigned",NA,NA,NA,NA,NA,NA
"d301a48eea32928c38ca1c7c02e18677","Unassigned",NA,NA,NA,NA,NA,NA
"428eac601f3e9f8507eb3478c2c67acc","Unassigned",NA,NA,NA,NA,NA,NA
"1d94ba8ee83397576996121016315cc3","Unassigned",NA,NA,NA,NA,NA,NA
"139eafd5c3d54abd7ab647e1ec81e68a","d__Eukaryota",NA,NA,NA,NA,NA,NA
"da960abf66e64b7c9fc8ebac68d545d4","Unassigned",NA,NA,NA,NA,NA,NA
"36ffc696c65cedf83bb69ac21b1a510c","Unassigned",NA,NA,NA,NA,NA,NA
"0869ba085cdfe9fe8d91c99455a3beb7","d__Eukaryota",NA,NA,NA,NA,NA,NA
"76eb55b79045f0aff75b652565d993b4","Unassigned",NA,NA,NA,NA,NA,NA
"4a25d6c2f58d6992cdd1069bd5ca4e97","Unassigned",NA,NA,NA,NA,NA,NA
"c425a2002ff207019175530af1abb04e","Unassigned",NA,NA,NA,NA,NA,NA
"205afd2a55d5113d0b74b1692de4b570","Unassigned",NA,NA,NA,NA,NA,NA
"3b6699a621ade1466004cd1ef2b3f745","Unassigned",NA,NA,NA,NA,NA,NA
"2e81af596ac7ee349c71c0e6f0a87b32","Unassigned",NA,NA,NA,NA,NA,NA
"053c2e0dde2ea5c081c60fc39e470165","Unassigned",NA,NA,NA,NA,NA,NA
"2d153457ab741ee6196339365fce20ee","Unassigned",NA,NA,NA,NA,NA,NA
"da60a49e54ca35b2684aaede86ef0deb","Unassigned",NA,NA,NA,NA,NA,NA
"bf54f9ef9052f684a974bf82a47d2c67","Unassigned",NA,NA,NA,NA,NA,NA
"464084172e0be53cda6664f9a44d8a12","Unassigned",NA,NA,NA,NA,NA,NA
"5fae4f59c1cd83992671a8f0555822ad","Unassigned",NA,NA,NA,NA,NA,NA
"846ed1203fc782b05fb4cffce8319f7c","Unassigned",NA,NA,NA,NA,NA,NA
"f5982bf7af1202e7328e373eadced9ad","Unassigned",NA,NA,NA,NA,NA,NA
"04977488747443d331e0cea5a0739410","Unassigned",NA,NA,NA,NA,NA,NA
"538896e237392ea1cc2f6b9398e917df","d__Eukaryota",NA,NA,NA,NA,NA,NA
"75446c59343c58feaf08546b041d7424","Unassigned",NA,NA,NA,NA,NA,NA
"66e7c0d5d1f1bd75728a33fbdf9d9005","Unassigned",NA,NA,NA,NA,NA,NA
"da4afda361bde23b13f90edf81732588","d__Eukaryota",NA,NA,NA,NA,NA,NA
"d585e0da8fb3d45b08bd7bfc1686c23a","d__Eukaryota","Protosporangiida","Protosporangiidae","Protosporangiidae","Protosporangiidae","Protosporangium","metagenome"
"7b60e684501d249021ac8002868f7027","Unassigned",NA,NA,NA,NA,NA,NA
"abca65c0595036d318a7df6bafd67c7e","Unassigned",NA,NA,NA,NA,NA,NA
"364d2ed6c4ef528fc7f8a36d5bd26297","Unassigned",NA,NA,NA,NA,NA,NA
"e69d746082f1ccaa91500af2b74e31b3","Unassigned",NA,NA,NA,NA,NA,NA
"703c3c45e2206336adfbc49b9c00d93d","Unassigned",NA,NA,NA,NA,NA,NA
"a73168df9c8badfb7bd90da63d7288f2","d__Eukaryota","Ascomycota","Eurotiomycetes",NA,NA,NA,NA
"afc5fa596a82d3537d34cf827fe0a045","Unassigned",NA,NA,NA,NA,NA,NA
"251a1720f70ce500741d18990ec4810b","Unassigned",NA,NA,NA,NA,NA,NA
"2460bea8c489eacd86e4e80efb7db7ca","Unassigned",NA,NA,NA,NA,NA,NA
"da15834b898be8f57b03b93712ef54b7","Unassigned",NA,NA,NA,NA,NA,NA
"5d9b4f6e94049f4605f3a37605a5b3e0","Unassigned",NA,NA,NA,NA,NA,NA
"1a692a4cdff62f06ec36107e3a931b39","Unassigned",NA,NA,NA,NA,NA,NA
"c9aafbe7a187688e5601bbd525da98d9","d__Eukaryota","Apicomplexa","Conoidasida","Gregarinasina","Eugregarinorida","Ascogregarina",NA
"2b94484600085504945145f340a35837","Unassigned",NA,NA,NA,NA,NA,NA
"9007badf6fb7b3b399b5580270520a50","Unassigned",NA,NA,NA,NA,NA,NA
"0c20b54f095efd086403642e07d70207","d__Bacteria","Proteobacteria","Alphaproteobacteria","Rickettsiales","Mitochondria","Mitochondria",NA
"0b3a20277b508577947d353b487357e8","Unassigned",NA,NA,NA,NA,NA,NA
"43700a68e3041e7072f0ee9b11d5da96","Unassigned",NA,NA,NA,NA,NA,NA
"93e2337240925cf67a997e3cae219dc3","Unassigned",NA,NA,NA,NA,NA,NA
"ac0b8f9e577e998b473cd3e62062c359","Unassigned",NA,NA,NA,NA,NA,NA
"daa5c8675f8bf964199055aa51539c59","Unassigned",NA,NA,NA,NA,NA,NA
"05b73d4884f82f50cbed181106fb5f99","Unassigned",NA,NA,NA,NA,NA,NA
"5346029f55ba0048b86211230ada3380","d__Eukaryota",NA,NA,NA,NA,NA,NA
"543f3e46146f105e3bdba8cd8bbc75ef","Unassigned",NA,NA,NA,NA,NA,NA
"451e70fd0176b9b35f0950c613135249","Unassigned",NA,NA,NA,NA,NA,NA
"b0e8e7abc484b1696b954242b40dee7f","Unassigned",NA,NA,NA,NA,NA,NA
"20fddd69a38861b467859226c4469f14","Unassigned",NA,NA,NA,NA,NA,NA
"e3e6d8fecb23c33767af024751332264","Unassigned",NA,NA,NA,NA,NA,NA
"1cb97da219137d8842a9c32b87d42fe8","d__Eukaryota",NA,NA,NA,NA,NA,NA
"837f3a66f28902f503176dd187eb546c","Unassigned",NA,NA,NA,NA,NA,NA
"22412f3b462cb1a909f35347ea9d7f5d","Unassigned",NA,NA,NA,NA,NA,NA
"a589640634b900b52d44df7ffd5e2c52","Unassigned",NA,NA,NA,NA,NA,NA
"2ec05bf95b61d09a3e18d2b28a0c3cf9","d__Eukaryota",NA,NA,NA,NA,NA,NA
"be2571b8b8f3b8f34c02b975795eb925","Unassigned",NA,NA,NA,NA,NA,NA
"60253d03a2712cadc00d797897a71999","Unassigned",NA,NA,NA,NA,NA,NA
"fc5b6889078989ce7fa05f0c2ec2c440","Unassigned",NA,NA,NA,NA,NA,NA
"69d9b2cd3a49cc1d2d4f3f6f5c5f54d2","Unassigned",NA,NA,NA,NA,NA,NA
"8721d2218d608c6cdbe8477f820bbac7","Unassigned",NA,NA,NA,NA,NA,NA
"b88914050671e171a840e079937bcecc","d__Eukaryota","Apicomplexa","Conoidasida","Gregarinasina","Eugregarinorida","Ascogregarina",NA
"e103aaed997eb38769ac8141d88ecf3a","Unassigned",NA,NA,NA,NA,NA,NA
"8eb13ce98ec941957bf62d4595fc1b7b","d__Eukaryota",NA,NA,NA,NA,NA,NA
"d94ffadfc3582617cd930170715a3a25","Unassigned",NA,NA,NA,NA,NA,NA
"097a6d2a173fcc621ed47e2fdf6d51a5","Unassigned",NA,NA,NA,NA,NA,NA
"64ad41e88677910f66de7af3a3149c55","Unassigned",NA,NA,NA,NA,NA,NA
"f145e335895539a1c04558d5bba3b287","d__Bacteria","Proteobacteria",NA,NA,NA,NA,NA
"2af39f9ba22529ea34b54d41fbc6fa30","Unassigned",NA,NA,NA,NA,NA,NA
"c5a59020bdcbde184d736cfe5008547b","Unassigned",NA,NA,NA,NA,NA,NA
"799562871e59286460b4cd630d4751e6","Unassigned",NA,NA,NA,NA,NA,NA
"cfcee33dfbb21773501a412d4cabc865","Unassigned",NA,NA,NA,NA,NA,NA
"4b4ea63ba40f6b4e94beee49c20b50d8","Unassigned",NA,NA,NA,NA,NA,NA
"cce19428eabfd402116007ae2cfe1d87","Unassigned",NA,NA,NA,NA,NA,NA
"34e36df17984203b9b07ffb50e9e9f7f","Unassigned",NA,NA,NA,NA,NA,NA
"a4c620d28c46fa13d3f625502e57488c","d__Eukaryota",NA,NA,NA,NA,NA,NA
"a1b211af591ea8d1067a5d5b4fb05812","d__Eukaryota",NA,NA,NA,NA,NA,NA
"a6d5c50e5b0cb0eb317156369e9fd6ff","Unassigned",NA,NA,NA,NA,NA,NA
"62e8498b85ff17d046bba3d5e6539962","Unassigned",NA,NA,NA,NA,NA,NA
"9139285c4b55b57f89c91c0bd2ba72ad","Unassigned",NA,NA,NA,NA,NA,NA
"910de9cf0a30cb3adb8d96a65be0cc57","Unassigned",NA,NA,NA,NA,NA,NA
"41d653b642fa71db759354132873f75a","d__Eukaryota",NA,NA,NA,NA,NA,NA
"bf36c08560b0edda1e590545630df138","Unassigned",NA,NA,NA,NA,NA,NA
"411d3c2a48c7c37abecc42c168f3c6d4","Unassigned",NA,NA,NA,NA,NA,NA
"015be760082134f35c7d2d84350441cc","Unassigned",NA,NA,NA,NA,NA,NA
"10d398cd6af5ef2ae0febd5900f63cbc","Unassigned",NA,NA,NA,NA,NA,NA
"e4f0cd41c62df195e20bff4aa000fd26","d__Eukaryota",NA,NA,NA,NA,NA,NA
"e8adc98f1e5f06be29d605d4a7c5b818","Unassigned",NA,NA,NA,NA,NA,NA
"0b66628a87a2cad81031bf62b854ae0b","Unassigned",NA,NA,NA,NA,NA,NA
"4efb9b6750e3f537178e2771819ab701","Unassigned",NA,NA,NA,NA,NA,NA
"ccc065caf268746f32836ba89be01ea3","Unassigned",NA,NA,NA,NA,NA,NA
"791c5a5f269c97ddfdbb2b4cb520deba","Unassigned",NA,NA,NA,NA,NA,NA
"0dcb0edd26d752aa2bbb524893aa9b12","Unassigned",NA,NA,NA,NA,NA,NA
"c1e65656f3e17c97169020a50cbd9818","d__Eukaryota",NA,NA,NA,NA,NA,NA
"9f4f7a267ff3f8f9078ddffa2358dde8","Unassigned",NA,NA,NA,NA,NA,NA
"e5cc89e38cbf2fd3d68f3567b87060f2","d__Eukaryota",NA,NA,NA,NA,NA,NA
"ddca05fabb11fe0048b0ce0dac38a613","Unassigned",NA,NA,NA,NA,NA,NA
"2330f4c50601327a3c1613471e4fb278","Unassigned",NA,NA,NA,NA,NA,NA
"9f8763bab6a3f984ea2a36b2ba7d7c06","Unassigned",NA,NA,NA,NA,NA,NA
"bd1484bd3bb9d6d3e707d68a648e7526","Unassigned",NA,NA,NA,NA,NA,NA
"fb9c066ec4f4f6de77b8e4ebeae6fccd","Unassigned",NA,NA,NA,NA,NA,NA
"2573d21c72c1283c8806564f140320ee","Unassigned",NA,NA,NA,NA,NA,NA
"eb6b1deeffbe3ea9b07ad4627a7883ac","Unassigned",NA,NA,NA,NA,NA,NA
"85b08533afacc072aea26ece30f736c6","Unassigned",NA,NA,NA,NA,NA,NA
"c236d7f50062c1c002a4dc523b298167","Unassigned",NA,NA,NA,NA,NA,NA
"72c2db7466a0c05b12b0799c28e3c897","Unassigned",NA,NA,NA,NA,NA,NA
"49ebffdda396775b995169f6a3736957","d__Eukaryota","Ascomycota","Eurotiomycetes","Chaetothyriales","Herpotrichiellaceae",NA,NA
"c5f6913620d61e02a3751242e042b063","Unassigned",NA,NA,NA,NA,NA,NA
"732a7c1d2270f21bd5b018c787d231ab","d__Eukaryota","Amoebozoa","Tubulinea","Euamoebida","Euamoebida","Euamoebida",NA
"edebd177ada5bbd03b0bb712d8fe5384","Unassigned",NA,NA,NA,NA,NA,NA
"c5d1c8ae70771aebeb36491a27caf8d9","Unassigned",NA,NA,NA,NA,NA,NA
"6983163c9ed134323a1491d17d8636f5","Unassigned",NA,NA,NA,NA,NA,NA
"62b5ff1c480f8dee877838daf1b6d74e","Unassigned",NA,NA,NA,NA,NA,NA
"10a5772817046035c158ec6f6a69808f","Unassigned",NA,NA,NA,NA,NA,NA
"da08469836de5c49e8bfdcee8b58de99","Unassigned",NA,NA,NA,NA,NA,NA
"dc47bf073218dc9e3fc6d215025a2acd","Unassigned",NA,NA,NA,NA,NA,NA
"2f58f9d2dd610435bbe9a66c7f64dc8d","d__Eukaryota",NA,NA,NA,NA,NA,NA
"03724ec79493a393e75d58754050c0fe","Unassigned",NA,NA,NA,NA,NA,NA
"a0c08d543143dfbac426c38b33da5303","d__Eukaryota","Apicomplexa","Conoidasida","Gregarinasina","Eugregarinorida",NA,NA
"907b6cf1452ee1f7b7baa3fbf837c2d2","d__Bacteria","Proteobacteria","Gammaproteobacteria","Burkholderiales",NA,NA,NA
"a0270eb8f0da613ebb1aa546e57540be","Unassigned",NA,NA,NA,NA,NA,NA
"bb8843caf9c4c7023b6a1c1d18dccbd1","Unassigned",NA,NA,NA,NA,NA,NA
"366e0a119076591befa938e9d936496e","Unassigned",NA,NA,NA,NA,NA,NA
"412fa416179c9bd06abfc71db57420cc","d__Eukaryota","Ascomycota","Leotiomycetes","Helotiales",NA,NA,NA
"83ae41df0a579073572f8f079d5ddcae","Unassigned",NA,NA,NA,NA,NA,NA
"d34ae965d16837754e55162c5a68a3bb","Unassigned",NA,NA,NA,NA,NA,NA
"dfe00ffaf272cc6d5e8e178d0a2f8f5f","Unassigned",NA,NA,NA,NA,NA,NA
"534fbf40244a829e2530c91eb9ccafb2","Unassigned",NA,NA,NA,NA,NA,NA
"fff581699da00802e31d870e26e22447","Unassigned",NA,NA,NA,NA,NA,NA
"1f4f392fe2b5e38fb0bfe5deafb41acf","Unassigned",NA,NA,NA,NA,NA,NA
"84689f87a2d18014862ae15cca06211c","Unassigned",NA,NA,NA,NA,NA,NA
"e0bb5dff16ea5d27c3f2b738f36873a5","Unassigned",NA,NA,NA,NA,NA,NA
"775c286abbad421a4993047c9063399f","Unassigned",NA,NA,NA,NA,NA,NA
"ac1c4d65fe5830f0cccf283ce56e94c4","Unassigned",NA,NA,NA,NA,NA,NA
"e5c3e742cfc2d7244ce18b58a3dcf24e","Unassigned",NA,NA,NA,NA,NA,NA
"2b48e1bfa5018401e873ac76616a8e58","d__Eukaryota",NA,NA,NA,NA,NA,NA
"df00038fefaf85c0049c8dd3c6955e8a","Unassigned",NA,NA,NA,NA,NA,NA
"d3697c72d5da3982100c983535233a91","Unassigned",NA,NA,NA,NA,NA,NA
"b1310923479ac654413db1f56ce5bc18","Unassigned",NA,NA,NA,NA,NA,NA
"8a98c8150ce972f30618cfa458a292fd","Unassigned",NA,NA,NA,NA,NA,NA
"7f277e79fce8b1105c0d1f68f958198f","Unassigned",NA,NA,NA,NA,NA,NA
"f928b0e845dc0ae11beba0da961fdffc","Unassigned",NA,NA,NA,NA,NA,NA
"8bff2ea02e9075b7ebe6d5803556d361","Unassigned",NA,NA,NA,NA,NA,NA
"4a9baae4228d86b1b7b0c431e4aa8aa5","Unassigned",NA,NA,NA,NA,NA,NA
"911f2b9e88f08ea8dbc4a79c360605f2","Unassigned",NA,NA,NA,NA,NA,NA
"0d8aefd3f050ae15984dbb3f58024e60","Unassigned",NA,NA,NA,NA,NA,NA
"574e5a7519ed18bdc482216ab4656792","Unassigned",NA,NA,NA,NA,NA,NA
"edf5c9ba78ba957fed3a206f027f87d5","Unassigned",NA,NA,NA,NA,NA,NA
"c838af3667f9a7674f0dd3fda4126e4c","Unassigned",NA,NA,NA,NA,NA,NA
"f31a233b8d053e08f844c76e40af7c58","Unassigned",NA,NA,NA,NA,NA,NA
"ada3aa68f7094ba5d6e512a7f345337e","Unassigned",NA,NA,NA,NA,NA,NA
"2a9d12a3e6e5be8e150e5ad382d7040e","Unassigned",NA,NA,NA,NA,NA,NA
"80923cf46a2af8ea7de670843e08b7c2","Unassigned",NA,NA,NA,NA,NA,NA
"ea4dbb00f1a827c1ddca5828598ce839","d__Eukaryota",NA,NA,NA,NA,NA,NA
"7d0d97fdffe8770f9a9f4df02ade9f70","Unassigned",NA,NA,NA,NA,NA,NA
"08adef036ada4c36a27dbd1853d72335","Unassigned",NA,NA,NA,NA,NA,NA
"25cefa161d9ed7e26f29731ab04f128b","Unassigned",NA,NA,NA,NA,NA,NA
"1288e1a0bc467cafb5fa078983b80c08","d__Eukaryota",NA,NA,NA,NA,NA,NA
"b9a4fbcb8eec6ef6ed6e7c02f69f61df","Unassigned",NA,NA,NA,NA,NA,NA
"9d0d1582c8699b3085bec455d4ed48e1","Unassigned",NA,NA,NA,NA,NA,NA
"f8b3050f847df4b7924445453e9ced5e","Unassigned",NA,NA,NA,NA,NA,NA
"5046ddc6520a4ac28aeb5f60c64296dc","d__Eukaryota",NA,NA,NA,NA,NA,NA
"22390a5753073d8936a1a5e843e6a678","Unassigned",NA,NA,NA,NA,NA,NA
"b9c52bcc8374c329f383b7e40cf1e1f2","Unassigned",NA,NA,NA,NA,NA,NA
"4bed4dec69eaaf7e31b7fc4c40dde54b","Unassigned",NA,NA,NA,NA,NA,NA
"7ec6b18ffcb4b3e604f95e37059db968","Unassigned",NA,NA,NA,NA,NA,NA
"9ee1833b45bb42806f287238eef5ecfa","Unassigned",NA,NA,NA,NA,NA,NA
"c494fb504f32fa6f7550cd0b2b374993","Unassigned",NA,NA,NA,NA,NA,NA
"15ce59a5317c5340687789defee1d989","Unassigned",NA,NA,NA,NA,NA,NA
"00900750ee163d96e98f53ae940e4f8b","d__Eukaryota",NA,NA,NA,NA,NA,NA
"4aa89ce562f6b7608815c7b771033639","Unassigned",NA,NA,NA,NA,NA,NA
"072beb2f22b6c67ec5a3d319782493f9","Unassigned",NA,NA,NA,NA,NA,NA
"4f1a4befb39019313cbd224013c88e42","Unassigned",NA,NA,NA,NA,NA,NA
"7b7ddcc029ee58a3b42d78b90dcac742","Unassigned",NA,NA,NA,NA,NA,NA
"e45806707381bb615f02b1ca006f24e6","Unassigned",NA,NA,NA,NA,NA,NA
"135a69664c687153665cc5c75c93aa81","Unassigned",NA,NA,NA,NA,NA,NA
"d13693dafeb0929d6bb5999f37c9629b","Unassigned",NA,NA,NA,NA,NA,NA
"4bc1c621a517db369a313ba2635ad797","Unassigned",NA,NA,NA,NA,NA,NA
"a092992fdcaef2214985e533a89d9d4b","Unassigned",NA,NA,NA,NA,NA,NA
"49b4b8c75215caefbdf1eb93499c149b","Unassigned",NA,NA,NA,NA,NA,NA
"376e50a912116d99f6cf28ee4becd154","Unassigned",NA,NA,NA,NA,NA,NA
"11fa393f346557ead1efe36f7c8c4b5a","Unassigned",NA,NA,NA,NA,NA,NA
"34e443511158d72786e879ba157f3247","Unassigned",NA,NA,NA,NA,NA,NA
"9792fa2a4130b6039f7e4175e5a56b1b","Unassigned",NA,NA,NA,NA,NA,NA
"9e8c79b67874383486741d3cac555d0c","Unassigned",NA,NA,NA,NA,NA,NA
"0c935e910d35baf0d737a277a53ceb1b","Unassigned",NA,NA,NA,NA,NA,NA
"d9778e1123538f8c8b6c74326e466635","Unassigned",NA,NA,NA,NA,NA,NA
"45ba744d14d8db95bea6503b4e37bcc2","Unassigned",NA,NA,NA,NA,NA,NA
"12b99188315c81898a5773dbe0e6c042","d__Eukaryota",NA,NA,NA,NA,NA,NA
"2ca30b600eb74fc59568ccd385fb473a","Unassigned",NA,NA,NA,NA,NA,NA
"91be012cf4c499fd7c5f19a241b4a4f9","Unassigned",NA,NA,NA,NA,NA,NA
"5dc343064c4ca0cec036813f507a3c75","Unassigned",NA,NA,NA,NA,NA,NA
"fecbcba0946de473ba50023dc61987e0","Unassigned",NA,NA,NA,NA,NA,NA
"fbe436997cec5301a935dbfe8f554997","Unassigned",NA,NA,NA,NA,NA,NA
"42646c20fd0db7176f2183ca367791de","Unassigned",NA,NA,NA,NA,NA,NA
"29cb0e2ead359ed72af73c021be1db09","Unassigned",NA,NA,NA,NA,NA,NA
"6e29c49025fc6e4a5033ea4d064cb02d","Unassigned",NA,NA,NA,NA,NA,NA
"adca0e5f2d67fbfe0e7e330afd3f002e","Unassigned",NA,NA,NA,NA,NA,NA
"89c3ec10d7977e966907fa29df692c55","Unassigned",NA,NA,NA,NA,NA,NA
"5f376c7b89899c3152f42b175085b09c","Unassigned",NA,NA,NA,NA,NA,NA
"68960052f726397bd7db001b1eabb49d","Unassigned",NA,NA,NA,NA,NA,NA
"3f09aa71e8621184a292da5894e2ac27","Unassigned",NA,NA,NA,NA,NA,NA
"4170b36ff66f121ee54447647427650d","Unassigned",NA,NA,NA,NA,NA,NA
"381d0cb07f69eb60573b2bfea37d6198","Unassigned",NA,NA,NA,NA,NA,NA
"b936895a2c7f44aac13f38a2997ff95e","Unassigned",NA,NA,NA,NA,NA,NA
"8582c4b7d71d9207441851c55831704f","d__Eukaryota",NA,NA,NA,NA,NA,NA
"75eb95b55e96ab6c221944ed0ce0e4f8","Unassigned",NA,NA,NA,NA,NA,NA
"0a0be74f52e5dca03c86c3706678f93e","Unassigned",NA,NA,NA,NA,NA,NA
"8feae5e9811fa0d811e5bff1eed5edc7","Unassigned",NA,NA,NA,NA,NA,NA
"e814248d0446530a6d84e476ab78db7d","Unassigned",NA,NA,NA,NA,NA,NA
"4f06cf320a149d4fd39e579fc0bd5ba0","Unassigned",NA,NA,NA,NA,NA,NA
"21a7f1ec4620173faac4881f87060372","Unassigned",NA,NA,NA,NA,NA,NA
"96f341bdc70950ff3dcd660520a58495","Unassigned",NA,NA,NA,NA,NA,NA
"61979e8f6987b81e46f83192dc56aa4f","Unassigned",NA,NA,NA,NA,NA,NA
"dc738f58f5dec1bcaca8f055e535716d","Unassigned",NA,NA,NA,NA,NA,NA
"8141d45d6534ebedc97d87eb5b37021b","Unassigned",NA,NA,NA,NA,NA,NA
"4a6cb1a6afc67b11623d4ac731a10411","Unassigned",NA,NA,NA,NA,NA,NA
"ccafa23a10baa9e6f129a579d0e80829","Unassigned",NA,NA,NA,NA,NA,NA
"da33b002f80ec799f9da89a3ddb3657b","d__Eukaryota",NA,NA,NA,NA,NA,NA
"37cb3ef3a42ea6eeee82bcf55129f40a","Unassigned",NA,NA,NA,NA,NA,NA
"68e097159d8a996f92ea2e3b509adf0e","Unassigned",NA,NA,NA,NA,NA,NA
"f926f0b2a102ae5cefc65bcc81cf359b","d__Eukaryota",NA,NA,NA,NA,NA,NA
"b4876d8138bba95286d3d1b352e3fffb","Unassigned",NA,NA,NA,NA,NA,NA
"0764d1374832e13736ac50f1dbfb07fb","Unassigned",NA,NA,NA,NA,NA,NA
"c7215dccfcba4391d3c967091e52259f","d__Eukaryota",NA,NA,NA,NA,NA,NA
"ecb465b12baab07272fd504920dc59ce","Unassigned",NA,NA,NA,NA,NA,NA
"f8d165f827ea66952b7a1a914fbe3279","Unassigned",NA,NA,NA,NA,NA,NA
"2339bc42991d40cbf87b7a2404d68b6d","Unassigned",NA,NA,NA,NA,NA,NA
"0bbbe5238f7ddd26cead5f92c0dc9d88","Unassigned",NA,NA,NA,NA,NA,NA
"dc703801a4341f50d9a6b6ed62c73520","Unassigned",NA,NA,NA,NA,NA,NA
"a1411bb295111b4bcc72279dbe19d2c4","Unassigned",NA,NA,NA,NA,NA,NA
"214dc85d0a96323b10c4f6a6b029d051","Unassigned",NA,NA,NA,NA,NA,NA
"494bb111d2b8efae3d3090b2027c5f5b","Unassigned",NA,NA,NA,NA,NA,NA
"db33a53b30cc7e8345a96571da30c60b","Unassigned",NA,NA,NA,NA,NA,NA
"ee24a3f6d8985a0c5c4cb05e362423bd","Unassigned",NA,NA,NA,NA,NA,NA
"58d8da2f81dc49e931e18a0c469dfe91","Unassigned",NA,NA,NA,NA,NA,NA
"d4654c134a20d7b35a90d7ab38d6c98e","d__Eukaryota",NA,NA,NA,NA,NA,NA
"3a668596844e97f6ff08ea1de1378f0a","d__Eukaryota",NA,NA,NA,NA,NA,NA
"f21b4814fc99ce6300f4b9d2a3b7245d","Unassigned",NA,NA,NA,NA,NA,NA
"5ab6f21b889f6905161fa40e95588582","Unassigned",NA,NA,NA,NA,NA,NA
"085d7abbd354723aea40ba7b007cd415","Unassigned",NA,NA,NA,NA,NA,NA
"900f8a8c6dfa6a6cbf2440437febdbb0","Unassigned",NA,NA,NA,NA,NA,NA
"ef00e4e973a678aee88963c061b32068","Unassigned",NA,NA,NA,NA,NA,NA
"f7a1f3d9e72ce56ba9022c0c2087ab6d","Unassigned",NA,NA,NA,NA,NA,NA
"73bdbcd84dea7afb3e97fc5f0443bafe","Unassigned",NA,NA,NA,NA,NA,NA
"87119380e2aa39209c8759633c89db96","Unassigned",NA,NA,NA,NA,NA,NA
"a7182daabac005a79e720922d57456ce","Unassigned",NA,NA,NA,NA,NA,NA
"0ca4662a5835382951c2e5fd6a0519d0","Unassigned",NA,NA,NA,NA,NA,NA
"d53625b1b16b598ab78a5f0f5240af5e","d__Eukaryota",NA,NA,NA,NA,NA,NA
"a1ae3f04d3a5f7c1e85028096b0de4ed","Unassigned",NA,NA,NA,NA,NA,NA
"1d88ade5dc3ec06e5cee89dbef8b8809","Unassigned",NA,NA,NA,NA,NA,NA
"b7eb99d5f4b018c889bad321672986f3","Unassigned",NA,NA,NA,NA,NA,NA
"1313aa2660a77400e96eafede87ef5c9","Unassigned",NA,NA,NA,NA,NA,NA
"79c771e0ce4c086986591ce99d447565","Unassigned",NA,NA,NA,NA,NA,NA
"7590632e34fbd5e301cd982f6b02a40e","Unassigned",NA,NA,NA,NA,NA,NA
"e1980198faa9308d50116877ed8abc02","d__Eukaryota",NA,NA,NA,NA,NA,NA
"541dc31fa12ac51e7850930367e252d0","Unassigned",NA,NA,NA,NA,NA,NA
"1b104e23b28aced8bc05663290aeb65a","Unassigned",NA,NA,NA,NA,NA,NA
"551e2bf35b2780ce29ccfa8530690f7a","d__Eukaryota",NA,NA,NA,NA,NA,NA
"794bb8ea17c70b6c2ab37cfddb0a3eca","Unassigned",NA,NA,NA,NA,NA,NA
"7ebcf039a3aed9f8a94385fbd8815cd3","Unassigned",NA,NA,NA,NA,NA,NA
"cf6df5f1502de415113d58df02823067","Unassigned",NA,NA,NA,NA,NA,NA
"45c05f818d22d08c61f5c3dded65a340","d__Eukaryota",NA,NA,NA,NA,NA,NA
"394f19895123b6b0e72b039830b90ca3","Unassigned",NA,NA,NA,NA,NA,NA
"140712b2523b2615e69cc1820f9885af","Unassigned",NA,NA,NA,NA,NA,NA
"748f4027aea630bbedefaeb2f66fc9b9","Unassigned",NA,NA,NA,NA,NA,NA
"172fb355d72e649027b65d9bee12c79a","Unassigned",NA,NA,NA,NA,NA,NA
"a72386be9988053b80cd428f3d45a899","Unassigned",NA,NA,NA,NA,NA,NA
"89922adb450af9068a9a9d031600edc0","Unassigned",NA,NA,NA,NA,NA,NA
"43b8ca8d48175a576d356743fa977912","Unassigned",NA,NA,NA,NA,NA,NA
"49564be4e3dfb7c65c3971c5bb2c4b8d","Unassigned",NA,NA,NA,NA,NA,NA
"19f960a433839ca5fbb0e4576e618a63","d__Eukaryota",NA,NA,NA,NA,NA,NA
"49c4a3bff079c1e90be01d9b07f722c5","Unassigned",NA,NA,NA,NA,NA,NA
"d88a6c841a58b0f7e93fbdb904421c93","d__Eukaryota","Protosporangiida","Protosporangiidae","Protosporangiidae","Protosporangiidae","Protosporangium","metagenome"
"096a8adad03f495ea956a5fee7354bdd","d__Bacteria","Proteobacteria","Alphaproteobacteria","Rickettsiales","Mitochondria","Mitochondria",NA
"e09d2db8685f7b52cceec84bbcfe94d0","Unassigned",NA,NA,NA,NA,NA,NA
"29d1595350f53731e20d86c6e1fd5317","Unassigned",NA,NA,NA,NA,NA,NA
"7ebe3220e90a538cd7af208f407db702","Unassigned",NA,NA,NA,NA,NA,NA
"9b06fdcc6936b114fda83729ef969dea","Unassigned",NA,NA,NA,NA,NA,NA
"a2d79d855e8d8d37d8d84a1d593e0c7e","Unassigned",NA,NA,NA,NA,NA,NA
"3352937934eca60dc6dda56937aacd0a","Unassigned",NA,NA,NA,NA,NA,NA
"2b9f3263f482a699605b747f22649e8d","Unassigned",NA,NA,NA,NA,NA,NA
"aebc1ed3ccccaf5c4cc4459fd5151b25","Unassigned",NA,NA,NA,NA,NA,NA
"a064fc6ec105709ba3031db90c42ad69","Unassigned",NA,NA,NA,NA,NA,NA
"e1c819288a548999abf960c03241012a","d__Eukaryota",NA,NA,NA,NA,NA,NA
"568d0713dc33af49c32db9bbde3ead37","Unassigned",NA,NA,NA,NA,NA,NA
"5c4f15212ac44e163a752aafff146b91","Unassigned",NA,NA,NA,NA,NA,NA
"e5a02fdfe9a75b6e60b7468046ef2ba6","Unassigned",NA,NA,NA,NA,NA,NA
"bbccdc5f3462727c3d7205a868139034","Unassigned",NA,NA,NA,NA,NA,NA
"40e534b9363a877fb96af6b320ece7ee","Unassigned",NA,NA,NA,NA,NA,NA
"6a1db09c378068a812e2f36266e0bce8","Unassigned",NA,NA,NA,NA,NA,NA
"e34f974d37a8a8a0f4f7a517ccbcf9e1","Unassigned",NA,NA,NA,NA,NA,NA
"809f78d3e843ef842960e243f199947a","Unassigned",NA,NA,NA,NA,NA,NA
"e7f73b069ff1133cb1e47474cc8bdb1a","Unassigned",NA,NA,NA,NA,NA,NA
"1335d1d18de83b5ebb6b1710a53dd7bb","Unassigned",NA,NA,NA,NA,NA,NA
"7de045d9e39af580e9f0ab09acc14532","d__Eukaryota",NA,NA,NA,NA,NA,NA
"1e7913dce30a12a194505980ae5d1bd0","d__Eukaryota",NA,NA,NA,NA,NA,NA
"ee61fb4968ff322114c27a96d2ff39b2","Unassigned",NA,NA,NA,NA,NA,NA
"7087e342646bada63be73fe42bd7deba","d__Eukaryota",NA,NA,NA,NA,NA,NA
"bc11260a49dd8ede69978098861a4953","d__Eukaryota",NA,NA,NA,NA,NA,NA
"49c529992368d9587b3ab5ea8f18948a","Unassigned",NA,NA,NA,NA,NA,NA
"cba721435fca7f377a1d5b052c125427","Unassigned",NA,NA,NA,NA,NA,NA
"15ad89d325809b14e6015a0558915249","Unassigned",NA,NA,NA,NA,NA,NA
"f38b64c2d108a990f66c38c2359e15f9","Unassigned",NA,NA,NA,NA,NA,NA
"da508c1aeb767b73c03ffcf99016fa21","Unassigned",NA,NA,NA,NA,NA,NA
"2320cca34d3a88906ee3e092b560c017","Unassigned",NA,NA,NA,NA,NA,NA
"86c6c55c1ad105e9aeab9561e25fcbd9","d__Eukaryota",NA,NA,NA,NA,NA,NA
"8603980389412f903ec0586f27062856","Unassigned",NA,NA,NA,NA,NA,NA
"06e51f7dde4a1c6b2804d0c7b498a60b","Unassigned",NA,NA,NA,NA,NA,NA
"a06d97b3d4653ecc3df485e4286ed861","Unassigned",NA,NA,NA,NA,NA,NA
"96e357103f7fda2b055ba7f6b99fb064","Unassigned",NA,NA,NA,NA,NA,NA
"401da0e2484d254838a2ce042efa2b91","Unassigned",NA,NA,NA,NA,NA,NA
"b4e9b4f7792a6957bd181e243365fd26","Unassigned",NA,NA,NA,NA,NA,NA
"3215710c68ca8ae5c4edb97fccdfc058","Unassigned",NA,NA,NA,NA,NA,NA
"d7ce08b2ce4f6bf6f99310f97e8ce83d","d__Eukaryota",NA,NA,NA,NA,NA,NA
"9c54f7610cdced534f067748011615e6","d__Eukaryota",NA,NA,NA,NA,NA,NA
"80267794b26c4be1e212cad294bcb0ca","Unassigned",NA,NA,NA,NA,NA,NA
"aded24e4b68d43a1fdacda7f7cb416c7","Unassigned",NA,NA,NA,NA,NA,NA
"8e5d449e961fea5a736d03ad76166813","Unassigned",NA,NA,NA,NA,NA,NA
"8d4496f451af95011809b652d0273dee","Unassigned",NA,NA,NA,NA,NA,NA
"266509fd9f6fdce05dff58bda9bbe6e2","Unassigned",NA,NA,NA,NA,NA,NA
"aec9b2afe847224e591989330f72b744","d__Eukaryota",NA,NA,NA,NA,NA,NA
"bba7ce0c97623b33b5b56df65c6aaba6","Unassigned",NA,NA,NA,NA,NA,NA
"2003913787d01eda4ba15491dd5a9b39","Unassigned",NA,NA,NA,NA,NA,NA
"d1578c4e4e3a69810262bea68641ad6a","Unassigned",NA,NA,NA,NA,NA,NA
"debcdc33370602c774009b09bef6cb71","Unassigned",NA,NA,NA,NA,NA,NA
"54592a65d7c42654980a26efc03707d2","Unassigned",NA,NA,NA,NA,NA,NA
"da40491572f885a2423409fbc995ed6a","Unassigned",NA,NA,NA,NA,NA,NA
"1c77312f30039a84b49e78ee83ab2ca1","Unassigned",NA,NA,NA,NA,NA,NA
"cabedecef1c53eb8931f88c291aff5f8","Unassigned",NA,NA,NA,NA,NA,NA
"231f842fa08ff33479c1641d1565e527","Unassigned",NA,NA,NA,NA,NA,NA
"4f10748856a952ef6ce55a7316fa12b9","Unassigned",NA,NA,NA,NA,NA,NA
"ad6da304d345ce0cc460207e73a7f7aa","Unassigned",NA,NA,NA,NA,NA,NA
"221b0a413cfec44df53e23f4de4897a3","Unassigned",NA,NA,NA,NA,NA,NA
"811589c3a7051ee24fcec3938fc0d82b","d__Eukaryota",NA,NA,NA,NA,NA,NA
"5b3a45cfd7336eb6d955e48b30b48ffc","Unassigned",NA,NA,NA,NA,NA,NA
"573686152e3cec997e82055dfe8dfbd5","Unassigned",NA,NA,NA,NA,NA,NA
"c6bd54cd55b10e7441e64934b34f3a36","Unassigned",NA,NA,NA,NA,NA,NA
"cd15d67d3d0aa2610ab26476233e3c53","Unassigned",NA,NA,NA,NA,NA,NA
"ff5b38502e1ca26145a79e6fbab26e79","Unassigned",NA,NA,NA,NA,NA,NA
"b84adfd7001c0b8af7dda977dcecf78e","Unassigned",NA,NA,NA,NA,NA,NA
"258c5cec8e62ceaa86b8ba6e45b3ff85","Unassigned",NA,NA,NA,NA,NA,NA
"360328aa3f4d96fd82e75399132d294a","Unassigned",NA,NA,NA,NA,NA,NA
"cb5ef87742e34ca22ed070a68353dc6e","Unassigned",NA,NA,NA,NA,NA,NA
"e76bace4b2c6d5ab336f59e4eb21050e","d__Eukaryota",NA,NA,NA,NA,NA,NA
"5d4c1ec29eec33065cf872801649d4c0","Unassigned",NA,NA,NA,NA,NA,NA
"937ffaa12ff543727062ea05f86f5639","Unassigned",NA,NA,NA,NA,NA,NA
"37bd9e25091c2e9dc5f29fc1365af7cb","Unassigned",NA,NA,NA,NA,NA,NA
"9b881f463437950d0207771fc87c6c08","Unassigned",NA,NA,NA,NA,NA,NA
"777f22bf9a6a3f8e947f23505f0ced36","Unassigned",NA,NA,NA,NA,NA,NA
"fe25f6c71cec0c9883c8831fb4f95324","Unassigned",NA,NA,NA,NA,NA,NA
"81fddf1c1602ca8478fe6db5aa2038af","Unassigned",NA,NA,NA,NA,NA,NA
"780c1a0935c951261673290795745a36","Unassigned",NA,NA,NA,NA,NA,NA
"2160c4480c302cbeaef87b0988486648","Unassigned",NA,NA,NA,NA,NA,NA
"7192c4bb474b9f94c6a93da38f198cd5","Unassigned",NA,NA,NA,NA,NA,NA
"0b2103569396ad5fc4cadd9e0c83c51e","Unassigned",NA,NA,NA,NA,NA,NA
"16e5b2783ef8b199fc6efac1fd047f1a","Unassigned",NA,NA,NA,NA,NA,NA
"a1fbeac07aa5d36789ade11091957349","Unassigned",NA,NA,NA,NA,NA,NA
"6aa89d6f2f4a832f691785d12246573a","Unassigned",NA,NA,NA,NA,NA,NA
"44019d92ff480688d960173cb7ff28fc","Unassigned",NA,NA,NA,NA,NA,NA
"f6ea36517bdac2eb3c5fa11e1b096209","Unassigned",NA,NA,NA,NA,NA,NA
"bc86564e8d34ee0f3e9d614d7c288ce6","d__Eukaryota",NA,NA,NA,NA,NA,NA
"e6a748011d992511adbe1d8df0467f83","Unassigned",NA,NA,NA,NA,NA,NA
"e34a6f8c7db0913089e4bb7bfbb49b64","Unassigned",NA,NA,NA,NA,NA,NA
"65b3196cfe797d2d026d7630352f2c55","Unassigned",NA,NA,NA,NA,NA,NA
"0feabefa8e4523913e90c052512c2865","Unassigned",NA,NA,NA,NA,NA,NA
"2898f686304b19fd8e992b8302a76911","Unassigned",NA,NA,NA,NA,NA,NA
"15887e0ad8f3524588709160853e1d48","Unassigned",NA,NA,NA,NA,NA,NA
"e8d8fe60f41b5be6923a3a7d94833d32","Unassigned",NA,NA,NA,NA,NA,NA
"cfffea43b834808f5a007ac8f6f416e6","d__Eukaryota",NA,NA,NA,NA,NA,NA
"fb17d28cdd523e2e77c292a44bd739c2","Unassigned",NA,NA,NA,NA,NA,NA
"7cce0f098508d475a4d178baf1143f48","d__Eukaryota",NA,NA,NA,NA,NA,NA
"24a42dc51548d64446a46e250606aef4","Unassigned",NA,NA,NA,NA,NA,NA
"60abd93b91dd516ddffa8117a07d0c4d","Unassigned",NA,NA,NA,NA,NA,NA
"c0e39c301aa43aded4faeb0d7d5992bc","Unassigned",NA,NA,NA,NA,NA,NA
"19b70be0c05cb5f3197ddc114057c2b9","Unassigned",NA,NA,NA,NA,NA,NA
"078aa95c211756b8d7ed114480d93f29","Unassigned",NA,NA,NA,NA,NA,NA
"dfc451201036543d35ae5bb3aeab6163","Unassigned",NA,NA,NA,NA,NA,NA
"89f28a627a9dbf078c5f35bc9a3f2052","Unassigned",NA,NA,NA,NA,NA,NA
"537519cc4856a0d8d591893295165d80","Unassigned",NA,NA,NA,NA,NA,NA
"4dfb07ec014796012be680ff99de0062","Unassigned",NA,NA,NA,NA,NA,NA
"f597a6bea9787e4cb4f98690d28e7ec8","d__Eukaryota",NA,NA,NA,NA,NA,NA
"f82192f7d3ebdba6659698f04e9711fc","d__Eukaryota",NA,NA,NA,NA,NA,NA
"82e57ebe49d0e58f9db0cf6e49a7c8a6","Unassigned",NA,NA,NA,NA,NA,NA
"3e634494bdf1f4437913352b50de1b2a","Unassigned",NA,NA,NA,NA,NA,NA
"bc249c96548f5f41fc919331787bb980","Unassigned",NA,NA,NA,NA,NA,NA
"a01b4a10faa744757abb9bbf7084fbc2","d__Bacteria",NA,NA,NA,NA,NA,NA
"4f50a1028a0bb4f273f768e3e93f3168","Unassigned",NA,NA,NA,NA,NA,NA
"de93cac817eef9f6cf7f10478116c10e","Unassigned",NA,NA,NA,NA,NA,NA
"007f7a1a247ab2d1b35fe6e266020c35","Unassigned",NA,NA,NA,NA,NA,NA
"847da8fcacad858e055d48ab79b04cec","Unassigned",NA,NA,NA,NA,NA,NA
"3137b64a084ce556172d76e7ebe33625","d__Eukaryota",NA,NA,NA,NA,NA,NA
"6544f2030a6b8084114c634ab66c3f3d","Unassigned",NA,NA,NA,NA,NA,NA
"42672b132cbd1521f01434682b05327a","Unassigned",NA,NA,NA,NA,NA,NA
"5cff0056a4a6029c8ace0dbbdb0d4323","Unassigned",NA,NA,NA,NA,NA,NA
"2068ef381cdf38e4dbfda6420d5e5576","Unassigned",NA,NA,NA,NA,NA,NA
"3ebec6237e9ef787d033c9fb86ad80ab","Unassigned",NA,NA,NA,NA,NA,NA
"8abc971576171b6a17816dbdc7fbb1de","d__Eukaryota",NA,NA,NA,NA,NA,NA
"dc2acc026e60aca6a044237be17d54cb","Unassigned",NA,NA,NA,NA,NA,NA
"b4141e2250d59b9b3025c7612d4f3663","Unassigned",NA,NA,NA,NA,NA,NA
"4e74910450b3d2cb634d039eec167b95","Unassigned",NA,NA,NA,NA,NA,NA
"c649d55c0b8125941306b01652a09728","Unassigned",NA,NA,NA,NA,NA,NA
"054f033a5fda363555e6a823ea086f43","Unassigned",NA,NA,NA,NA,NA,NA
"9bc07ae888e1ab4398b7479e244779b7","d__Eukaryota","Ascomycota",NA,NA,NA,NA,NA
"95e1f89f421aab7d99a00933375bcc68","Unassigned",NA,NA,NA,NA,NA,NA
"872e734b38a23784ae8b7133e5a717af","Unassigned",NA,NA,NA,NA,NA,NA
"b1b950aadcc956f8537c06d24b669de8","Unassigned",NA,NA,NA,NA,NA,NA
"decb7f30fed629bce84493b0a0f91b81","Unassigned",NA,NA,NA,NA,NA,NA
"95bb9c7074cdff79847066439bd539ee","Unassigned",NA,NA,NA,NA,NA,NA
"10cb350cb60c8f35a45c65274cede9f0","Unassigned",NA,NA,NA,NA,NA,NA
"8570d80a750f731525dd84a00a52b881","Unassigned",NA,NA,NA,NA,NA,NA
"6d5a99e64b6972d7c6c3d9f1fdc27c13","d__Eukaryota",NA,NA,NA,NA,NA,NA
"72e8cfb6c82ef48b3a1b6fcc0122c336","Unassigned",NA,NA,NA,NA,NA,NA
"149634b603fff42101946ac1a86dc402","Unassigned",NA,NA,NA,NA,NA,NA
"6004267aa00067bf2124aec16ff70553","Unassigned",NA,NA,NA,NA,NA,NA
"c59a171242d23de12c6dd441926a94e9","Unassigned",NA,NA,NA,NA,NA,NA
"f0bbed74eeb6d913ea6c554722d668bc","d__Eukaryota","Ascomycota","Lecanoromycetes","Lecanorales","Psoraceae",NA,NA
"f3b716f3b40cd132db52745a0c4daba4","Unassigned",NA,NA,NA,NA,NA,NA
"3176d64701ff8e758c33f83b4deb6fdf","Unassigned",NA,NA,NA,NA,NA,NA
"b4e7b98eade2abef1726582640030f5e","Unassigned",NA,NA,NA,NA,NA,NA
"7c5a1023c754a7f7a2fabf8c66169ea1","Unassigned",NA,NA,NA,NA,NA,NA
"e1318e2f21b9bb07ef757870a6963a5e","Unassigned",NA,NA,NA,NA,NA,NA
"c77abeddb6b607127abf8b18e02c2355","Unassigned",NA,NA,NA,NA,NA,NA
"d3ba44577d010cc59bf31a8792db1a4b","Unassigned",NA,NA,NA,NA,NA,NA
"f47636c31e0eaa7d4812f16c78ff2c5f","d__Eukaryota",NA,NA,NA,NA,NA,NA
"b6788d29ddba32cba972b8017ffc6110","Unassigned",NA,NA,NA,NA,NA,NA
"0ca2659b4c811ecb3d086b25210958b5","Unassigned",NA,NA,NA,NA,NA,NA
"97e5d0d763b4bf7048e5f3164a0a104e","Unassigned",NA,NA,NA,NA,NA,NA
"423591729df5847c8b9759b17cccc1d4","d__Eukaryota",NA,NA,NA,NA,NA,NA
"030c2e88d461f6894841612a82ac0467","Unassigned",NA,NA,NA,NA,NA,NA
"8ca277162f6110d0c841c70599a3a879","Unassigned",NA,NA,NA,NA,NA,NA
"d46a986fff04cb865339311764477e2f","d__Eukaryota",NA,NA,NA,NA,NA,NA
"36e1752333c15a5970f829ad2d14202b","Unassigned",NA,NA,NA,NA,NA,NA
"eeddf76481f2e4931c5e94d01f146e68","Unassigned",NA,NA,NA,NA,NA,NA
"d23a7bedfc7ba50d975ba6b28d3ee6b7","Unassigned",NA,NA,NA,NA,NA,NA
"4e9d3fd5f728a4317e5cb8fbb687b607","Unassigned",NA,NA,NA,NA,NA,NA
"8ed83e5375fb4ba491ebd5967ce2a8f4","d__Eukaryota","Ciliophora","Intramacronucleata","Conthreep","Oligohymenophorea",NA,NA
"5fce0fbd1c67e29289bf14ee0bc149c8","Unassigned",NA,NA,NA,NA,NA,NA
"48635afd3f97cb51eaf7209cef64e045","Unassigned",NA,NA,NA,NA,NA,NA
"5b9d3a176d68b8fd367d7796424b2c11","Unassigned",NA,NA,NA,NA,NA,NA
"b298c6f73d47a18ea802899f5f545b6f","Unassigned",NA,NA,NA,NA,NA,NA
"a9021353c4c6a5d6c672ff68f2448de9","Unassigned",NA,NA,NA,NA,NA,NA
"de6777d73ddb6dd39ac7eec345a57809","Unassigned",NA,NA,NA,NA,NA,NA
"255b5e765adc9d2db276dd3a13b7bee8","Unassigned",NA,NA,NA,NA,NA,NA
"310c6f8e06d42ae0f3edf15429ca7190","Unassigned",NA,NA,NA,NA,NA,NA
"97548591fb0a5dbad797553556d2feb0","Unassigned",NA,NA,NA,NA,NA,NA
"1da7296c84f3d1e7ec031030d9ec7ec1","d__Bacteria",NA,NA,NA,NA,NA,NA
"27d40a3f1a3238f6820284e6d90f1fb0","Unassigned",NA,NA,NA,NA,NA,NA
"9e866b6a1b9b0a34b5969dd815e92840","Unassigned",NA,NA,NA,NA,NA,NA
"3345bcebf6e1f98a8a410737306d5702","Unassigned",NA,NA,NA,NA,NA,NA
"f481b18319d200545976571c3193bf39","Unassigned",NA,NA,NA,NA,NA,NA
"3552d4aec29ff8a964f1b1cd4a862379","d__Eukaryota",NA,NA,NA,NA,NA,NA
"fef5b5f4555bef356964664525e6583e","Unassigned",NA,NA,NA,NA,NA,NA
"458c320651013d9df6fdf1fdcca69040","Unassigned",NA,NA,NA,NA,NA,NA
"b95f57e8c449c5cd1a6e016e4c7b44f9","Unassigned",NA,NA,NA,NA,NA,NA
"7140d86f12c2fbe43df1dd39b398c693","Unassigned",NA,NA,NA,NA,NA,NA
"daa8079301fda1388550c886c2e337ca","Unassigned",NA,NA,NA,NA,NA,NA
"6e07f47e63c2fe7c4c509ee17f259474","Unassigned",NA,NA,NA,NA,NA,NA
"00c0eb1f7d804970ff95c7e7bfb3ce3b","Unassigned",NA,NA,NA,NA,NA,NA
"6b9de1b993864411b288f1fd840136e6","d__Eukaryota",NA,NA,NA,NA,NA,NA
"71e4c8daf830e9df3c86e980bfb1c447","d__Eukaryota","Amoebozoa","Discosea","Centramoebida","Centramoebida","Acanthamoeba","Acanthamoeba_lenticulata"
"960a07c652242da6144d4449c4b32f09","Unassigned",NA,NA,NA,NA,NA,NA
"db7a656463dc8c00a02b9534f02fd075","Unassigned",NA,NA,NA,NA,NA,NA
"efe259bad274b6f5f6da09fd440145ba","Unassigned",NA,NA,NA,NA,NA,NA
"6b16674368bf90eaeaccad28d86e6aad","d__Eukaryota","Ascomycota",NA,NA,NA,NA,NA
"48572444a7d04e71d1145f1612967081","Unassigned",NA,NA,NA,NA,NA,NA
"c47ff111bb0a351ab96c0eaa3efa5f64","Unassigned",NA,NA,NA,NA,NA,NA
"57969f38b1294dc18ca55a54ef8e386e","Unassigned",NA,NA,NA,NA,NA,NA
"1be57439455411bf0e2574e5b34d044d","Unassigned",NA,NA,NA,NA,NA,NA
"2a80aeaf8b69d52358f0fa745b3a15a2","d__Eukaryota",NA,NA,NA,NA,NA,NA
"3e32f352053c65080e1f067cb56efe29","d__Eukaryota","Protosporangiida","Protosporangiidae","Protosporangiidae","Protosporangiidae","Protosporangium","metagenome"
"5c7b33f0b9a056ead3a3a9781c452249","Unassigned",NA,NA,NA,NA,NA,NA
"2686201fc4bebbb57d59fffeb03576d9","Unassigned",NA,NA,NA,NA,NA,NA
"527055959b87519bdd3b5f4b43401b28","Unassigned",NA,NA,NA,NA,NA,NA
"7bc0f53d604f96d094c72f7bd4788947","Unassigned",NA,NA,NA,NA,NA,NA
"45d7b219538ab4236720dd26e9c908f4","Unassigned",NA,NA,NA,NA,NA,NA
"70c389ad455f38b6e8bbee4a64a5ef60","d__Bacteria","Proteobacteria","Alphaproteobacteria","Rickettsiales","Mitochondria","Mitochondria",NA
"11641837caff69fba7a6be4cd06a747d","Unassigned",NA,NA,NA,NA,NA,NA
"66d1409372551def65f5dbeac7d22b32","Unassigned",NA,NA,NA,NA,NA,NA
"7b0dcd8b5daa2373ce1e908a616f4810","Unassigned",NA,NA,NA,NA,NA,NA
"44bc0ea706f41a55cf8e454c8b68c668","Unassigned",NA,NA,NA,NA,NA,NA
"50944a02633928dcf1c21518151934fe","Unassigned",NA,NA,NA,NA,NA,NA
"1eefaec5e3e385ecb2ffc90bbf63516a","Unassigned",NA,NA,NA,NA,NA,NA
"4f1fc48b128fbc56bfd6a9636b6c482e","Unassigned",NA,NA,NA,NA,NA,NA
"73b2cd390ac46d7c870b86ae0d35bf20","Unassigned",NA,NA,NA,NA,NA,NA
"c39d18910f02f475a90e2779ddd71c8c","Unassigned",NA,NA,NA,NA,NA,NA
"1be7a5f4435e989c3cd88e2d74a02188","Unassigned",NA,NA,NA,NA,NA,NA
"415e508581f7259553f6fd723a63a042","d__Eukaryota",NA,NA,NA,NA,NA,NA
"b82c6b789574acaeb2702a2421fbbcce","Unassigned",NA,NA,NA,NA,NA,NA
"b731907013fd8080138ed9ae1d19758c","Unassigned",NA,NA,NA,NA,NA,NA
"0656cc7e6a54a5ea6274a27b2d287cd5","Unassigned",NA,NA,NA,NA,NA,NA
"1c37f9a3f525d473c2bd3eb30f0399fe","Unassigned",NA,NA,NA,NA,NA,NA
"856bc96fb1097f6f766858c0a20504ed","d__Eukaryota",NA,NA,NA,NA,NA,NA
"4e44fcdd60312505b73cf4d07d678f6c","Unassigned",NA,NA,NA,NA,NA,NA
"e31ed4b35b6a90643dd0ea93633c4b5a","Unassigned",NA,NA,NA,NA,NA,NA
"d0b940452e2931dfb67d884853c19247","Unassigned",NA,NA,NA,NA,NA,NA
"77532212029bae5eab03fb74afe1fb50","Unassigned",NA,NA,NA,NA,NA,NA
"05886b3aabc82261a7b2b6a0fab32d4f","Unassigned",NA,NA,NA,NA,NA,NA
"24aea2c830371545eeccbc755934de7b","Unassigned",NA,NA,NA,NA,NA,NA
"d259ee568f55eb519197168993b33d42","d__Eukaryota",NA,NA,NA,NA,NA,NA
"a3f55bc28432b76d0882ba2fcaf2fd65","Unassigned",NA,NA,NA,NA,NA,NA
"6ef853ab4d75b352c449e0a9a867819d","Unassigned",NA,NA,NA,NA,NA,NA
"710a1068ff707914ff153c37805d6542","Unassigned",NA,NA,NA,NA,NA,NA
"c1aeef7e58e19bcb43596fa586f49d04","d__Eukaryota",NA,NA,NA,NA,NA,NA
"f76c0955f2ce6b447bec41caf902bbdf","Unassigned",NA,NA,NA,NA,NA,NA
"8c0e2166f8c51dab951be6480de6b1a9","Unassigned",NA,NA,NA,NA,NA,NA
"ef290a46362a6373fd3f08cd7c003db5","Unassigned",NA,NA,NA,NA,NA,NA
"2e00416df7077f652e16ba4197faef83","d__Eukaryota",NA,NA,NA,NA,NA,NA
"df83316c9701ca9f0809e30ae1a8dfc1","Unassigned",NA,NA,NA,NA,NA,NA
"6f0091798f5f44952a4f00f71f2b6e00","Unassigned",NA,NA,NA,NA,NA,NA
"f783353295a4c07ac6c2d752a1d343d7","Unassigned",NA,NA,NA,NA,NA,NA
"8e82b4c3da12b0dea8b08642e83b5824","Unassigned",NA,NA,NA,NA,NA,NA
"079e7ea37e45446d799a58b7b75db127","Unassigned",NA,NA,NA,NA,NA,NA
"ad58d70271e716369d75d8376cfc462c","d__Bacteria",NA,NA,NA,NA,NA,NA
"5bdac0582de74b1f2df5b9f449483be8","Unassigned",NA,NA,NA,NA,NA,NA
"6e6e6de1434157db0e630e81b925e298","Unassigned",NA,NA,NA,NA,NA,NA
"599add793c4b24c504cdf2b14970fe24","Unassigned",NA,NA,NA,NA,NA,NA
"4e46f28ae7f57bdb529a9f25d531d633","Unassigned",NA,NA,NA,NA,NA,NA
"a78649e1d59d7a98b3c4dd879f0f363c","d__Eukaryota",NA,NA,NA,NA,NA,NA
"0f2431c3e7f0f94e313d1b8c6938299e","Unassigned",NA,NA,NA,NA,NA,NA
"760d7b462a0aa36a87ac945988ea658a","Unassigned",NA,NA,NA,NA,NA,NA
"5a4ea2e8b5d806f78b04122edf40e51f","Unassigned",NA,NA,NA,NA,NA,NA
"bf40e10215d232b7ec651974e8377f1b","d__Eukaryota","Rigifilida","Rigifilida","Rigifilida","Rigifilida","Rigifilida","metagenome"
"74b32e136f3366a5bd30c210259005da","Unassigned",NA,NA,NA,NA,NA,NA
"b7d508fbaf7c1b01d1542e3452c886e1","Unassigned",NA,NA,NA,NA,NA,NA
"0c0d0e89e38a15cc994a96a03bc5693c","Unassigned",NA,NA,NA,NA,NA,NA
"4d3e2e8b74d86a09a9cbcc4203ad11cb","Unassigned",NA,NA,NA,NA,NA,NA
"b98a10b3b3e6c60f3fdd2f1802c1ee30","Unassigned",NA,NA,NA,NA,NA,NA
"b2b4999d375f48619a8a645806a57f43","Unassigned",NA,NA,NA,NA,NA,NA
"dea057587710cc11c9b94a269df66951","d__Eukaryota",NA,NA,NA,NA,NA,NA
"4f4d1786422616c6878a6a65acb3630b","Unassigned",NA,NA,NA,NA,NA,NA
"3c63a4b242a1a7d38d22f39c1db097c8","Unassigned",NA,NA,NA,NA,NA,NA
"b96b89b1dcf318c5f77203e2169be698","Unassigned",NA,NA,NA,NA,NA,NA
"3fb5e646d94169b4f2ab4110c33ee67c","Unassigned",NA,NA,NA,NA,NA,NA
"36db8e728becab83241583403fa65966","d__Eukaryota",NA,NA,NA,NA,NA,NA
"09fb0eb115b13db3b3f0c4bf681b0a9c","Unassigned",NA,NA,NA,NA,NA,NA
"2dfae038a51d4d279e87f2f6eb060bb8","Unassigned",NA,NA,NA,NA,NA,NA
"950858d05b5926f951dd52484d4eb292","d__Eukaryota",NA,NA,NA,NA,NA,NA
"7b83dd87d5221726bde834486715955a","Unassigned",NA,NA,NA,NA,NA,NA
"3f12970b14a6c3b690a81b9fc6e0a1c6","Unassigned",NA,NA,NA,NA,NA,NA
"91dce99989a89768b4a8fbcdb960457f","Unassigned",NA,NA,NA,NA,NA,NA
"5f8bbb9b633bb0d8552361eea293a92f","Unassigned",NA,NA,NA,NA,NA,NA
"69b03ed282c3a6ce11a1d167d262fa23","Unassigned",NA,NA,NA,NA,NA,NA
"8ae77359269655cc38a29e10ffae0625","Unassigned",NA,NA,NA,NA,NA,NA
"9b77bd1d254e519ab74c9cdb5eee3cb3","d__Bacteria",NA,NA,NA,NA,NA,NA
"092d309b0fcf1147b2359208835decc0","Unassigned",NA,NA,NA,NA,NA,NA
"bf39d3e28e3d5aba557f3098b2b66a68","d__Eukaryota",NA,NA,NA,NA,NA,NA
"321b5978f18e45563f309a8245444412","Unassigned",NA,NA,NA,NA,NA,NA
"aa59c7f8e06ecb2c264dc0ea02dcc308","Unassigned",NA,NA,NA,NA,NA,NA
"314a302fd89c7e103e962c9673f0d17d","Unassigned",NA,NA,NA,NA,NA,NA
"0f6d025f76c351bd72c49ee0f6476142","Unassigned",NA,NA,NA,NA,NA,NA
"b89a5c206d2db159007e5df3dc6f06d7","Unassigned",NA,NA,NA,NA,NA,NA
"b1085240459821b80f544392497c1a99","Unassigned",NA,NA,NA,NA,NA,NA
"68f1a859e4f855966a561293df94f096","Unassigned",NA,NA,NA,NA,NA,NA
"c59f6c9bcd6575d91f405fc4fd325647","Unassigned",NA,NA,NA,NA,NA,NA
"7b44e635cf56cf268ec7686868cab953","Unassigned",NA,NA,NA,NA,NA,NA
"51e8b09aa712424c47e02d73fecc8581","d__Eukaryota",NA,NA,NA,NA,NA,NA
"28a1ac007bbe9ce5c54cae6cfc029762","Unassigned",NA,NA,NA,NA,NA,NA
"6fbe6fa26308ed326c30bd6bbce3d13d","Unassigned",NA,NA,NA,NA,NA,NA
"76693f10e3d8859197f7a160b84f1191","Unassigned",NA,NA,NA,NA,NA,NA
"abe6bd60cfc7e72d501a681e9c0528c9","Unassigned",NA,NA,NA,NA,NA,NA
"969b1a5f3da1b9ca10ba1b4f93bb5fc2","Unassigned",NA,NA,NA,NA,NA,NA
"dc4bedb550bde38930f57d1fa7c01e26","Unassigned",NA,NA,NA,NA,NA,NA
"85df2bbc14450d03e8ef881974dd27f5","Unassigned",NA,NA,NA,NA,NA,NA
"54b57b99521a44c54168ebb18f8aec4a","Unassigned",NA,NA,NA,NA,NA,NA
"b73b5e8e52f248c6adf38d8ff1ae953a","Unassigned",NA,NA,NA,NA,NA,NA
"a849aa668d1733ba383723e87548d340","Unassigned",NA,NA,NA,NA,NA,NA
"18946c8c6192c295d332fa7a621a9011","Unassigned",NA,NA,NA,NA,NA,NA
"d161ecf400db5da0c17cfc3127800630","Unassigned",NA,NA,NA,NA,NA,NA
"965b7f91f67890006ca4d88f1fb79f7e","Unassigned",NA,NA,NA,NA,NA,NA
"61f10c7bbf39968a3c530cd6e699bbe8","d__Eukaryota","Protosporangiida","Protosporangiidae","Protosporangiidae","Protosporangiidae","Protosporangium","metagenome"
"a594bd9034adad9ac8d8be90f170e3c5","Unassigned",NA,NA,NA,NA,NA,NA
"2cddb3baa969e6f1558da33a3fadc9a1","Unassigned",NA,NA,NA,NA,NA,NA
"cfc8d06af6f60eb65cbcd27eabff695c","Unassigned",NA,NA,NA,NA,NA,NA
"d946385320e592d738432af6a0a4ed01","Unassigned",NA,NA,NA,NA,NA,NA
"c10b5ef9f2aaf6ad7a513bd9b4be18af","Unassigned",NA,NA,NA,NA,NA,NA
"2b5ea87d05a5706c0bb8c818af0dfe0e","Unassigned",NA,NA,NA,NA,NA,NA
"37a1318b36929ab6220838b3f3a25798","Unassigned",NA,NA,NA,NA,NA,NA
"1382b2c74ff3d741c0d708e6dcfb3d43","Unassigned",NA,NA,NA,NA,NA,NA
"8ea2ecede965cab6ab5a7a907fe922e7","Unassigned",NA,NA,NA,NA,NA,NA
"5629d453d0cd6c3801fed841f51ddcbc","Unassigned",NA,NA,NA,NA,NA,NA
"3a865d5b78366e085345a5615667d685","d__Eukaryota",NA,NA,NA,NA,NA,NA
"8d257435cf8e74ab2d4da01b100f6bc8","Unassigned",NA,NA,NA,NA,NA,NA
"27a9a33dad91a1caa1d026bddcc2cbcc","Unassigned",NA,NA,NA,NA,NA,NA
"b771b9d5661940b613e01d7023e4a402","Unassigned",NA,NA,NA,NA,NA,NA
"c2e31d88fbc6bd3ccdc4ad176a355648","Unassigned",NA,NA,NA,NA,NA,NA
"a7946929baabf7ebea286688dfcf563a","Unassigned",NA,NA,NA,NA,NA,NA
"dd5d62d596e19f04a1ae1ea505ff5bb2","Unassigned",NA,NA,NA,NA,NA,NA
"dff0e9195b3e1e35de25861b7a77a41d","Unassigned",NA,NA,NA,NA,NA,NA
"02eed4c8c5094c3e38e19e3af6d9e333","Unassigned",NA,NA,NA,NA,NA,NA
"0c01bdbb5de3686c0f98aceeaff3ad9b","Unassigned",NA,NA,NA,NA,NA,NA
"839541e672f55eae3894ac13704f77dc","Unassigned",NA,NA,NA,NA,NA,NA
"4e4235dc29a2f3d1cc543769e04e1462","Unassigned",NA,NA,NA,NA,NA,NA
"378f53421b56e99bd8dfacb43ab68360","Unassigned",NA,NA,NA,NA,NA,NA
"c52d4dd8e09f27ac1eddc812346448d1","d__Eukaryota","Chlorophyta","Chlorophyceae","Chlorophyceae","Chlorophyceae","Chlorophyceae",NA
"f05addf30b52171d2a16a640e6859747","Unassigned",NA,NA,NA,NA,NA,NA
"b83e4c84025a6e494400eff471bf1e78","Unassigned",NA,NA,NA,NA,NA,NA
"1cdffd32c66c552eefde16837dda866e","Unassigned",NA,NA,NA,NA,NA,NA
"bd11a195b11e5da7e5c27a20d648d15e","Unassigned",NA,NA,NA,NA,NA,NA
"f31d050fdf11fa0f03e6186640a647e2","Unassigned",NA,NA,NA,NA,NA,NA
"21790bbfe6808f43e1244752dab494d6","Unassigned",NA,NA,NA,NA,NA,NA
"68abdc6bacf0ed4de6c17c7804d0c1eb","Unassigned",NA,NA,NA,NA,NA,NA
"216f05816001d230ad4876a345a16fd8","Unassigned",NA,NA,NA,NA,NA,NA
"d2726601336b915f9932ad7718c6903b","Unassigned",NA,NA,NA,NA,NA,NA
"f7ca85e0ba90939fe5cc0e559ecffc54","Unassigned",NA,NA,NA,NA,NA,NA
"88c977d22e960bbbb6b92caab651b100","Unassigned",NA,NA,NA,NA,NA,NA
"bc2b70e5959f6cd87fb507126e9077a3","Unassigned",NA,NA,NA,NA,NA,NA
"b37f4e5765a0421e838526c7e9914072","Unassigned",NA,NA,NA,NA,NA,NA
"5c2b10dc944aac2231ebde07a13f4d30","Unassigned",NA,NA,NA,NA,NA,NA
"2041e382cd5e3f149aa3a960859ac0f0","Unassigned",NA,NA,NA,NA,NA,NA
"74017de19a5bbadd4c71316676733d28","Unassigned",NA,NA,NA,NA,NA,NA
"2e1a10ca601f01aa6189cb28b3c4c5ec","Unassigned",NA,NA,NA,NA,NA,NA
"fb5556947ee3ab858770344babe458bb","Unassigned",NA,NA,NA,NA,NA,NA
"fa593d8e1d9e7eb0006b4a1dc179b315","Unassigned",NA,NA,NA,NA,NA,NA
"a6f0119b64fcc2b26310649dfcad2e16","Unassigned",NA,NA,NA,NA,NA,NA
"8c6a30af87004ec330a33263e990331b","d__Eukaryota","Ascomycota","Dothideomycetes","Capnodiales",NA,NA,NA
"d9bdac3eabf15dc7158eb72e39921b78","Unassigned",NA,NA,NA,NA,NA,NA
"488baa34248689c698a88940a0b912d0","Unassigned",NA,NA,NA,NA,NA,NA
"5ec7b217e18eafca0f5ba7ae9e01a5b3","Unassigned",NA,NA,NA,NA,NA,NA
"c460cb657170170f3c8b5dcc61e13aa5","Unassigned",NA,NA,NA,NA,NA,NA
"123483c53c4c0b3296b71e9baa0500f7","Unassigned",NA,NA,NA,NA,NA,NA
"2279f36cdfd4c138706b55a3a8310f49","d__Eukaryota","Chlorophyta","Ulvophyceae","Ulvophyceae","Ulvophyceae","Ulvophyceae","Hazenia_basiliensis"
"37df3d3d88a512386854e392590ca977","Unassigned",NA,NA,NA,NA,NA,NA
"a8f652f5acbc0880551cee06e585eea7","Unassigned",NA,NA,NA,NA,NA,NA
"6a6c860a063882a1a92e512b0bb09326","Unassigned",NA,NA,NA,NA,NA,NA
"afc891af43460eadd6897946344a6b5b","Unassigned",NA,NA,NA,NA,NA,NA
"aee4fefd4878f5dbffce6266b9bbcf08","Unassigned",NA,NA,NA,NA,NA,NA
"a73b26fd267470d43e51bbd4ef98f2bb","Unassigned",NA,NA,NA,NA,NA,NA
"a7c7d52ee2da06febe78ad2c0100d810","Unassigned",NA,NA,NA,NA,NA,NA
"29ff19105b49ab4491a84eb98a40fc6c","Unassigned",NA,NA,NA,NA,NA,NA
"053b26894d74b3cc7af52fd3225d360b","d__Eukaryota",NA,NA,NA,NA,NA,NA
"bedc7e58c0bb78ac5e79bcdaff240772","Unassigned",NA,NA,NA,NA,NA,NA
"4a77060e1d7ed495345565e707204a1a","Unassigned",NA,NA,NA,NA,NA,NA
"220196747b62f88f490de0f9c6e10f09","Unassigned",NA,NA,NA,NA,NA,NA
"e2c6329c63a55cbca65707b9e9103458","Unassigned",NA,NA,NA,NA,NA,NA
"61ecc49ceba4f0bfc82c3eeb1578bb75","Unassigned",NA,NA,NA,NA,NA,NA
"b09b74e60d5fd9ff28b10b8456d13cc9","Unassigned",NA,NA,NA,NA,NA,NA
"6d4ec69965e020b51ecb4f6423f45910","Unassigned",NA,NA,NA,NA,NA,NA
"d9afa94c48402b90743ecd0a6bb310db","Unassigned",NA,NA,NA,NA,NA,NA
"adfef26123cbfd567164587c0173d057","Unassigned",NA,NA,NA,NA,NA,NA
"263016dce190883b9317fd4ed469ea4d","Unassigned",NA,NA,NA,NA,NA,NA
"8d080b2ff4756cd22290790125ca4eaa","Unassigned",NA,NA,NA,NA,NA,NA
"d37f11507c5aa2f1247ce8f5149bdedd","Unassigned",NA,NA,NA,NA,NA,NA
"4070621673717c69c31dfcb71962e0cc","d__Eukaryota",NA,NA,NA,NA,NA,NA
"0ca8456a22dfd38625014cfca5814775","Unassigned",NA,NA,NA,NA,NA,NA
"c42cada35ed912c73566ed19fec99d00","Unassigned",NA,NA,NA,NA,NA,NA
"c233c0c8f1c62daf51719cc22872d292","d__Eukaryota",NA,NA,NA,NA,NA,NA
"52528093574e8b9816e92f6cbfd925d6","Unassigned",NA,NA,NA,NA,NA,NA
"166fe9339be8e98a29907bb0c0329ff6","Unassigned",NA,NA,NA,NA,NA,NA
"d6e182e2dee26a7e887f43ff3de65060","d__Eukaryota",NA,NA,NA,NA,NA,NA
"1ce06fb27cc7abe93d459fe629d07084","d__Eukaryota",NA,NA,NA,NA,NA,NA
"9406318779fe1f7d7aabad1dc05e544b","Unassigned",NA,NA,NA,NA,NA,NA
"367d9c31829cc02a372c2689d518f3f4","Unassigned",NA,NA,NA,NA,NA,NA
"f4ea5bc101408c445a953d92cf603679","Unassigned",NA,NA,NA,NA,NA,NA
"093aaf9ebad26b4e39d46752720b84f1","Unassigned",NA,NA,NA,NA,NA,NA
"7d3912405c77c64bec2fb7a9e47849d6","Unassigned",NA,NA,NA,NA,NA,NA
"0211d598d5e9a37bd387acced8f53456","Unassigned",NA,NA,NA,NA,NA,NA
"d6fe94c911bbb54538167dce1ad3b26e","Unassigned",NA,NA,NA,NA,NA,NA
"19a3483dcaa6cbfa4a8df89614a7cabd","Unassigned",NA,NA,NA,NA,NA,NA
"6ee75f7e72224a33c5be1e2ac56bfa79","Unassigned",NA,NA,NA,NA,NA,NA
"e01a415acfef3c63a72a7e24dc41a7ae","d__Eukaryota",NA,NA,NA,NA,NA,NA
"1ece3f00ab408be7b479fd15cfafb722","Unassigned",NA,NA,NA,NA,NA,NA
"03d5a9ff48ddccd2d974ab362ff28f43","Unassigned",NA,NA,NA,NA,NA,NA
"59aca3e5e8ff10d3a770fa67613a8e99","Unassigned",NA,NA,NA,NA,NA,NA
"59b1ae6a9665ccd8b0898a52c2c5d79c","Unassigned",NA,NA,NA,NA,NA,NA
"3dbde9f40dea405f7d1db47cca7fef91","Unassigned",NA,NA,NA,NA,NA,NA
"e57753d57bb3778a223535c610156a4a","Unassigned",NA,NA,NA,NA,NA,NA
"0c6dfcf60fbedec8aeb0f27558bf8b13","d__Eukaryota",NA,NA,NA,NA,NA,NA
"f673cc3a1816ada5b8ea5f9e133c920a","Unassigned",NA,NA,NA,NA,NA,NA
"34e29554d90b619658886261cb4ec257","d__Eukaryota",NA,NA,NA,NA,NA,NA
"c67d6e0349531d7744ea0010d124306d","Unassigned",NA,NA,NA,NA,NA,NA
"f7707fc8d06e765f43573c768d8687ea","Unassigned",NA,NA,NA,NA,NA,NA
"3ad953c9dd92280145126812a433ce06","Unassigned",NA,NA,NA,NA,NA,NA
"139eff6f2d2d7bb4b6b2abf69a4b147e","Unassigned",NA,NA,NA,NA,NA,NA
"94abb8ebb576a374dd33172ac7dd7805","Unassigned",NA,NA,NA,NA,NA,NA
"c7df9d7674921b24c80cfc67da1cf315","Unassigned",NA,NA,NA,NA,NA,NA
"07864d70882ed2f7bb0159a670c61a28","Unassigned",NA,NA,NA,NA,NA,NA
"888d485270e2a9d52ecdcf0bb8daefd4","Unassigned",NA,NA,NA,NA,NA,NA
"b3fdeea2c17b79931fbec011e8503276","Unassigned",NA,NA,NA,NA,NA,NA
"a93c46025c922346c5a252043dee7cde","Unassigned",NA,NA,NA,NA,NA,NA
"ba95024ac0706c67b22f2fce3315e7b4","Unassigned",NA,NA,NA,NA,NA,NA
"651316dbee8be0a1a00ad0ed9cd08810","Unassigned",NA,NA,NA,NA,NA,NA
"b45bf73c1750c8044ff5500e3f1913eb","Unassigned",NA,NA,NA,NA,NA,NA
"b7017aa80bd49618f30d6ea78c617689","Unassigned",NA,NA,NA,NA,NA,NA
"505a9f7ae168dd34ff44d373537ed5c2","Unassigned",NA,NA,NA,NA,NA,NA
"80f687625e93a8fae2f80d58cb4f174f","Unassigned",NA,NA,NA,NA,NA,NA
"af27bd30fb63d720f32f9d97d3edc45f","Unassigned",NA,NA,NA,NA,NA,NA
"ad69e054afa13fbd5dc94c68c2dff825","Unassigned",NA,NA,NA,NA,NA,NA
"e58566f1cb34f1c1e80c78c936ff00e2","d__Eukaryota",NA,NA,NA,NA,NA,NA
"632f7b0e0752b84c08cffe72c6bfe3e5","Unassigned",NA,NA,NA,NA,NA,NA
"04d7348e9cd02642f1f78120bae6fb29","Unassigned",NA,NA,NA,NA,NA,NA
"a144fbfa28a93415f2d8b8d2ccdba7f3","Unassigned",NA,NA,NA,NA,NA,NA
"dd5bade7d99bdb800fc6ca878aa7ab7f","Unassigned",NA,NA,NA,NA,NA,NA
"1c3f88db0b9452283a5bd4c59b5badab","Unassigned",NA,NA,NA,NA,NA,NA
"de0805540ff66f08bb72054ff8aab1c3","Unassigned",NA,NA,NA,NA,NA,NA
"fd22891ff6e0c12e6c04e9658c8a5a0e","Unassigned",NA,NA,NA,NA,NA,NA
"fe9238ea44f406130f80aa65d4962987","Unassigned",NA,NA,NA,NA,NA,NA
"154294b58fb592327fca58ddcd8d7172","Unassigned",NA,NA,NA,NA,NA,NA
"461fb808bb333e94400f6a02b28a5d76","Unassigned",NA,NA,NA,NA,NA,NA
"b329c0ba335280b8801e8c8b8faceb31","Unassigned",NA,NA,NA,NA,NA,NA
"df84e0ca609cccc443cb4c65fde7c6bb","Unassigned",NA,NA,NA,NA,NA,NA
"b6050671decd945fb2b9f1a54f3b4e6f","d__Eukaryota",NA,NA,NA,NA,NA,NA
"69540b0f60dc8cacf61d9e806480cb3b","Unassigned",NA,NA,NA,NA,NA,NA
"01bb3c2cea41c87cb9a75fe44f45b905","Unassigned",NA,NA,NA,NA,NA,NA
"cc81b51b484f8550d68b2f61aff55a3d","Unassigned",NA,NA,NA,NA,NA,NA
"bdc0a7364955b8e714b39f9c96b483e5","Unassigned",NA,NA,NA,NA,NA,NA
"33bd838e2baf1df54dad13992306a463","Unassigned",NA,NA,NA,NA,NA,NA
"8adbf8676c16ce9ce387cd661be34ddd","Unassigned",NA,NA,NA,NA,NA,NA
"9e187fc41e6511b3edf276e6c847d7ca","Unassigned",NA,NA,NA,NA,NA,NA
"32a9dd1f6adf2117dbd2966574d91485","Unassigned",NA,NA,NA,NA,NA,NA
"d2632d8f95266e72b119ea4d7344e387","Unassigned",NA,NA,NA,NA,NA,NA
"c2bc51abcfba70347f0866cb7fb04d18","Unassigned",NA,NA,NA,NA,NA,NA
"2afbf54cdf67ff73a51b8ef91f557827","Unassigned",NA,NA,NA,NA,NA,NA
"66d9aaa166cdc0623e4e5cc204cbc6e6","Unassigned",NA,NA,NA,NA,NA,NA
"477ff237196f3af0f2eb27e9ae812011","Unassigned",NA,NA,NA,NA,NA,NA
"7c9360d8739b14270cbb8143630eb6ae","Unassigned",NA,NA,NA,NA,NA,NA
"e502efa1b147c37b7824e96ce4df6408","Unassigned",NA,NA,NA,NA,NA,NA
"f1511512befc28260764cdcecd6b9ab7","Unassigned",NA,NA,NA,NA,NA,NA
"bef3126cae38ea84a0772e22114cb51c","Unassigned",NA,NA,NA,NA,NA,NA
"b93c37f7bcdc316f6e3e0365b763bc7a","Unassigned",NA,NA,NA,NA,NA,NA
"78f35571b112a0bc0fd4ea6c7ce52ded","d__Bacteria",NA,NA,NA,NA,NA,NA
"deacfcb5c6581eb6edbfcb867bcfa0b2","Unassigned",NA,NA,NA,NA,NA,NA
"dfdbcb8174c2ff2b39e23873b3171830","Unassigned",NA,NA,NA,NA,NA,NA
"8e47fcf040524f548e72e8bb4a87d498","Unassigned",NA,NA,NA,NA,NA,NA
"ff13180c838d29d7b8ab60bf8828c86d","Unassigned",NA,NA,NA,NA,NA,NA
"5a93b90eb875b7e1a5654311ff554457","Unassigned",NA,NA,NA,NA,NA,NA
"1ec7957f46898356c04462f551b3f86f","Unassigned",NA,NA,NA,NA,NA,NA
"4a9a605a4c282f7d791a46afd848060f","Unassigned",NA,NA,NA,NA,NA,NA
"cb6c7aef71dc435e7d150373f1c6bf49","d__Bacteria","Proteobacteria","Alphaproteobacteria","Rickettsiales","Mitochondria","Mitochondria",NA
"c830eb7031a0ceba236ca66c16526908","Unassigned",NA,NA,NA,NA,NA,NA
"38bb9df1044ff30545c9084b5d178a35","d__Eukaryota",NA,NA,NA,NA,NA,NA
"aa04add5f23609b7a280e263e77da0e5","d__Eukaryota",NA,NA,NA,NA,NA,NA
"7ca3d7804812fa99f8a68f4a97222678","d__Eukaryota",NA,NA,NA,NA,NA,NA
"935c741d2c049c0b0f978bc078c9e20f","Unassigned",NA,NA,NA,NA,NA,NA
"e054fb28a1228a6bdc58784c87f9c115","Unassigned",NA,NA,NA,NA,NA,NA
"e027ef75acf4606e0a09a3464a8cd91a","Unassigned",NA,NA,NA,NA,NA,NA
"88ad4e00d6de7a7c8d08d205fb3648d7","Unassigned",NA,NA,NA,NA,NA,NA
"02477fa53a13ce9dd83676ae00e0388f","Unassigned",NA,NA,NA,NA,NA,NA
"b7ca962730fa266fc0fdc48fe4a1f120","Unassigned",NA,NA,NA,NA,NA,NA
"bd05c8caca06a257d6ce46e7ff3bab39","Unassigned",NA,NA,NA,NA,NA,NA
"fed21dce6b4010b45c86083a8d1f0e25","d__Eukaryota",NA,NA,NA,NA,NA,NA
"1bcab19509d720776d76d1c377e77d34","Unassigned",NA,NA,NA,NA,NA,NA
"82ac7da8752e7d2385b88009cb2f363b","Unassigned",NA,NA,NA,NA,NA,NA
"eef27333fcb7c53011b21521ca4c4c37","Unassigned",NA,NA,NA,NA,NA,NA
"80ece47a11abf3681cccef129433114d","Unassigned",NA,NA,NA,NA,NA,NA
"5645eeb39f61319de1b0d1e001642b7f","Unassigned",NA,NA,NA,NA,NA,NA
"db55cef28919163aad78a752575ea30a","Unassigned",NA,NA,NA,NA,NA,NA
"929327a28dd1d44742cd595c0d90cd76","Unassigned",NA,NA,NA,NA,NA,NA
"efd145f52c1b49e3f1033b7d6b46e711","d__Eukaryota",NA,NA,NA,NA,NA,NA
"bc7726c86e208058ccff2c72cdb92cd7","Unassigned",NA,NA,NA,NA,NA,NA
"66a695b4005fbec16f1a544d000b95ff","Unassigned",NA,NA,NA,NA,NA,NA
"3fd6638b3b609efcd2a6be771c6f1d12","Unassigned",NA,NA,NA,NA,NA,NA
"971a1b774533037828ef8bd3e1f1058f","Unassigned",NA,NA,NA,NA,NA,NA
"2433f0547d5c4c95c0e34b70a2fd7d8c","d__Eukaryota",NA,NA,NA,NA,NA,NA
"316c4bc6cc6f42f3d1f2b84f2eab6f49","d__Eukaryota",NA,NA,NA,NA,NA,NA
"ddd19fe9e8f96d111667c76aefc9b8f6","Unassigned",NA,NA,NA,NA,NA,NA
"68bc3119ce2dfe8db6283e5b49aaed43","Unassigned",NA,NA,NA,NA,NA,NA
"65aa215d4f868c56cb8a0d466aaba56a","Unassigned",NA,NA,NA,NA,NA,NA
"7b5833c1895827780edaea26b4b112e0","Unassigned",NA,NA,NA,NA,NA,NA
"6989263559590d24ffb3a0b3c40844b2","Unassigned",NA,NA,NA,NA,NA,NA
"0985ab4f93b3df830a2ddcc466bf8a88","Unassigned",NA,NA,NA,NA,NA,NA
"0e83c364d002893b2f67d034754b46b4","Unassigned",NA,NA,NA,NA,NA,NA
"6ae6b87e86a9ad4e4ee5e46208072c2f","Unassigned",NA,NA,NA,NA,NA,NA
"4d4c15ca897676e061512707f64edbc7","Unassigned",NA,NA,NA,NA,NA,NA
"0bc6125ee542c1e9396a923ac8b04140","Unassigned",NA,NA,NA,NA,NA,NA
"392e0fcc32b238d982f1fc5b8926a776","Unassigned",NA,NA,NA,NA,NA,NA
"2529e6e1aad09bf6d806e1f53f4af4dc","Unassigned",NA,NA,NA,NA,NA,NA
"3903dbd42f03e864623839d545ba17c2","Unassigned",NA,NA,NA,NA,NA,NA
"958071ec50b9b4624ddc2d71bc337cac","d__Eukaryota",NA,NA,NA,NA,NA,NA
"525bf2ee17f1beb3a7e86fe3bdaf9719","d__Eukaryota",NA,NA,NA,NA,NA,NA
"2559ded1d17dffe651da28b18b0aace4","Unassigned",NA,NA,NA,NA,NA,NA
"aa08661bdb7e37e096f31c096bab80ab","Unassigned",NA,NA,NA,NA,NA,NA
"0b92af557a45b3094d33b33d4ec2bb25","Unassigned",NA,NA,NA,NA,NA,NA
"12e19966425d73b73c8b3f08b6f0c2d8","Unassigned",NA,NA,NA,NA,NA,NA
"f271523ec4b4673c7c45cf948010a845","Unassigned",NA,NA,NA,NA,NA,NA
"1abb4fbdf0bd64686519cecae5601711","Unassigned",NA,NA,NA,NA,NA,NA
"d63a15b522e3978e88253d229c8b4ade","Unassigned",NA,NA,NA,NA,NA,NA
"0d7a7ac7565443d3035a8d294dc84c61","Unassigned",NA,NA,NA,NA,NA,NA
"79eb79e06be863120e80e15b67a82c58","d__Eukaryota",NA,NA,NA,NA,NA,NA
"5e4b6031349461a87b28337e9a2fd60b","Unassigned",NA,NA,NA,NA,NA,NA
"c4ab1485a8670f187bc5d9e30665ef2e","Unassigned",NA,NA,NA,NA,NA,NA
"de0b0d710cccb17697a090f1a13c941f","Unassigned",NA,NA,NA,NA,NA,NA
"24ec8db6d84b28b290865955783fbbc0","Unassigned",NA,NA,NA,NA,NA,NA
"2b36163eb5c9cd8842842424174b6227","Unassigned",NA,NA,NA,NA,NA,NA
"7abe588a6b36a588e5ea009b38eb4bdf","Unassigned",NA,NA,NA,NA,NA,NA
"853bb6325c76397070c7675a8e82a622","Unassigned",NA,NA,NA,NA,NA,NA
"2a1ca08557f9c625d925cbbf9552ba76","Unassigned",NA,NA,NA,NA,NA,NA
"3abdde1d86862ad3d977b9b588b4cf55","Unassigned",NA,NA,NA,NA,NA,NA
"49c18772bec078469b3bbf4185a4026e","Unassigned",NA,NA,NA,NA,NA,NA
"ef312c43544cc1834e3474804fbfde92","Unassigned",NA,NA,NA,NA,NA,NA
"c5e3d00d8602905581daf6ab6bb23b07","Unassigned",NA,NA,NA,NA,NA,NA
"0590ab04be656eaa64fc1058f02f9f44","Unassigned",NA,NA,NA,NA,NA,NA
"33c283569f9a085c3017cd72982f1a52","d__Eukaryota",NA,NA,NA,NA,NA,NA
"85aa2c990c7719a9eaaaa5fbcd759a19","Unassigned",NA,NA,NA,NA,NA,NA
"ce27bfe75aa6225615ae6de9a362923d","Unassigned",NA,NA,NA,NA,NA,NA
"64c9f98174f82c408d6d290f7947da09","Unassigned",NA,NA,NA,NA,NA,NA
"020460b658ce9b0f7d93eeed24c823d7","Unassigned",NA,NA,NA,NA,NA,NA
"43fce275cc592f39eaaa62bbdbcdb967","Unassigned",NA,NA,NA,NA,NA,NA
"dbfb59f6f9cc1060ecf155fa67241c78","Unassigned",NA,NA,NA,NA,NA,NA
"3cf06b2b2655e4cd1324efd5959472d3","Unassigned",NA,NA,NA,NA,NA,NA
"a9622c826ab06ce37fb052d377e80de1","d__Eukaryota",NA,NA,NA,NA,NA,NA
"239178bd6956c906bc4674cf17af502d","d__Eukaryota",NA,NA,NA,NA,NA,NA
"e800cedf403a68e41ab61e8347c07b80","Unassigned",NA,NA,NA,NA,NA,NA
"1a58ef839fbae9d2c84eaad28316d72d","Unassigned",NA,NA,NA,NA,NA,NA
"1fc49ddbe77802cc102f9b0d19eac8ac","Unassigned",NA,NA,NA,NA,NA,NA
"f958f88063d11e6386783f75138d7cfd","Unassigned",NA,NA,NA,NA,NA,NA
"97ad4f5346362e1ad8dd46c4ed4a98c7","Unassigned",NA,NA,NA,NA,NA,NA
"7d249d670f9f3090f477c8a0e5f18b2b","Unassigned",NA,NA,NA,NA,NA,NA
"3cae5c840eb70d9829ec5e267cd8c6cc","Unassigned",NA,NA,NA,NA,NA,NA
"4c550fb4dc29d21c1e035bc94a7e89a8","Unassigned",NA,NA,NA,NA,NA,NA
"cd6bf2d80953beab2f6106ec237139eb","d__Eukaryota",NA,NA,NA,NA,NA,NA
"e8fc96facd2fb9f35a140ac1d0cd9861","Unassigned",NA,NA,NA,NA,NA,NA
"a38c914d44c168af063c7adf82ae706f","d__Eukaryota",NA,NA,NA,NA,NA,NA
"7e04742a8dd2beb6704d2bc1473536c5","Unassigned",NA,NA,NA,NA,NA,NA
"8868a6761f0a143687521b352bfb6518","Unassigned",NA,NA,NA,NA,NA,NA
"5cc0498bd66d3feb29d697a699a9fe1e","Unassigned",NA,NA,NA,NA,NA,NA
"ff7c2962eea833b3cf547727e85c6104","d__Eukaryota",NA,NA,NA,NA,NA,NA
"69d2417d3276fd1b19e1f09db9b15788","Unassigned",NA,NA,NA,NA,NA,NA
"41c87ae3792eb3970475ecaae2964ec5","Unassigned",NA,NA,NA,NA,NA,NA
"db2bdec74e7f1b5a63860dc71a7ae9a1","Unassigned",NA,NA,NA,NA,NA,NA
"6cd34a36f20cdfb98a61ff4103649e37","Unassigned",NA,NA,NA,NA,NA,NA
"be100e8a50ebd9bd75a9489f8420015c","Unassigned",NA,NA,NA,NA,NA,NA
"b39e1be48e6d1ff5de4ef16325523b3d","Unassigned",NA,NA,NA,NA,NA,NA
"6d2d0fc6cfc614f421fe7cff59eb3088","Unassigned",NA,NA,NA,NA,NA,NA
"d0e086c2d1fa647ba4b732e80834a5cf","Unassigned",NA,NA,NA,NA,NA,NA
"4c06e9075324af642f95d2847dad61c0","Unassigned",NA,NA,NA,NA,NA,NA
"b7c4854fa057f18f8ed1c51e0cf6a2c4","Unassigned",NA,NA,NA,NA,NA,NA
"b1b4574dc33dcf8aa56a3631a1f98f9c","d__Eukaryota",NA,NA,NA,NA,NA,NA
"05228e12cb2507aa610d5a41a4276133","Unassigned",NA,NA,NA,NA,NA,NA
"d38f8d689748e1f82907b453eb7aa6a3","d__Eukaryota",NA,NA,NA,NA,NA,NA
"e17524e87d695fe48ec65c4b8360227d","Unassigned",NA,NA,NA,NA,NA,NA
"51722c112df0f02d67aeee38ffa11134","Unassigned",NA,NA,NA,NA,NA,NA
"905b9761460d82413c17c76953f6d567","Unassigned",NA,NA,NA,NA,NA,NA
"43b161dc06fbaad88834f4603b0840ed","Unassigned",NA,NA,NA,NA,NA,NA
"9274c30c0c9a92c803f1833ec460205a","Unassigned",NA,NA,NA,NA,NA,NA
"0ef158e9e58a1b33a9cbf3d79d94af96","d__Bacteria","Proteobacteria","Alphaproteobacteria","Rickettsiales","Mitochondria","Mitochondria",NA
"d75e16d18733fd962b9b65e1a93166b9","Unassigned",NA,NA,NA,NA,NA,NA
"b07caab8b531192fdf0eac775f8d2db3","Unassigned",NA,NA,NA,NA,NA,NA
"0accc4f1d768dc91550559329ea9ca40","Unassigned",NA,NA,NA,NA,NA,NA
"59ab678bfcffa131b5502138d9157d3b","Unassigned",NA,NA,NA,NA,NA,NA
"4f5ffc7ac602fb816b2b469b279fc0f9","Unassigned",NA,NA,NA,NA,NA,NA
"93a3e4066f8495ebdee623b1e5942966","Unassigned",NA,NA,NA,NA,NA,NA
"38dcb09bfa0391df288e00b0368375e4","Unassigned",NA,NA,NA,NA,NA,NA
"e4fac9fb896ed3fa550864d5ef606262","Unassigned",NA,NA,NA,NA,NA,NA
"32474bc95ee9230aa5eb20b20f86b2eb","Unassigned",NA,NA,NA,NA,NA,NA
"3738d4eda8e4f2b4ae904d296fbe2d3f","Unassigned",NA,NA,NA,NA,NA,NA
"77293b0f60cbdfb5fbc269130d105a3d","Unassigned",NA,NA,NA,NA,NA,NA
"37da086335c2ad072998ab26e7511824","Unassigned",NA,NA,NA,NA,NA,NA
"f6a174b831c8d5905094c5a983627102","Unassigned",NA,NA,NA,NA,NA,NA
"03292ad1eb6ce956013dd4af200e42d1","Unassigned",NA,NA,NA,NA,NA,NA
"f72d00757fa66791859f4400b72664fb","Unassigned",NA,NA,NA,NA,NA,NA
"26f538b3db4289b6105a14608006182e","Unassigned",NA,NA,NA,NA,NA,NA
"2c742f106527c9935869bac45371d74f","Unassigned",NA,NA,NA,NA,NA,NA
"c07e43246aed02c30b978a187850563b","Unassigned",NA,NA,NA,NA,NA,NA
"10a69e758405091b9780a8a802ef544b","Unassigned",NA,NA,NA,NA,NA,NA
"c299f6e035036dc09187e310ed8dc7a6","Unassigned",NA,NA,NA,NA,NA,NA
"1bba4751e655c630f8aaa5844afde008","d__Eukaryota",NA,NA,NA,NA,NA,NA
"948375a59c669d802b2cfebd14c5a317","Unassigned",NA,NA,NA,NA,NA,NA
"9a9c70b5ef332f227af1313e6fa90bf4","d__Eukaryota",NA,NA,NA,NA,NA,NA
"7ef9a60b0e9d9d1e307e0ca843c00a23","Unassigned",NA,NA,NA,NA,NA,NA
"22fb867c6b7b70d006d97deeaf276d9f","d__Bacteria",NA,NA,NA,NA,NA,NA
"c5782e076a7a53a0d1e6b15d4e1865a8","Unassigned",NA,NA,NA,NA,NA,NA
"f3cd83c49be8d1ebe6a2257ea471f059","Unassigned",NA,NA,NA,NA,NA,NA
"278bacc197e95c948e5b1a7f3ff8f85d","Unassigned",NA,NA,NA,NA,NA,NA
"c5ccfc7cebd292571859cd78d358b9df","Unassigned",NA,NA,NA,NA,NA,NA
"26b3e93fb8e983cbc6bcee50d6988cc6","Unassigned",NA,NA,NA,NA,NA,NA
"62299c31194f248c80713cd41f7874d8","Unassigned",NA,NA,NA,NA,NA,NA
"7e883629c2dfd45762e4e815b9d9c92d","Unassigned",NA,NA,NA,NA,NA,NA
"c5cf29676890c25a065ae5986cb90ec6","d__Eukaryota",NA,NA,NA,NA,NA,NA
"8ca7e0afd00e1ca61e41e393a7c6805e","Unassigned",NA,NA,NA,NA,NA,NA
"d5e3f2dfd31bd1f89e67cf164cc6f897","Unassigned",NA,NA,NA,NA,NA,NA
"0f1e1b3ed400cfa72b92069f96cc83dc","Unassigned",NA,NA,NA,NA,NA,NA
"705b903ed8802610669cefbadcddfec0","Unassigned",NA,NA,NA,NA,NA,NA
"bdf55d256bb5e0f644c973b184a0358a","Unassigned",NA,NA,NA,NA,NA,NA
"8dd67218580ddf69fa02f35dfcaafaef","Unassigned",NA,NA,NA,NA,NA,NA
"c56edda7440ceb82a80b0b2e5300eb6a","Unassigned",NA,NA,NA,NA,NA,NA
"2370ebe2a322699d52a925c36cbc6980","Unassigned",NA,NA,NA,NA,NA,NA
"de69c825cde6882929adc38bd71921f9","Unassigned",NA,NA,NA,NA,NA,NA
"24db4985029efa43ad54881a3cacd670","Unassigned",NA,NA,NA,NA,NA,NA
"71af5ac47603987bb669a7213652428e","Unassigned",NA,NA,NA,NA,NA,NA
"26d4433caf4b7e9cb4863600a8bccf21","Unassigned",NA,NA,NA,NA,NA,NA
"d6195796dd9854e67255f387a0b112c1","Unassigned",NA,NA,NA,NA,NA,NA
"37e40f29d9e8703bafca79d260a48e21","Unassigned",NA,NA,NA,NA,NA,NA
"5c3161b03fe4e06a44549e53a0de8d25","Unassigned",NA,NA,NA,NA,NA,NA
"a6f39274df03d5437faa0f941665ec41","Unassigned",NA,NA,NA,NA,NA,NA
"6bb85c7a90ef4c8c1eb71b2f6019b7c8","Unassigned",NA,NA,NA,NA,NA,NA
"2875417059fe233071f37654f1b4c9e2","Unassigned",NA,NA,NA,NA,NA,NA
"3c7890b82c7ed23fbddadc5c15c6244d","Unassigned",NA,NA,NA,NA,NA,NA
"bc85beda2b77481f250686456cc6aa4b","Unassigned",NA,NA,NA,NA,NA,NA
"7d6ab6daf8e00a79af5f306800b8ae20","Unassigned",NA,NA,NA,NA,NA,NA
"cbe566996c3d188a27a7169edf79c11e","Unassigned",NA,NA,NA,NA,NA,NA
"df265ed195ceada72ea90e022d9b169e","Unassigned",NA,NA,NA,NA,NA,NA
"c260b61549caeefe5d2d76ebfc8eea81","Unassigned",NA,NA,NA,NA,NA,NA
"94380021636f751fa9e54691d00b5c7f","d__Eukaryota",NA,NA,NA,NA,NA,NA
"40fb4b1b2d3ae9ffcab15b76c87c0af8","Unassigned",NA,NA,NA,NA,NA,NA
"f91696c7f251d9c63865d4ec43a5b388","Unassigned",NA,NA,NA,NA,NA,NA
"7ef4fb23993434c7106242bc67e28483","Unassigned",NA,NA,NA,NA,NA,NA
"b97786c3c7ce2998b068ce5f5b400441","Unassigned",NA,NA,NA,NA,NA,NA
"be46444df771249598f0241a8e26189f","d__Eukaryota",NA,NA,NA,NA,NA,NA
"7ec4f4a793e5c8f54b552ea98dd4ff18","Unassigned",NA,NA,NA,NA,NA,NA
"9a221889e4ba13def0a35d99c156c470","Unassigned",NA,NA,NA,NA,NA,NA
"2df65640bc1347280710b830ebc7e044","Unassigned",NA,NA,NA,NA,NA,NA
"a56619c48e5ad16f63bbee58a8812e2a","d__Eukaryota",NA,NA,NA,NA,NA,NA
"7e08354ced8431ebc93cbd7a5b3cad94","Unassigned",NA,NA,NA,NA,NA,NA
"bc88b61bc5b343844e78b2ee76bec9a1","Unassigned",NA,NA,NA,NA,NA,NA
"7ba3b543a6eb4c9c9abb3dddfe06a2df","Unassigned",NA,NA,NA,NA,NA,NA
"dc58e4455408b3d7ac1fef1af763c743","Unassigned",NA,NA,NA,NA,NA,NA
"64a81fd3b4436566e027236aaf19d92b","Unassigned",NA,NA,NA,NA,NA,NA
"f6cfe064992870e77d916406da2f3ccd","Unassigned",NA,NA,NA,NA,NA,NA
"d52284d0da425bae5e3ae784f18c241b","Unassigned",NA,NA,NA,NA,NA,NA
"c625055a2388a50f25baab82e51a3dd1","Unassigned",NA,NA,NA,NA,NA,NA
"c2d3081b6174f80d35eee031a0a7f137","d__Eukaryota",NA,NA,NA,NA,NA,NA
"bbda54973c8d9c1caec7316226e2bb38","Unassigned",NA,NA,NA,NA,NA,NA
"2924c56e3dd69c38ee0b42308932da33","d__Eukaryota",NA,NA,NA,NA,NA,NA
"4b0aace6fbdb55f4b502013f7a7004eb","d__Eukaryota",NA,NA,NA,NA,NA,NA
"f86b46553a1d82d36a91a4c849c9aaac","Unassigned",NA,NA,NA,NA,NA,NA
"139cf0333df3d09286e089d50efd7fe9","Unassigned",NA,NA,NA,NA,NA,NA
"ffbe1574f2ef01bd30766c23f2945378","Unassigned",NA,NA,NA,NA,NA,NA
"314e24b9444106ae83154049759ae420","Unassigned",NA,NA,NA,NA,NA,NA
"e66bc055b1cf9809c1a3aa04665f8e1e","Unassigned",NA,NA,NA,NA,NA,NA
"e7d4fd2a70eb984a46874305c5a2657f","d__Eukaryota",NA,NA,NA,NA,NA,NA
"e58c87ad041e9de5e7b85387946b2aa0","Unassigned",NA,NA,NA,NA,NA,NA
"483f7c7c04d50c2a0dcfc2a708620696","Unassigned",NA,NA,NA,NA,NA,NA
"68936c33a13a60ca711941c32deb9660","Unassigned",NA,NA,NA,NA,NA,NA
"58ec19e02ceba08b1cbc4f10e74c1daf","Unassigned",NA,NA,NA,NA,NA,NA
"61056f19b4fd94c18cb29daa1dfbf8dc","Unassigned",NA,NA,NA,NA,NA,NA
"12649cc8d091980771ea150daaaedb18","Unassigned",NA,NA,NA,NA,NA,NA
"4746c460b56a64d2fed4354de009eb46","d__Eukaryota",NA,NA,NA,NA,NA,NA
"878a502c1b94f1c7c6f5d6658ae26f55","d__Eukaryota",NA,NA,NA,NA,NA,NA
"41141ae33c2266f3dea543b779a617f0","d__Eukaryota","Basidiomycota","Agaricomycetes",NA,NA,NA,NA
"9108d0bd73f92a3630fa7e1f9ee03ad1","d__Eukaryota","Gastrotricha","Gastrotricha","Chaetonotida","Chaetonotida","Chaetonotida","uncultured_eukaryote"
"f6e3172812626e00ed949e49ba08a88d","d__Eukaryota",NA,NA,NA,NA,NA,NA
"716dcbb1e51439e2f01a982b93e808de","d__Eukaryota","Gastrotricha","Gastrotricha","Chaetonotida","Chaetonotida","Chaetonotida",NA
